# Blender v2.79 (sub 0) OBJ File: 'Gothic Fence.blend'
# www.blender.org
mtllib Gothic Fence.mtl
o Cube.068_Cube.108
v -1.217753 -0.010356 -13.227610
v -1.217753 6.429644 -13.227610
v -1.217753 -0.010356 -13.907610
v -1.217753 6.429644 -13.907610
v -0.457753 -0.010356 -13.227610
v -0.457753 6.429644 -13.227610
v -0.457753 -0.010356 -13.907610
v -0.457753 6.429644 -13.907610
v -1.308021 6.494964 -13.146843
v -1.308021 6.494964 -13.988377
v -0.367484 6.494964 -13.988377
v -0.367484 6.494964 -13.146843
v -1.308021 6.583341 -13.146843
v -1.308021 6.583341 -13.988377
v -0.367484 6.583341 -13.988377
v -0.367484 6.583341 -13.146843
v -1.219489 6.652049 -13.226056
v -1.219489 6.652049 -13.909163
v -0.456016 6.652049 -13.909163
v -0.456016 6.652049 -13.226056
v -1.035393 6.735628 -13.390774
v -1.035393 6.735628 -13.744446
v -0.640112 6.735628 -13.744446
v -0.640112 6.735628 -13.390774
v -0.936221 6.928965 -13.479506
v -0.936221 6.928965 -13.655713
v -0.739284 6.928965 -13.655713
v -0.739284 6.928965 -13.479506
v -1.121074 7.188838 -13.314112
v -1.121074 7.188838 -13.821108
v -0.554431 7.188838 -13.821108
v -0.554431 7.188838 -13.314112
v -0.864924 7.584490 -13.543299
v -0.864924 7.584490 -13.591921
v -0.810581 7.584490 -13.591921
v -0.810581 7.584490 -13.543299
vt 0.000000 0.000000
vt 1.000000 0.000000
vt 1.000000 1.000000
vt 0.000000 1.000000
vt 0.000000 0.000000
vt 1.000000 0.000000
vt 1.000000 1.000000
vt 0.000000 1.000000
vt 0.000000 0.000000
vt 1.000000 0.000000
vt 1.000000 1.000000
vt 0.000000 1.000000
vt 0.000000 0.000000
vt 1.000000 0.000000
vt 1.000000 1.000000
vt 0.000000 1.000000
vt 1.000000 0.000000
vt 1.000000 1.000000
vt 0.000000 0.000000
vt 1.000000 1.000000
vt 0.000000 1.000000
vt 0.000000 0.000000
vt 1.000000 0.000000
vt 1.000000 1.000000
vt 0.000000 1.000000
vt 0.000000 0.000000
vt 1.000000 1.000000
vt 0.000000 1.000000
vt 0.000000 0.000000
vt 1.000000 1.000000
vt 0.000000 1.000000
vt 0.000000 0.000000
vt 1.000000 1.000000
vt 0.000000 1.000000
vt 0.000000 0.000000
vt 1.000000 0.000000
vt 1.000000 1.000000
vt 0.000000 1.000000
vt 0.000000 0.000000
vt 1.000000 0.000000
vt 1.000000 1.000000
vt 0.000000 1.000000
vt 0.000000 0.000000
vt 1.000000 0.000000
vt 1.000000 1.000000
vt 0.000000 1.000000
vt 0.000000 0.000000
vt 1.000000 0.000000
vt 1.000000 1.000000
vt 0.000000 1.000000
vt 0.000000 0.000000
vt 1.000000 0.000000
vt 1.000000 1.000000
vt 0.000000 1.000000
vt 0.000000 0.000000
vt 1.000000 0.000000
vt 1.000000 1.000000
vt 0.000000 1.000000
vt 0.000000 0.000000
vt 1.000000 0.000000
vt 1.000000 1.000000
vt 0.000000 1.000000
vt 0.000000 0.000000
vt 1.000000 0.000000
vt 1.000000 1.000000
vt 0.000000 1.000000
vt 0.000000 0.000000
vt 1.000000 0.000000
vt 1.000000 1.000000
vt 0.000000 1.000000
vt 0.000000 0.000000
vt 1.000000 0.000000
vt 1.000000 1.000000
vt 0.000000 1.000000
vt 0.000000 0.000000
vt 1.000000 0.000000
vt 1.000000 1.000000
vt 0.000000 1.000000
vt 0.000000 0.000000
vt 1.000000 0.000000
vt 1.000000 1.000000
vt 0.000000 1.000000
vt 0.000000 0.000000
vt 1.000000 0.000000
vt 1.000000 1.000000
vt 0.000000 1.000000
vt 0.000000 0.000000
vt 1.000000 0.000000
vt 1.000000 1.000000
vt 0.000000 1.000000
vt 0.000000 0.000000
vt 1.000000 0.000000
vt 1.000000 1.000000
vt 0.000000 1.000000
vt 0.000000 0.000000
vt 1.000000 0.000000
vt 1.000000 1.000000
vt 0.000000 1.000000
vt 0.000000 0.000000
vt 1.000000 0.000000
vt 1.000000 1.000000
vt 0.000000 1.000000
vt 0.000000 0.000000
vt 1.000000 0.000000
vt 1.000000 1.000000
vt 0.000000 1.000000
vt 0.000000 0.000000
vt 1.000000 0.000000
vt 1.000000 1.000000
vt 0.000000 1.000000
vt 0.000000 0.000000
vt 1.000000 0.000000
vt 1.000000 1.000000
vt 0.000000 1.000000
vt 1.000000 0.000000
vt 0.000000 1.000000
vt 0.000000 0.000000
vt 0.000000 0.000000
vt 1.000000 0.000000
vt 1.000000 1.000000
vt 0.000000 1.000000
vt 0.000000 0.000000
vt 1.000000 0.000000
vt 1.000000 1.000000
vt 0.000000 1.000000
vt 0.000000 0.000000
vt 1.000000 0.000000
vt 1.000000 1.000000
vn -1.0000 0.0000 0.0000
vn 0.0000 0.0000 -1.0000
vn 1.0000 0.0000 0.0000
vn 0.0000 0.0000 1.0000
vn 0.0000 -1.0000 0.0000
vn 0.0000 -0.7775 -0.6288
vn 0.5862 -0.8101 0.0000
vn -0.5862 -0.8101 0.0000
vn 0.0000 -0.7775 0.6288
vn -0.6131 0.7900 0.0000
vn 0.0000 0.8918 0.4525
vn 0.0000 0.7554 0.6552
vn 0.0000 0.7554 -0.6552
vn 0.6131 0.7900 0.0000
vn 0.8898 0.4564 0.0000
vn 0.0000 0.8918 -0.4525
vn 0.4134 0.9106 0.0000
vn -0.4134 0.9106 0.0000
vn 0.0000 -0.5369 0.8436
vn -0.8898 0.4564 0.0000
vn 0.0000 0.4171 0.9089
vn 0.0000 0.4171 -0.9089
vn 0.0000 0.5012 -0.8653
vn 0.0000 -0.5369 -0.8436
vn 0.8149 -0.5796 0.0000
vn -0.8149 -0.5796 0.0000
vn 0.0000 1.0000 0.0000
vn 0.8394 0.5435 0.0000
vn -0.8394 0.5435 0.0000
vn 0.0000 0.5012 0.8653
usemtl Material.001
s off
f 1/1/1 2/2/1 4/3/1 3/4/1
f 3/5/2 4/6/2 8/7/2 7/8/2
f 7/9/3 8/10/3 6/11/3 5/12/3
f 5/13/4 6/14/4 2/15/4 1/16/4
f 3/5/5 7/17/5 5/18/5 1/16/5
f 8/19/6 4/6/6 10/20/6 11/21/6
f 12/22/3 11/23/3 15/24/3 16/25/3
f 6/26/7 8/10/7 11/27/7 12/28/7
f 4/29/8 2/2/8 9/30/8 10/31/8
f 2/32/9 6/14/9 12/33/9 9/34/9
f 14/35/10 13/36/10 17/37/10 18/38/10
f 10/39/1 9/40/1 13/41/1 14/42/1
f 9/43/4 12/44/4 16/45/4 13/46/4
f 11/47/2 10/48/2 14/49/2 15/50/2
f 17/51/11 20/52/11 24/53/11 21/54/11
f 13/55/12 16/56/12 20/57/12 17/58/12
f 15/59/13 14/60/13 18/61/13 19/62/13
f 16/63/14 15/64/14 19/65/14 20/66/14
f 24/67/15 23/68/15 27/69/15 28/70/15
f 19/71/16 18/72/16 22/73/16 23/74/16
f 20/75/17 19/76/17 23/77/17 24/78/17
f 18/79/18 17/80/18 21/81/18 22/82/18
f 25/83/19 28/84/19 32/85/19 29/86/19
f 22/87/20 21/88/20 25/89/20 26/90/20
f 21/91/21 24/92/21 28/93/21 25/94/21
f 23/95/22 22/96/22 26/97/22 27/98/22
f 31/99/23 30/100/23 34/101/23 35/102/23
f 27/103/24 26/104/24 30/105/24 31/106/24
f 28/107/25 27/108/25 31/109/25 32/110/25
f 26/111/26 25/112/26 29/113/26 30/114/26
f 35/115/27 34/101/27 33/116/27 36/117/27
f 32/118/28 31/119/28 35/120/28 36/121/28
f 30/122/29 29/123/29 33/124/29 34/125/29
f 29/126/30 32/127/30 36/128/30 33/116/30
o Cube.067_Cube.107
v -0.829247 1.103071 -4.353853
v -0.829247 0.643071 -4.353853
v -0.829247 1.103071 -13.533854
v -0.829247 0.643071 -13.533854
v -0.649247 1.103071 -4.353853
v -0.649247 0.643071 -4.353853
v -0.649247 1.103071 -13.533854
v -0.649247 0.643071 -13.533854
vt 0.666667 0.333333
vt 0.666667 0.000000
vt 0.333333 0.000000
vt 0.333333 0.333333
vt 0.333333 0.666667
vt 0.333333 0.333333
vt 0.000000 0.333333
vt 0.000000 0.666667
vt 0.333333 0.000000
vt 0.000000 0.000000
vt 0.333333 0.666667
vt 0.666667 0.666667
vt 0.666667 0.333333
vt 0.333333 0.333333
vt 1.000000 0.333333
vt 1.000000 0.000000
vt 0.666667 0.000000
vt 0.666667 0.333333
vt 0.333333 0.666667
vt 0.000000 0.666667
vt 0.000000 1.000000
vt 0.333333 1.000000
vn -1.0000 0.0000 0.0000
vn 0.0000 0.0000 -1.0000
vn 1.0000 0.0000 0.0000
vn 0.0000 0.0000 1.0000
vn 0.0000 1.0000 0.0000
vn 0.0000 -1.0000 0.0000
usemtl Material.001
s off
f 37/129/31 39/130/31 40/131/31 38/132/31
f 39/133/32 43/134/32 44/135/32 40/136/32
f 43/134/33 41/137/33 42/138/33 44/135/33
f 41/139/34 37/140/34 38/141/34 42/142/34
f 39/143/35 37/144/35 41/145/35 43/146/35
f 44/147/36 42/148/36 38/149/36 40/150/36
o Cube.066_Cube.106
v -0.829247 4.057229 -4.353853
v -0.829247 3.597229 -4.353853
v -0.829247 4.057229 -13.533854
v -0.829247 3.597229 -13.533854
v -0.649247 4.057229 -4.353853
v -0.649247 3.597229 -4.353853
v -0.649247 4.057229 -13.533854
v -0.649247 3.597229 -13.533854
vt 0.666667 0.333333
vt 0.666667 0.000000
vt 0.333333 0.000000
vt 0.333333 0.333333
vt 0.333333 0.666667
vt 0.333333 0.333333
vt 0.000000 0.333333
vt 0.000000 0.666667
vt 0.333333 0.000000
vt 0.000000 0.000000
vt 0.333333 0.666667
vt 0.666667 0.666667
vt 0.666667 0.333333
vt 0.333333 0.333333
vt 1.000000 0.333333
vt 1.000000 0.000000
vt 0.666667 0.000000
vt 0.666667 0.333333
vt 0.333333 0.666667
vt 0.000000 0.666667
vt 0.000000 1.000000
vt 0.333333 1.000000
vn -1.0000 0.0000 0.0000
vn 0.0000 0.0000 -1.0000
vn 1.0000 0.0000 0.0000
vn 0.0000 0.0000 1.0000
vn 0.0000 1.0000 0.0000
vn 0.0000 -1.0000 0.0000
usemtl Material.001
s off
f 45/151/37 47/152/37 48/153/37 46/154/37
f 47/155/38 51/156/38 52/157/38 48/158/38
f 51/156/39 49/159/39 50/160/39 52/157/39
f 49/161/40 45/162/40 46/163/40 50/164/40
f 47/165/41 45/166/41 49/167/41 51/168/41
f 52/169/42 50/170/42 46/171/42 48/172/42
o Cube.065_Cube.105
v -1.140839 -0.023862 -5.308207
v -1.140839 5.036138 -5.308207
v -1.140839 -0.023862 -6.128206
v -1.140839 5.036138 -6.128206
v -0.760839 -0.023862 -5.308207
v -0.760839 5.036138 -5.308207
v -0.760839 -0.023862 -6.128206
v -0.760839 5.036138 -6.128206
v -1.026639 5.385188 -5.554638
v -1.026639 5.385188 -5.881775
v -0.875039 5.385188 -5.881775
v -0.875039 5.385188 -5.554638
v -1.026639 5.565935 -5.554638
v -1.026639 5.565935 -5.881775
v -0.875039 5.565935 -5.881775
v -0.875039 5.565935 -5.554638
v -1.093521 5.910302 -5.410314
v -1.093521 5.910302 -6.026099
v -0.808157 5.910302 -6.026099
v -0.808157 5.910302 -5.410314
v -0.994057 6.144935 -5.624948
v -0.994057 6.144935 -5.811465
v -0.907621 6.144935 -5.811465
v -0.907621 6.144935 -5.624948
vt 0.000000 0.000000
vt 1.000000 0.000000
vt 1.000000 1.000000
vt 0.000000 1.000000
vt 0.000000 0.000000
vt 1.000000 0.000000
vt 1.000000 1.000000
vt 0.000000 1.000000
vt 0.000000 0.000000
vt 1.000000 0.000000
vt 1.000000 1.000000
vt 0.000000 1.000000
vt 0.000000 0.000000
vt 1.000000 0.000000
vt 1.000000 1.000000
vt 0.000000 1.000000
vt 1.000000 0.000000
vt 1.000000 1.000000
vt 0.000000 0.000000
vt 1.000000 1.000000
vt 0.000000 1.000000
vt 0.000000 0.000000
vt 1.000000 0.000000
vt 1.000000 1.000000
vt 0.000000 1.000000
vt 0.000000 0.000000
vt 1.000000 1.000000
vt 0.000000 1.000000
vt 0.000000 0.000000
vt 1.000000 1.000000
vt 0.000000 1.000000
vt 0.000000 0.000000
vt 1.000000 1.000000
vt 0.000000 1.000000
vt 0.000000 0.000000
vt 1.000000 0.000000
vt 1.000000 1.000000
vt 0.000000 1.000000
vt 0.000000 0.000000
vt 1.000000 0.000000
vt 1.000000 1.000000
vt 0.000000 1.000000
vt 0.000000 0.000000
vt 1.000000 0.000000
vt 1.000000 1.000000
vt 0.000000 1.000000
vt 0.000000 0.000000
vt 1.000000 0.000000
vt 1.000000 1.000000
vt 0.000000 1.000000
vt 0.000000 0.000000
vt 1.000000 0.000000
vt 1.000000 1.000000
vt 0.000000 1.000000
vt 0.000000 0.000000
vt 1.000000 0.000000
vt 1.000000 1.000000
vt 0.000000 1.000000
vt 0.000000 0.000000
vt 1.000000 0.000000
vt 1.000000 1.000000
vt 0.000000 1.000000
vt 0.000000 0.000000
vt 1.000000 0.000000
vt 1.000000 1.000000
vt 0.000000 1.000000
vt 1.000000 0.000000
vt 1.000000 1.000000
vt 0.000000 1.000000
vt 0.000000 0.000000
vt 0.000000 0.000000
vt 1.000000 0.000000
vt 1.000000 1.000000
vt 0.000000 0.000000
vt 1.000000 0.000000
vt 0.000000 1.000000
vt 0.000000 0.000000
vt 1.000000 0.000000
vt 1.000000 1.000000
vt 0.000000 1.000000
vn -1.0000 0.0000 0.0000
vn 0.0000 0.0000 -1.0000
vn 1.0000 0.0000 0.0000
vn 0.0000 0.0000 1.0000
vn 0.0000 -1.0000 0.0000
vn -0.9504 0.3110 0.0000
vn 0.0000 0.5767 0.8169
vn 0.0000 0.5767 -0.8169
vn 0.9504 0.3110 0.0000
vn 0.9817 -0.1907 0.0000
vn -0.9207 0.3903 0.0000
vn -0.9817 -0.1907 0.0000
vn 0.0000 -0.3865 0.9223
vn 0.0000 -0.3865 -0.9223
vn 0.0000 1.0000 0.0000
vn 0.0000 0.6750 0.7379
vn 0.0000 0.6750 -0.7379
vn 0.9207 0.3903 0.0000
usemtl Material.001
s off
f 53/173/43 54/174/43 56/175/43 55/176/43
f 55/177/44 56/178/44 60/179/44 59/180/44
f 59/181/45 60/182/45 58/183/45 57/184/45
f 57/185/46 58/186/46 54/187/46 53/188/46
f 55/177/47 59/189/47 57/190/47 53/188/47
f 56/191/48 54/174/48 61/192/48 62/193/48
f 61/194/46 64/195/46 68/196/46 65/197/46
f 54/198/49 58/186/49 64/199/49 61/200/49
f 60/201/50 56/178/50 62/202/50 63/203/50
f 58/204/51 60/182/51 63/205/51 64/206/51
f 68/207/52 67/208/52 71/209/52 72/210/52
f 63/211/44 62/212/44 66/213/44 67/214/44
f 64/215/45 63/216/45 67/217/45 68/218/45
f 62/219/43 61/220/43 65/221/43 66/222/43
f 70/223/53 69/224/53 73/225/53 74/226/53
f 66/227/54 65/228/54 69/229/54 70/230/54
f 65/231/55 68/232/55 72/233/55 69/234/55
f 67/235/56 66/236/56 70/237/56 71/238/56
f 75/239/57 74/240/57 73/241/57 76/242/57
f 69/243/58 72/244/58 76/245/58 73/241/58
f 71/246/59 70/247/59 74/240/59 75/248/59
f 72/249/60 71/250/60 75/251/60 76/252/60
o Cube.064_Cube.104
v -1.140839 -0.023862 -6.956497
v -1.140839 5.036138 -6.956497
v -1.140839 -0.023862 -7.776497
v -1.140839 5.036138 -7.776497
v -0.760839 -0.023862 -6.956497
v -0.760839 5.036138 -6.956497
v -0.760839 -0.023862 -7.776497
v -0.760839 5.036138 -7.776497
v -1.026639 5.385188 -7.202929
v -1.026639 5.385188 -7.530066
v -0.875039 5.385188 -7.530066
v -0.875039 5.385188 -7.202929
v -1.026639 5.565935 -7.202929
v -1.026639 5.565935 -7.530066
v -0.875039 5.565935 -7.530066
v -0.875039 5.565935 -7.202929
v -1.093521 5.910302 -7.058604
v -1.093521 5.910302 -7.674390
v -0.808157 5.910302 -7.674390
v -0.808157 5.910302 -7.058604
v -0.994057 6.144935 -7.273238
v -0.994057 6.144935 -7.459756
v -0.907621 6.144935 -7.459756
v -0.907621 6.144935 -7.273238
vt 0.000000 0.000000
vt 1.000000 0.000000
vt 1.000000 1.000000
vt 0.000000 1.000000
vt 0.000000 0.000000
vt 1.000000 0.000000
vt 1.000000 1.000000
vt 0.000000 1.000000
vt 0.000000 0.000000
vt 1.000000 0.000000
vt 1.000000 1.000000
vt 0.000000 1.000000
vt 0.000000 0.000000
vt 1.000000 0.000000
vt 1.000000 1.000000
vt 0.000000 1.000000
vt 1.000000 0.000000
vt 1.000000 1.000000
vt 0.000000 0.000000
vt 1.000000 1.000000
vt 0.000000 1.000000
vt 0.000000 0.000000
vt 1.000000 0.000000
vt 1.000000 1.000000
vt 0.000000 1.000000
vt 0.000000 0.000000
vt 1.000000 1.000000
vt 0.000000 1.000000
vt 0.000000 0.000000
vt 1.000000 1.000000
vt 0.000000 1.000000
vt 0.000000 0.000000
vt 1.000000 1.000000
vt 0.000000 1.000000
vt 0.000000 0.000000
vt 1.000000 0.000000
vt 1.000000 1.000000
vt 0.000000 1.000000
vt 0.000000 0.000000
vt 1.000000 0.000000
vt 1.000000 1.000000
vt 0.000000 1.000000
vt 0.000000 0.000000
vt 1.000000 0.000000
vt 1.000000 1.000000
vt 0.000000 1.000000
vt 0.000000 0.000000
vt 1.000000 0.000000
vt 1.000000 1.000000
vt 0.000000 1.000000
vt 0.000000 0.000000
vt 1.000000 0.000000
vt 1.000000 1.000000
vt 0.000000 1.000000
vt 0.000000 0.000000
vt 1.000000 0.000000
vt 1.000000 1.000000
vt 0.000000 1.000000
vt 0.000000 0.000000
vt 1.000000 0.000000
vt 1.000000 1.000000
vt 0.000000 1.000000
vt 0.000000 0.000000
vt 1.000000 0.000000
vt 1.000000 1.000000
vt 0.000000 1.000000
vt 1.000000 0.000000
vt 1.000000 1.000000
vt 0.000000 1.000000
vt 0.000000 0.000000
vt 0.000000 0.000000
vt 1.000000 0.000000
vt 1.000000 1.000000
vt 0.000000 0.000000
vt 1.000000 0.000000
vt 0.000000 1.000000
vt 0.000000 0.000000
vt 1.000000 0.000000
vt 1.000000 1.000000
vt 0.000000 1.000000
vn -1.0000 0.0000 0.0000
vn 0.0000 0.0000 -1.0000
vn 1.0000 0.0000 0.0000
vn 0.0000 0.0000 1.0000
vn 0.0000 -1.0000 0.0000
vn -0.9504 0.3110 0.0000
vn 0.0000 0.5767 0.8169
vn 0.0000 0.5767 -0.8169
vn 0.9504 0.3110 0.0000
vn 0.9817 -0.1907 0.0000
vn -0.9207 0.3903 0.0000
vn -0.9817 -0.1907 0.0000
vn 0.0000 -0.3865 0.9223
vn 0.0000 -0.3865 -0.9223
vn 0.0000 1.0000 0.0000
vn 0.0000 0.6750 0.7379
vn 0.0000 0.6750 -0.7379
vn 0.9207 0.3903 0.0000
usemtl Material.001
s off
f 77/253/61 78/254/61 80/255/61 79/256/61
f 79/257/62 80/258/62 84/259/62 83/260/62
f 83/261/63 84/262/63 82/263/63 81/264/63
f 81/265/64 82/266/64 78/267/64 77/268/64
f 79/257/65 83/269/65 81/270/65 77/268/65
f 80/271/66 78/254/66 85/272/66 86/273/66
f 85/274/64 88/275/64 92/276/64 89/277/64
f 78/278/67 82/266/67 88/279/67 85/280/67
f 84/281/68 80/258/68 86/282/68 87/283/68
f 82/284/69 84/262/69 87/285/69 88/286/69
f 92/287/70 91/288/70 95/289/70 96/290/70
f 87/291/62 86/292/62 90/293/62 91/294/62
f 88/295/63 87/296/63 91/297/63 92/298/63
f 86/299/61 85/300/61 89/301/61 90/302/61
f 94/303/71 93/304/71 97/305/71 98/306/71
f 90/307/72 89/308/72 93/309/72 94/310/72
f 89/311/73 92/312/73 96/313/73 93/314/73
f 91/315/74 90/316/74 94/317/74 95/318/74
f 99/319/75 98/320/75 97/321/75 100/322/75
f 93/323/76 96/324/76 100/325/76 97/321/76
f 95/326/77 94/327/77 98/320/77 99/328/77
f 96/329/78 95/330/78 99/331/78 100/332/78
o Cube.063_Cube.103
v -1.140839 -0.023862 -8.617105
v -1.140839 5.036138 -8.617105
v -1.140839 -0.023862 -9.437105
v -1.140839 5.036138 -9.437105
v -0.760839 -0.023862 -8.617105
v -0.760839 5.036138 -8.617105
v -0.760839 -0.023862 -9.437105
v -0.760839 5.036138 -9.437105
v -1.026639 5.385188 -8.863537
v -1.026639 5.385188 -9.190674
v -0.875039 5.385188 -9.190674
v -0.875039 5.385188 -8.863537
v -1.026639 5.565935 -8.863537
v -1.026639 5.565935 -9.190674
v -0.875039 5.565935 -9.190674
v -0.875039 5.565935 -8.863537
v -1.093521 5.910302 -8.719213
v -1.093521 5.910302 -9.334998
v -0.808157 5.910302 -9.334998
v -0.808157 5.910302 -8.719213
v -0.994057 6.144935 -8.933846
v -0.994057 6.144935 -9.120364
v -0.907621 6.144935 -9.120364
v -0.907621 6.144935 -8.933846
vt 0.000000 0.000000
vt 1.000000 0.000000
vt 1.000000 1.000000
vt 0.000000 1.000000
vt 0.000000 0.000000
vt 1.000000 0.000000
vt 1.000000 1.000000
vt 0.000000 1.000000
vt 0.000000 0.000000
vt 1.000000 0.000000
vt 1.000000 1.000000
vt 0.000000 1.000000
vt 0.000000 0.000000
vt 1.000000 0.000000
vt 1.000000 1.000000
vt 0.000000 1.000000
vt 1.000000 0.000000
vt 1.000000 1.000000
vt 0.000000 0.000000
vt 1.000000 1.000000
vt 0.000000 1.000000
vt 0.000000 0.000000
vt 1.000000 0.000000
vt 1.000000 1.000000
vt 0.000000 1.000000
vt 0.000000 0.000000
vt 1.000000 1.000000
vt 0.000000 1.000000
vt 0.000000 0.000000
vt 1.000000 1.000000
vt 0.000000 1.000000
vt 0.000000 0.000000
vt 1.000000 1.000000
vt 0.000000 1.000000
vt 0.000000 0.000000
vt 1.000000 0.000000
vt 1.000000 1.000000
vt 0.000000 1.000000
vt 0.000000 0.000000
vt 1.000000 0.000000
vt 1.000000 1.000000
vt 0.000000 1.000000
vt 0.000000 0.000000
vt 1.000000 0.000000
vt 1.000000 1.000000
vt 0.000000 1.000000
vt 0.000000 0.000000
vt 1.000000 0.000000
vt 1.000000 1.000000
vt 0.000000 1.000000
vt 0.000000 0.000000
vt 1.000000 0.000000
vt 1.000000 1.000000
vt 0.000000 1.000000
vt 0.000000 0.000000
vt 1.000000 0.000000
vt 1.000000 1.000000
vt 0.000000 1.000000
vt 0.000000 0.000000
vt 1.000000 0.000000
vt 1.000000 1.000000
vt 0.000000 1.000000
vt 0.000000 0.000000
vt 1.000000 0.000000
vt 1.000000 1.000000
vt 0.000000 1.000000
vt 1.000000 0.000000
vt 1.000000 1.000000
vt 0.000000 1.000000
vt 0.000000 0.000000
vt 0.000000 0.000000
vt 1.000000 0.000000
vt 1.000000 1.000000
vt 0.000000 0.000000
vt 1.000000 0.000000
vt 0.000000 1.000000
vt 0.000000 0.000000
vt 1.000000 0.000000
vt 1.000000 1.000000
vt 0.000000 1.000000
vn -1.0000 0.0000 0.0000
vn 0.0000 0.0000 -1.0000
vn 1.0000 0.0000 0.0000
vn 0.0000 0.0000 1.0000
vn 0.0000 -1.0000 0.0000
vn -0.9504 0.3110 0.0000
vn 0.0000 0.5767 0.8169
vn 0.0000 0.5767 -0.8169
vn 0.9504 0.3110 0.0000
vn 0.9817 -0.1907 0.0000
vn -0.9207 0.3903 0.0000
vn -0.9817 -0.1907 0.0000
vn 0.0000 -0.3865 0.9223
vn 0.0000 -0.3865 -0.9223
vn 0.0000 1.0000 0.0000
vn 0.0000 0.6750 0.7379
vn 0.0000 0.6750 -0.7379
vn 0.9207 0.3903 0.0000
usemtl Material.001
s off
f 101/333/79 102/334/79 104/335/79 103/336/79
f 103/337/80 104/338/80 108/339/80 107/340/80
f 107/341/81 108/342/81 106/343/81 105/344/81
f 105/345/82 106/346/82 102/347/82 101/348/82
f 103/337/83 107/349/83 105/350/83 101/348/83
f 104/351/84 102/334/84 109/352/84 110/353/84
f 109/354/82 112/355/82 116/356/82 113/357/82
f 102/358/85 106/346/85 112/359/85 109/360/85
f 108/361/86 104/338/86 110/362/86 111/363/86
f 106/364/87 108/342/87 111/365/87 112/366/87
f 116/367/88 115/368/88 119/369/88 120/370/88
f 111/371/80 110/372/80 114/373/80 115/374/80
f 112/375/81 111/376/81 115/377/81 116/378/81
f 110/379/79 109/380/79 113/381/79 114/382/79
f 118/383/89 117/384/89 121/385/89 122/386/89
f 114/387/90 113/388/90 117/389/90 118/390/90
f 113/391/91 116/392/91 120/393/91 117/394/91
f 115/395/92 114/396/92 118/397/92 119/398/92
f 123/399/93 122/400/93 121/401/93 124/402/93
f 117/403/94 120/404/94 124/405/94 121/401/94
f 119/406/95 118/407/95 122/400/95 123/408/95
f 120/409/96 119/410/96 123/411/96 124/412/96
o Cube.062_Cube.102
v -1.140839 -0.023862 -10.258921
v -1.140839 5.036138 -10.258921
v -1.140839 -0.023862 -11.078920
v -1.140839 5.036138 -11.078920
v -0.760839 -0.023862 -10.258921
v -0.760839 5.036138 -10.258921
v -0.760839 -0.023862 -11.078920
v -0.760839 5.036138 -11.078920
v -1.026639 5.385188 -10.505352
v -1.026639 5.385188 -10.832489
v -0.875039 5.385188 -10.832489
v -0.875039 5.385188 -10.505352
v -1.026639 5.565935 -10.505352
v -1.026639 5.565935 -10.832489
v -0.875039 5.565935 -10.832489
v -0.875039 5.565935 -10.505352
v -1.093521 5.910302 -10.361028
v -1.093521 5.910302 -10.976813
v -0.808157 5.910302 -10.976813
v -0.808157 5.910302 -10.361028
v -0.994057 6.144935 -10.575662
v -0.994057 6.144935 -10.762179
v -0.907621 6.144935 -10.762179
v -0.907621 6.144935 -10.575662
vt 0.000000 0.000000
vt 1.000000 0.000000
vt 1.000000 1.000000
vt 0.000000 1.000000
vt 0.000000 0.000000
vt 1.000000 0.000000
vt 1.000000 1.000000
vt 0.000000 1.000000
vt 0.000000 0.000000
vt 1.000000 0.000000
vt 1.000000 1.000000
vt 0.000000 1.000000
vt 0.000000 0.000000
vt 1.000000 0.000000
vt 1.000000 1.000000
vt 0.000000 1.000000
vt 1.000000 0.000000
vt 1.000000 1.000000
vt 0.000000 0.000000
vt 1.000000 1.000000
vt 0.000000 1.000000
vt 0.000000 0.000000
vt 1.000000 0.000000
vt 1.000000 1.000000
vt 0.000000 1.000000
vt 0.000000 0.000000
vt 1.000000 1.000000
vt 0.000000 1.000000
vt 0.000000 0.000000
vt 1.000000 1.000000
vt 0.000000 1.000000
vt 0.000000 0.000000
vt 1.000000 1.000000
vt 0.000000 1.000000
vt 0.000000 0.000000
vt 1.000000 0.000000
vt 1.000000 1.000000
vt 0.000000 1.000000
vt 0.000000 0.000000
vt 1.000000 0.000000
vt 1.000000 1.000000
vt 0.000000 1.000000
vt 0.000000 0.000000
vt 1.000000 0.000000
vt 1.000000 1.000000
vt 0.000000 1.000000
vt 0.000000 0.000000
vt 1.000000 0.000000
vt 1.000000 1.000000
vt 0.000000 1.000000
vt 0.000000 0.000000
vt 1.000000 0.000000
vt 1.000000 1.000000
vt 0.000000 1.000000
vt 0.000000 0.000000
vt 1.000000 0.000000
vt 1.000000 1.000000
vt 0.000000 1.000000
vt 0.000000 0.000000
vt 1.000000 0.000000
vt 1.000000 1.000000
vt 0.000000 1.000000
vt 0.000000 0.000000
vt 1.000000 0.000000
vt 1.000000 1.000000
vt 0.000000 1.000000
vt 1.000000 0.000000
vt 1.000000 1.000000
vt 0.000000 1.000000
vt 0.000000 0.000000
vt 0.000000 0.000000
vt 1.000000 0.000000
vt 1.000000 1.000000
vt 0.000000 0.000000
vt 1.000000 0.000000
vt 0.000000 1.000000
vt 0.000000 0.000000
vt 1.000000 0.000000
vt 1.000000 1.000000
vt 0.000000 1.000000
vn -1.0000 0.0000 0.0000
vn 0.0000 0.0000 -1.0000
vn 1.0000 0.0000 0.0000
vn 0.0000 0.0000 1.0000
vn 0.0000 -1.0000 0.0000
vn -0.9504 0.3110 0.0000
vn 0.0000 0.5767 0.8169
vn 0.0000 0.5767 -0.8169
vn 0.9504 0.3110 0.0000
vn 0.9817 -0.1907 0.0000
vn -0.9207 0.3903 0.0000
vn -0.9817 -0.1907 0.0000
vn 0.0000 -0.3865 0.9223
vn 0.0000 -0.3865 -0.9223
vn 0.0000 1.0000 0.0000
vn 0.0000 0.6750 0.7379
vn 0.0000 0.6750 -0.7379
vn 0.9207 0.3903 0.0000
usemtl Material.001
s off
f 125/413/97 126/414/97 128/415/97 127/416/97
f 127/417/98 128/418/98 132/419/98 131/420/98
f 131/421/99 132/422/99 130/423/99 129/424/99
f 129/425/100 130/426/100 126/427/100 125/428/100
f 127/417/101 131/429/101 129/430/101 125/428/101
f 128/431/102 126/414/102 133/432/102 134/433/102
f 133/434/100 136/435/100 140/436/100 137/437/100
f 126/438/103 130/426/103 136/439/103 133/440/103
f 132/441/104 128/418/104 134/442/104 135/443/104
f 130/444/105 132/422/105 135/445/105 136/446/105
f 140/447/106 139/448/106 143/449/106 144/450/106
f 135/451/98 134/452/98 138/453/98 139/454/98
f 136/455/99 135/456/99 139/457/99 140/458/99
f 134/459/97 133/460/97 137/461/97 138/462/97
f 142/463/107 141/464/107 145/465/107 146/466/107
f 138/467/108 137/468/108 141/469/108 142/470/108
f 137/471/109 140/472/109 144/473/109 141/474/109
f 139/475/110 138/476/110 142/477/110 143/478/110
f 147/479/111 146/480/111 145/481/111 148/482/111
f 141/483/112 144/484/112 148/485/112 145/481/112
f 143/486/113 142/487/113 146/480/113 147/488/113
f 144/489/114 143/490/114 147/491/114 148/492/114
o Cube.060_Cube.101
v -1.140839 -0.023862 -11.876925
v -1.140839 5.036138 -11.876925
v -1.140839 -0.023862 -12.696924
v -1.140839 5.036138 -12.696924
v -0.760839 -0.023862 -11.876925
v -0.760839 5.036138 -11.876925
v -0.760839 -0.023862 -12.696924
v -0.760839 5.036138 -12.696924
v -1.026639 5.385188 -12.123356
v -1.026639 5.385188 -12.450493
v -0.875039 5.385188 -12.450493
v -0.875039 5.385188 -12.123356
v -1.026639 5.565935 -12.123356
v -1.026639 5.565935 -12.450493
v -0.875039 5.565935 -12.450493
v -0.875039 5.565935 -12.123356
v -1.093521 5.910302 -11.979032
v -1.093521 5.910302 -12.594817
v -0.808157 5.910302 -12.594817
v -0.808157 5.910302 -11.979032
v -0.994057 6.144935 -12.193666
v -0.994057 6.144935 -12.380183
v -0.907621 6.144935 -12.380183
v -0.907621 6.144935 -12.193666
vt 0.000000 0.000000
vt 1.000000 0.000000
vt 1.000000 1.000000
vt 0.000000 1.000000
vt 0.000000 0.000000
vt 1.000000 0.000000
vt 1.000000 1.000000
vt 0.000000 1.000000
vt 0.000000 0.000000
vt 1.000000 0.000000
vt 1.000000 1.000000
vt 0.000000 1.000000
vt 0.000000 0.000000
vt 1.000000 0.000000
vt 1.000000 1.000000
vt 0.000000 1.000000
vt 1.000000 0.000000
vt 1.000000 1.000000
vt 0.000000 0.000000
vt 1.000000 1.000000
vt 0.000000 1.000000
vt 0.000000 0.000000
vt 1.000000 0.000000
vt 1.000000 1.000000
vt 0.000000 1.000000
vt 0.000000 0.000000
vt 1.000000 1.000000
vt 0.000000 1.000000
vt 0.000000 0.000000
vt 1.000000 1.000000
vt 0.000000 1.000000
vt 0.000000 0.000000
vt 1.000000 1.000000
vt 0.000000 1.000000
vt 0.000000 0.000000
vt 1.000000 0.000000
vt 1.000000 1.000000
vt 0.000000 1.000000
vt 0.000000 0.000000
vt 1.000000 0.000000
vt 1.000000 1.000000
vt 0.000000 1.000000
vt 0.000000 0.000000
vt 1.000000 0.000000
vt 1.000000 1.000000
vt 0.000000 1.000000
vt 0.000000 0.000000
vt 1.000000 0.000000
vt 1.000000 1.000000
vt 0.000000 1.000000
vt 0.000000 0.000000
vt 1.000000 0.000000
vt 1.000000 1.000000
vt 0.000000 1.000000
vt 0.000000 0.000000
vt 1.000000 0.000000
vt 1.000000 1.000000
vt 0.000000 1.000000
vt 0.000000 0.000000
vt 1.000000 0.000000
vt 1.000000 1.000000
vt 0.000000 1.000000
vt 0.000000 0.000000
vt 1.000000 0.000000
vt 1.000000 1.000000
vt 0.000000 1.000000
vt 1.000000 0.000000
vt 1.000000 1.000000
vt 0.000000 1.000000
vt 0.000000 0.000000
vt 0.000000 0.000000
vt 1.000000 0.000000
vt 1.000000 1.000000
vt 0.000000 0.000000
vt 1.000000 0.000000
vt 0.000000 1.000000
vt 0.000000 0.000000
vt 1.000000 0.000000
vt 1.000000 1.000000
vt 0.000000 1.000000
vn -1.0000 0.0000 0.0000
vn 0.0000 0.0000 -1.0000
vn 1.0000 0.0000 0.0000
vn 0.0000 0.0000 1.0000
vn 0.0000 -1.0000 0.0000
vn -0.9504 0.3110 0.0000
vn 0.0000 0.5767 0.8169
vn 0.0000 0.5767 -0.8169
vn 0.9504 0.3110 0.0000
vn 0.9817 -0.1907 0.0000
vn -0.9207 0.3903 0.0000
vn -0.9817 -0.1907 0.0000
vn 0.0000 -0.3865 0.9223
vn 0.0000 -0.3865 -0.9223
vn 0.0000 1.0000 0.0000
vn 0.0000 0.6750 0.7379
vn 0.0000 0.6750 -0.7379
vn 0.9207 0.3903 0.0000
usemtl Material.001
s off
f 149/493/115 150/494/115 152/495/115 151/496/115
f 151/497/116 152/498/116 156/499/116 155/500/116
f 155/501/117 156/502/117 154/503/117 153/504/117
f 153/505/118 154/506/118 150/507/118 149/508/118
f 151/497/119 155/509/119 153/510/119 149/508/119
f 152/511/120 150/494/120 157/512/120 158/513/120
f 157/514/118 160/515/118 164/516/118 161/517/118
f 150/518/121 154/506/121 160/519/121 157/520/121
f 156/521/122 152/498/122 158/522/122 159/523/122
f 154/524/123 156/502/123 159/525/123 160/526/123
f 164/527/124 163/528/124 167/529/124 168/530/124
f 159/531/116 158/532/116 162/533/116 163/534/116
f 160/535/117 159/536/117 163/537/117 164/538/117
f 158/539/115 157/540/115 161/541/115 162/542/115
f 166/543/125 165/544/125 169/545/125 170/546/125
f 162/547/126 161/548/126 165/549/126 166/550/126
f 161/551/127 164/552/127 168/553/127 165/554/127
f 163/555/128 162/556/128 166/557/128 167/558/128
f 171/559/129 170/560/129 169/561/129 172/562/129
f 165/563/130 168/564/130 172/565/130 169/561/130
f 167/566/131 166/567/131 170/560/131 171/568/131
f 168/569/132 167/570/132 171/571/132 172/572/132
o Cube.059_Cube.100
v -1.140839 -0.023862 -2.493200
v -1.140839 5.036138 -2.493200
v -1.140839 -0.023862 -3.313200
v -1.140839 5.036138 -3.313200
v -0.760839 -0.023862 -2.493200
v -0.760839 5.036138 -2.493200
v -0.760839 -0.023862 -3.313200
v -0.760839 5.036138 -3.313200
v -1.026639 5.385188 -2.739632
v -1.026639 5.385188 -3.066769
v -0.875039 5.385188 -3.066769
v -0.875039 5.385188 -2.739632
v -1.026639 5.565935 -2.739632
v -1.026639 5.565935 -3.066769
v -0.875039 5.565935 -3.066769
v -0.875039 5.565935 -2.739632
v -1.093521 5.910302 -2.595308
v -1.093521 5.910302 -3.211093
v -0.808157 5.910302 -3.211093
v -0.808157 5.910302 -2.595308
v -0.994057 6.144935 -2.809941
v -0.994057 6.144935 -2.996459
v -0.907621 6.144935 -2.996459
v -0.907621 6.144935 -2.809941
vt 0.000000 0.000000
vt 1.000000 0.000000
vt 1.000000 1.000000
vt 0.000000 1.000000
vt 0.000000 0.000000
vt 1.000000 0.000000
vt 1.000000 1.000000
vt 0.000000 1.000000
vt 0.000000 0.000000
vt 1.000000 0.000000
vt 1.000000 1.000000
vt 0.000000 1.000000
vt 0.000000 0.000000
vt 1.000000 0.000000
vt 1.000000 1.000000
vt 0.000000 1.000000
vt 1.000000 0.000000
vt 1.000000 1.000000
vt 0.000000 0.000000
vt 1.000000 1.000000
vt 0.000000 1.000000
vt 0.000000 0.000000
vt 1.000000 0.000000
vt 1.000000 1.000000
vt 0.000000 1.000000
vt 0.000000 0.000000
vt 1.000000 1.000000
vt 0.000000 1.000000
vt 0.000000 0.000000
vt 1.000000 1.000000
vt 0.000000 1.000000
vt 0.000000 0.000000
vt 1.000000 1.000000
vt 0.000000 1.000000
vt 0.000000 0.000000
vt 1.000000 0.000000
vt 1.000000 1.000000
vt 0.000000 1.000000
vt 0.000000 0.000000
vt 1.000000 0.000000
vt 1.000000 1.000000
vt 0.000000 1.000000
vt 0.000000 0.000000
vt 1.000000 0.000000
vt 1.000000 1.000000
vt 0.000000 1.000000
vt 0.000000 0.000000
vt 1.000000 0.000000
vt 1.000000 1.000000
vt 0.000000 1.000000
vt 0.000000 0.000000
vt 1.000000 0.000000
vt 1.000000 1.000000
vt 0.000000 1.000000
vt 0.000000 0.000000
vt 1.000000 0.000000
vt 1.000000 1.000000
vt 0.000000 1.000000
vt 0.000000 0.000000
vt 1.000000 0.000000
vt 1.000000 1.000000
vt 0.000000 1.000000
vt 0.000000 0.000000
vt 1.000000 0.000000
vt 1.000000 1.000000
vt 0.000000 1.000000
vt 1.000000 0.000000
vt 1.000000 1.000000
vt 0.000000 1.000000
vt 0.000000 0.000000
vt 0.000000 0.000000
vt 1.000000 0.000000
vt 1.000000 1.000000
vt 0.000000 0.000000
vt 1.000000 0.000000
vt 0.000000 1.000000
vt 0.000000 0.000000
vt 1.000000 0.000000
vt 1.000000 1.000000
vt 0.000000 1.000000
vn -1.0000 0.0000 0.0000
vn 0.0000 0.0000 -1.0000
vn 1.0000 0.0000 0.0000
vn 0.0000 0.0000 1.0000
vn 0.0000 -1.0000 0.0000
vn -0.9504 0.3110 0.0000
vn 0.0000 0.5767 0.8169
vn 0.0000 0.5767 -0.8169
vn 0.9504 0.3110 0.0000
vn 0.9817 -0.1907 0.0000
vn -0.9207 0.3903 0.0000
vn -0.9817 -0.1907 0.0000
vn 0.0000 -0.3865 0.9223
vn 0.0000 -0.3865 -0.9223
vn 0.0000 1.0000 0.0000
vn 0.0000 0.6750 0.7379
vn 0.0000 0.6750 -0.7379
vn 0.9207 0.3903 0.0000
usemtl Material.001
s off
f 173/573/133 174/574/133 176/575/133 175/576/133
f 175/577/134 176/578/134 180/579/134 179/580/134
f 179/581/135 180/582/135 178/583/135 177/584/135
f 177/585/136 178/586/136 174/587/136 173/588/136
f 175/577/137 179/589/137 177/590/137 173/588/137
f 176/591/138 174/574/138 181/592/138 182/593/138
f 181/594/136 184/595/136 188/596/136 185/597/136
f 174/598/139 178/586/139 184/599/139 181/600/139
f 180/601/140 176/578/140 182/602/140 183/603/140
f 178/604/141 180/582/141 183/605/141 184/606/141
f 188/607/142 187/608/142 191/609/142 192/610/142
f 183/611/134 182/612/134 186/613/134 187/614/134
f 184/615/135 183/616/135 187/617/135 188/618/135
f 182/619/133 181/620/133 185/621/133 186/622/133
f 190/623/143 189/624/143 193/625/143 194/626/143
f 186/627/144 185/628/144 189/629/144 190/630/144
f 185/631/145 188/632/145 192/633/145 189/634/145
f 187/635/146 186/636/146 190/637/146 191/638/146
f 195/639/147 194/640/147 193/641/147 196/642/147
f 189/643/148 192/644/148 196/645/148 193/641/148
f 191/646/149 190/647/149 194/640/149 195/648/149
f 192/649/150 191/650/150 195/651/150 196/652/150
o Cube.058_Cube.099
v -1.140839 -0.023862 -0.875196
v -1.140839 5.036138 -0.875196
v -1.140839 -0.023862 -1.695196
v -1.140839 5.036138 -1.695196
v -0.760839 -0.023862 -0.875196
v -0.760839 5.036138 -0.875196
v -0.760839 -0.023862 -1.695196
v -0.760839 5.036138 -1.695196
v -1.026639 5.385188 -1.121628
v -1.026639 5.385188 -1.448765
v -0.875039 5.385188 -1.448765
v -0.875039 5.385188 -1.121628
v -1.026639 5.565935 -1.121628
v -1.026639 5.565935 -1.448765
v -0.875039 5.565935 -1.448765
v -0.875039 5.565935 -1.121628
v -1.093521 5.910302 -0.977304
v -1.093521 5.910302 -1.593089
v -0.808157 5.910302 -1.593089
v -0.808157 5.910302 -0.977304
v -0.994057 6.144935 -1.191937
v -0.994057 6.144935 -1.378455
v -0.907621 6.144935 -1.378455
v -0.907621 6.144935 -1.191937
vt 0.000000 0.000000
vt 1.000000 0.000000
vt 1.000000 1.000000
vt 0.000000 1.000000
vt 0.000000 0.000000
vt 1.000000 0.000000
vt 1.000000 1.000000
vt 0.000000 1.000000
vt 0.000000 0.000000
vt 1.000000 0.000000
vt 1.000000 1.000000
vt 0.000000 1.000000
vt 0.000000 0.000000
vt 1.000000 0.000000
vt 1.000000 1.000000
vt 0.000000 1.000000
vt 1.000000 0.000000
vt 1.000000 1.000000
vt 0.000000 0.000000
vt 1.000000 1.000000
vt 0.000000 1.000000
vt 0.000000 0.000000
vt 1.000000 0.000000
vt 1.000000 1.000000
vt 0.000000 1.000000
vt 0.000000 0.000000
vt 1.000000 1.000000
vt 0.000000 1.000000
vt 0.000000 0.000000
vt 1.000000 1.000000
vt 0.000000 1.000000
vt 0.000000 0.000000
vt 1.000000 1.000000
vt 0.000000 1.000000
vt 0.000000 0.000000
vt 1.000000 0.000000
vt 1.000000 1.000000
vt 0.000000 1.000000
vt 0.000000 0.000000
vt 1.000000 0.000000
vt 1.000000 1.000000
vt 0.000000 1.000000
vt 0.000000 0.000000
vt 1.000000 0.000000
vt 1.000000 1.000000
vt 0.000000 1.000000
vt 0.000000 0.000000
vt 1.000000 0.000000
vt 1.000000 1.000000
vt 0.000000 1.000000
vt 0.000000 0.000000
vt 1.000000 0.000000
vt 1.000000 1.000000
vt 0.000000 1.000000
vt 0.000000 0.000000
vt 1.000000 0.000000
vt 1.000000 1.000000
vt 0.000000 1.000000
vt 0.000000 0.000000
vt 1.000000 0.000000
vt 1.000000 1.000000
vt 0.000000 1.000000
vt 0.000000 0.000000
vt 1.000000 0.000000
vt 1.000000 1.000000
vt 0.000000 1.000000
vt 1.000000 0.000000
vt 1.000000 1.000000
vt 0.000000 1.000000
vt 0.000000 0.000000
vt 0.000000 0.000000
vt 1.000000 0.000000
vt 1.000000 1.000000
vt 0.000000 0.000000
vt 1.000000 0.000000
vt 0.000000 1.000000
vt 0.000000 0.000000
vt 1.000000 0.000000
vt 1.000000 1.000000
vt 0.000000 1.000000
vn -1.0000 0.0000 0.0000
vn 0.0000 0.0000 -1.0000
vn 1.0000 0.0000 0.0000
vn 0.0000 0.0000 1.0000
vn 0.0000 -1.0000 0.0000
vn -0.9504 0.3110 0.0000
vn 0.0000 0.5768 0.8169
vn 0.0000 0.5768 -0.8169
vn 0.9504 0.3110 0.0000
vn 0.9817 -0.1907 0.0000
vn -0.9207 0.3903 0.0000
vn -0.9817 -0.1907 0.0000
vn 0.0000 -0.3865 0.9223
vn 0.0000 -0.3865 -0.9223
vn 0.0000 1.0000 0.0000
vn 0.0000 0.6750 0.7379
vn 0.0000 0.6750 -0.7379
vn 0.9207 0.3903 0.0000
usemtl Material.001
s off
f 197/653/151 198/654/151 200/655/151 199/656/151
f 199/657/152 200/658/152 204/659/152 203/660/152
f 203/661/153 204/662/153 202/663/153 201/664/153
f 201/665/154 202/666/154 198/667/154 197/668/154
f 199/657/155 203/669/155 201/670/155 197/668/155
f 200/671/156 198/654/156 205/672/156 206/673/156
f 205/674/154 208/675/154 212/676/154 209/677/154
f 198/678/157 202/666/157 208/679/157 205/680/157
f 204/681/158 200/658/158 206/682/158 207/683/158
f 202/684/159 204/662/159 207/685/159 208/686/159
f 212/687/160 211/688/160 215/689/160 216/690/160
f 207/691/152 206/692/152 210/693/152 211/694/152
f 208/695/153 207/696/153 211/697/153 212/698/153
f 206/699/151 205/700/151 209/701/151 210/702/151
f 214/703/161 213/704/161 217/705/161 218/706/161
f 210/707/162 209/708/162 213/709/162 214/710/162
f 209/711/163 212/712/163 216/713/163 213/714/163
f 211/715/164 210/716/164 214/717/164 215/718/164
f 219/719/165 218/720/165 217/721/165 220/722/165
f 213/723/166 216/724/166 220/725/166 217/721/166
f 215/726/167 214/727/167 218/720/167 219/728/167
f 216/729/168 215/730/168 219/731/168 220/732/168
o Cube.057_Cube.098
v -1.140839 -0.023862 0.766619
v -1.140839 5.036138 0.766619
v -1.140839 -0.023862 -0.053381
v -1.140839 5.036138 -0.053381
v -0.760839 -0.023862 0.766619
v -0.760839 5.036138 0.766619
v -0.760839 -0.023862 -0.053381
v -0.760839 5.036138 -0.053381
v -1.026639 5.385188 0.520187
v -1.026639 5.385188 0.193050
v -0.875039 5.385188 0.193050
v -0.875039 5.385188 0.520187
v -1.026639 5.565935 0.520187
v -1.026639 5.565935 0.193050
v -0.875039 5.565935 0.193050
v -0.875039 5.565935 0.520187
v -1.093521 5.910302 0.664511
v -1.093521 5.910302 0.048726
v -0.808157 5.910302 0.048726
v -0.808157 5.910302 0.664511
v -0.994057 6.144935 0.449878
v -0.994057 6.144935 0.263360
v -0.907621 6.144935 0.263360
v -0.907621 6.144935 0.449878
vt 0.000000 0.000000
vt 1.000000 0.000000
vt 1.000000 1.000000
vt 0.000000 1.000000
vt 0.000000 0.000000
vt 1.000000 0.000000
vt 1.000000 1.000000
vt 0.000000 1.000000
vt 0.000000 0.000000
vt 1.000000 0.000000
vt 1.000000 1.000000
vt 0.000000 1.000000
vt 0.000000 0.000000
vt 1.000000 0.000000
vt 1.000000 1.000000
vt 0.000000 1.000000
vt 1.000000 0.000000
vt 1.000000 1.000000
vt 0.000000 0.000000
vt 1.000000 1.000000
vt 0.000000 1.000000
vt 0.000000 0.000000
vt 1.000000 0.000000
vt 1.000000 1.000000
vt 0.000000 1.000000
vt 0.000000 0.000000
vt 1.000000 1.000000
vt 0.000000 1.000000
vt 0.000000 0.000000
vt 1.000000 1.000000
vt 0.000000 1.000000
vt 0.000000 0.000000
vt 1.000000 1.000000
vt 0.000000 1.000000
vt 0.000000 0.000000
vt 1.000000 0.000000
vt 1.000000 1.000000
vt 0.000000 1.000000
vt 0.000000 0.000000
vt 1.000000 0.000000
vt 1.000000 1.000000
vt 0.000000 1.000000
vt 0.000000 0.000000
vt 1.000000 0.000000
vt 1.000000 1.000000
vt 0.000000 1.000000
vt 0.000000 0.000000
vt 1.000000 0.000000
vt 1.000000 1.000000
vt 0.000000 1.000000
vt 0.000000 0.000000
vt 1.000000 0.000000
vt 1.000000 1.000000
vt 0.000000 1.000000
vt 0.000000 0.000000
vt 1.000000 0.000000
vt 1.000000 1.000000
vt 0.000000 1.000000
vt 0.000000 0.000000
vt 1.000000 0.000000
vt 1.000000 1.000000
vt 0.000000 1.000000
vt 0.000000 0.000000
vt 1.000000 0.000000
vt 1.000000 1.000000
vt 0.000000 1.000000
vt 1.000000 0.000000
vt 1.000000 1.000000
vt 0.000000 1.000000
vt 0.000000 0.000000
vt 0.000000 0.000000
vt 1.000000 0.000000
vt 1.000000 1.000000
vt 0.000000 0.000000
vt 1.000000 0.000000
vt 0.000000 1.000000
vt 0.000000 0.000000
vt 1.000000 0.000000
vt 1.000000 1.000000
vt 0.000000 1.000000
vn -1.0000 0.0000 0.0000
vn 0.0000 0.0000 -1.0000
vn 1.0000 0.0000 0.0000
vn 0.0000 0.0000 1.0000
vn 0.0000 -1.0000 0.0000
vn -0.9504 0.3110 0.0000
vn 0.0000 0.5767 0.8169
vn 0.0000 0.5768 -0.8169
vn 0.9504 0.3110 0.0000
vn 0.9817 -0.1907 0.0000
vn -0.9207 0.3903 0.0000
vn -0.9817 -0.1907 0.0000
vn 0.0000 -0.3865 0.9223
vn 0.0000 -0.3865 -0.9223
vn 0.0000 1.0000 0.0000
vn 0.0000 0.6750 0.7379
vn 0.0000 0.6750 -0.7379
vn 0.9207 0.3903 0.0000
usemtl Material.001
s off
f 221/733/169 222/734/169 224/735/169 223/736/169
f 223/737/170 224/738/170 228/739/170 227/740/170
f 227/741/171 228/742/171 226/743/171 225/744/171
f 225/745/172 226/746/172 222/747/172 221/748/172
f 223/737/173 227/749/173 225/750/173 221/748/173
f 224/751/174 222/734/174 229/752/174 230/753/174
f 229/754/172 232/755/172 236/756/172 233/757/172
f 222/758/175 226/746/175 232/759/175 229/760/175
f 228/761/176 224/738/176 230/762/176 231/763/176
f 226/764/177 228/742/177 231/765/177 232/766/177
f 236/767/178 235/768/178 239/769/178 240/770/178
f 231/771/170 230/772/170 234/773/170 235/774/170
f 232/775/171 231/776/171 235/777/171 236/778/171
f 230/779/169 229/780/169 233/781/169 234/782/169
f 238/783/179 237/784/179 241/785/179 242/786/179
f 234/787/180 233/788/180 237/789/180 238/790/180
f 233/791/181 236/792/181 240/793/181 237/794/181
f 235/795/182 234/796/182 238/797/182 239/798/182
f 243/799/183 242/800/183 241/801/183 244/802/183
f 237/803/184 240/804/184 244/805/184 241/801/184
f 239/806/185 238/807/185 242/800/185 243/808/185
f 240/809/186 239/810/186 243/811/186 244/812/186
o Cube.056_Cube.097
v -1.140839 -0.023862 2.427227
v -1.140839 5.036138 2.427227
v -1.140839 -0.023862 1.607227
v -1.140839 5.036138 1.607227
v -0.760839 -0.023862 2.427227
v -0.760839 5.036138 2.427227
v -0.760839 -0.023862 1.607227
v -0.760839 5.036138 1.607227
v -1.026639 5.385188 2.180796
v -1.026639 5.385188 1.853659
v -0.875039 5.385188 1.853659
v -0.875039 5.385188 2.180796
v -1.026639 5.565935 2.180796
v -1.026639 5.565935 1.853659
v -0.875039 5.565935 1.853659
v -0.875039 5.565935 2.180796
v -1.093521 5.910302 2.325120
v -1.093521 5.910302 1.709335
v -0.808157 5.910302 1.709335
v -0.808157 5.910302 2.325120
v -0.994057 6.144935 2.110486
v -0.994057 6.144935 1.923968
v -0.907621 6.144935 1.923968
v -0.907621 6.144935 2.110486
vt 0.000000 0.000000
vt 1.000000 0.000000
vt 1.000000 1.000000
vt 0.000000 1.000000
vt 0.000000 0.000000
vt 1.000000 0.000000
vt 1.000000 1.000000
vt 0.000000 1.000000
vt 0.000000 0.000000
vt 1.000000 0.000000
vt 1.000000 1.000000
vt 0.000000 1.000000
vt 0.000000 0.000000
vt 1.000000 0.000000
vt 1.000000 1.000000
vt 0.000000 1.000000
vt 1.000000 0.000000
vt 1.000000 1.000000
vt 0.000000 0.000000
vt 1.000000 1.000000
vt 0.000000 1.000000
vt 0.000000 0.000000
vt 1.000000 0.000000
vt 1.000000 1.000000
vt 0.000000 1.000000
vt 0.000000 0.000000
vt 1.000000 1.000000
vt 0.000000 1.000000
vt 0.000000 0.000000
vt 1.000000 1.000000
vt 0.000000 1.000000
vt 0.000000 0.000000
vt 1.000000 1.000000
vt 0.000000 1.000000
vt 0.000000 0.000000
vt 1.000000 0.000000
vt 1.000000 1.000000
vt 0.000000 1.000000
vt 0.000000 0.000000
vt 1.000000 0.000000
vt 1.000000 1.000000
vt 0.000000 1.000000
vt 0.000000 0.000000
vt 1.000000 0.000000
vt 1.000000 1.000000
vt 0.000000 1.000000
vt 0.000000 0.000000
vt 1.000000 0.000000
vt 1.000000 1.000000
vt 0.000000 1.000000
vt 0.000000 0.000000
vt 1.000000 0.000000
vt 1.000000 1.000000
vt 0.000000 1.000000
vt 0.000000 0.000000
vt 1.000000 0.000000
vt 1.000000 1.000000
vt 0.000000 1.000000
vt 0.000000 0.000000
vt 1.000000 0.000000
vt 1.000000 1.000000
vt 0.000000 1.000000
vt 0.000000 0.000000
vt 1.000000 0.000000
vt 1.000000 1.000000
vt 0.000000 1.000000
vt 1.000000 0.000000
vt 1.000000 1.000000
vt 0.000000 1.000000
vt 0.000000 0.000000
vt 0.000000 0.000000
vt 1.000000 0.000000
vt 1.000000 1.000000
vt 0.000000 0.000000
vt 1.000000 0.000000
vt 0.000000 1.000000
vt 0.000000 0.000000
vt 1.000000 0.000000
vt 1.000000 1.000000
vt 0.000000 1.000000
vn -1.0000 0.0000 0.0000
vn 0.0000 0.0000 -1.0000
vn 1.0000 0.0000 0.0000
vn 0.0000 0.0000 1.0000
vn 0.0000 -1.0000 0.0000
vn -0.9504 0.3110 0.0000
vn 0.0000 0.5767 0.8169
vn 0.0000 0.5768 -0.8169
vn 0.9504 0.3110 0.0000
vn 0.9817 -0.1907 0.0000
vn -0.9207 0.3903 0.0000
vn -0.9817 -0.1907 0.0000
vn 0.0000 -0.3865 0.9223
vn 0.0000 -0.3865 -0.9223
vn 0.0000 1.0000 0.0000
vn 0.0000 0.6750 0.7379
vn 0.0000 0.6750 -0.7379
vn 0.9207 0.3903 0.0000
usemtl Material.001
s off
f 245/813/187 246/814/187 248/815/187 247/816/187
f 247/817/188 248/818/188 252/819/188 251/820/188
f 251/821/189 252/822/189 250/823/189 249/824/189
f 249/825/190 250/826/190 246/827/190 245/828/190
f 247/817/191 251/829/191 249/830/191 245/828/191
f 248/831/192 246/814/192 253/832/192 254/833/192
f 253/834/190 256/835/190 260/836/190 257/837/190
f 246/838/193 250/826/193 256/839/193 253/840/193
f 252/841/194 248/818/194 254/842/194 255/843/194
f 250/844/195 252/822/195 255/845/195 256/846/195
f 260/847/196 259/848/196 263/849/196 264/850/196
f 255/851/188 254/852/188 258/853/188 259/854/188
f 256/855/189 255/856/189 259/857/189 260/858/189
f 254/859/187 253/860/187 257/861/187 258/862/187
f 262/863/197 261/864/197 265/865/197 266/866/197
f 258/867/198 257/868/198 261/869/198 262/870/198
f 257/871/199 260/872/199 264/873/199 261/874/199
f 259/875/200 258/876/200 262/877/200 263/878/200
f 267/879/201 266/880/201 265/881/201 268/882/201
f 261/883/202 264/884/202 268/885/202 265/881/202
f 263/886/203 262/887/203 266/880/203 267/888/203
f 264/889/204 263/890/204 267/891/204 268/892/204
o Cube.055_Cube.096
v -1.140839 -0.023862 4.075518
v -1.140839 5.036138 4.075518
v -1.140839 -0.023862 3.255518
v -1.140839 5.036138 3.255518
v -0.760839 -0.023862 4.075518
v -0.760839 5.036138 4.075518
v -0.760839 -0.023862 3.255518
v -0.760839 5.036138 3.255518
v -1.026639 5.385188 3.829086
v -1.026639 5.385188 3.501949
v -0.875039 5.385188 3.501949
v -0.875039 5.385188 3.829086
v -1.026639 5.565935 3.829086
v -1.026639 5.565935 3.501949
v -0.875039 5.565935 3.501949
v -0.875039 5.565935 3.829086
v -1.093521 5.910302 3.973410
v -1.093521 5.910302 3.357625
v -0.808157 5.910302 3.357625
v -0.808157 5.910302 3.973410
v -0.994057 6.144935 3.758777
v -0.994057 6.144935 3.572259
v -0.907621 6.144935 3.572259
v -0.907621 6.144935 3.758777
vt 0.000000 0.000000
vt 1.000000 0.000000
vt 1.000000 1.000000
vt 0.000000 1.000000
vt 0.000000 0.000000
vt 1.000000 0.000000
vt 1.000000 1.000000
vt 0.000000 1.000000
vt 0.000000 0.000000
vt 1.000000 0.000000
vt 1.000000 1.000000
vt 0.000000 1.000000
vt 0.000000 0.000000
vt 1.000000 0.000000
vt 1.000000 1.000000
vt 0.000000 1.000000
vt 1.000000 0.000000
vt 1.000000 1.000000
vt 0.000000 0.000000
vt 1.000000 1.000000
vt 0.000000 1.000000
vt 0.000000 0.000000
vt 1.000000 0.000000
vt 1.000000 1.000000
vt 0.000000 1.000000
vt 0.000000 0.000000
vt 1.000000 1.000000
vt 0.000000 1.000000
vt 0.000000 0.000000
vt 1.000000 1.000000
vt 0.000000 1.000000
vt 0.000000 0.000000
vt 1.000000 1.000000
vt 0.000000 1.000000
vt 0.000000 0.000000
vt 1.000000 0.000000
vt 1.000000 1.000000
vt 0.000000 1.000000
vt 0.000000 0.000000
vt 1.000000 0.000000
vt 1.000000 1.000000
vt 0.000000 1.000000
vt 0.000000 0.000000
vt 1.000000 0.000000
vt 1.000000 1.000000
vt 0.000000 1.000000
vt 0.000000 0.000000
vt 1.000000 0.000000
vt 1.000000 1.000000
vt 0.000000 1.000000
vt 0.000000 0.000000
vt 1.000000 0.000000
vt 1.000000 1.000000
vt 0.000000 1.000000
vt 0.000000 0.000000
vt 1.000000 0.000000
vt 1.000000 1.000000
vt 0.000000 1.000000
vt 0.000000 0.000000
vt 1.000000 0.000000
vt 1.000000 1.000000
vt 0.000000 1.000000
vt 0.000000 0.000000
vt 1.000000 0.000000
vt 1.000000 1.000000
vt 0.000000 1.000000
vt 1.000000 0.000000
vt 1.000000 1.000000
vt 0.000000 1.000000
vt 0.000000 0.000000
vt 0.000000 0.000000
vt 1.000000 0.000000
vt 1.000000 1.000000
vt 0.000000 0.000000
vt 1.000000 0.000000
vt 0.000000 1.000000
vt 0.000000 0.000000
vt 1.000000 0.000000
vt 1.000000 1.000000
vt 0.000000 1.000000
vn -1.0000 0.0000 0.0000
vn 0.0000 0.0000 -1.0000
vn 1.0000 0.0000 0.0000
vn 0.0000 0.0000 1.0000
vn 0.0000 -1.0000 0.0000
vn -0.9504 0.3110 0.0000
vn 0.0000 0.5767 0.8169
vn 0.0000 0.5767 -0.8169
vn 0.9504 0.3110 0.0000
vn 0.9817 -0.1907 0.0000
vn -0.9207 0.3903 0.0000
vn -0.9817 -0.1907 0.0000
vn 0.0000 -0.3865 0.9223
vn 0.0000 -0.3865 -0.9223
vn 0.0000 1.0000 0.0000
vn 0.0000 0.6750 0.7379
vn 0.0000 0.6750 -0.7379
vn 0.9207 0.3903 0.0000
usemtl Material.001
s off
f 269/893/205 270/894/205 272/895/205 271/896/205
f 271/897/206 272/898/206 276/899/206 275/900/206
f 275/901/207 276/902/207 274/903/207 273/904/207
f 273/905/208 274/906/208 270/907/208 269/908/208
f 271/897/209 275/909/209 273/910/209 269/908/209
f 272/911/210 270/894/210 277/912/210 278/913/210
f 277/914/208 280/915/208 284/916/208 281/917/208
f 270/918/211 274/906/211 280/919/211 277/920/211
f 276/921/212 272/898/212 278/922/212 279/923/212
f 274/924/213 276/902/213 279/925/213 280/926/213
f 284/927/214 283/928/214 287/929/214 288/930/214
f 279/931/206 278/932/206 282/933/206 283/934/206
f 280/935/207 279/936/207 283/937/207 284/938/207
f 278/939/205 277/940/205 281/941/205 282/942/205
f 286/943/215 285/944/215 289/945/215 290/946/215
f 282/947/216 281/948/216 285/949/216 286/950/216
f 281/951/217 284/952/217 288/953/217 285/954/217
f 283/955/218 282/956/218 286/957/218 287/958/218
f 291/959/219 290/960/219 289/961/219 292/962/219
f 285/963/220 288/964/220 292/965/220 289/961/220
f 287/966/221 286/967/221 290/960/221 291/968/221
f 288/969/222 287/970/222 291/971/222 292/972/222
o Cube.054_Cube.095
v -0.829247 4.057229 5.029871
v -0.829247 3.597229 5.029871
v -0.829247 4.057229 -4.150129
v -0.829247 3.597229 -4.150129
v -0.649247 4.057229 5.029871
v -0.649247 3.597229 5.029871
v -0.649247 4.057229 -4.150129
v -0.649247 3.597229 -4.150129
vt 0.666667 0.333333
vt 0.666667 0.000000
vt 0.333333 0.000000
vt 0.333333 0.333333
vt 0.333333 0.666667
vt 0.333333 0.333333
vt 0.000000 0.333333
vt 0.000000 0.666667
vt 0.333333 0.000000
vt 0.000000 0.000000
vt 0.333333 0.666667
vt 0.666667 0.666667
vt 0.666667 0.333333
vt 0.333333 0.333333
vt 1.000000 0.333333
vt 1.000000 0.000000
vt 0.666667 0.000000
vt 0.666667 0.333333
vt 0.333333 0.666667
vt 0.000000 0.666667
vt 0.000000 1.000000
vt 0.333333 1.000000
vn -1.0000 0.0000 0.0000
vn 0.0000 0.0000 -1.0000
vn 1.0000 0.0000 0.0000
vn 0.0000 0.0000 1.0000
vn 0.0000 1.0000 0.0000
vn 0.0000 -1.0000 0.0000
usemtl Material.001
s off
f 293/973/223 295/974/223 296/975/223 294/976/223
f 295/977/224 299/978/224 300/979/224 296/980/224
f 299/978/225 297/981/225 298/982/225 300/979/225
f 297/983/226 293/984/226 294/985/226 298/986/226
f 295/987/227 293/988/227 297/989/227 299/990/227
f 300/991/228 298/992/228 294/993/228 296/994/228
o Cube.053_Cube.094
v -0.829247 1.103071 5.029871
v -0.829247 0.643071 5.029871
v -0.829247 1.103071 -4.150129
v -0.829247 0.643071 -4.150129
v -0.649247 1.103071 5.029871
v -0.649247 0.643071 5.029871
v -0.649247 1.103071 -4.150129
v -0.649247 0.643071 -4.150129
vt 0.666667 0.333333
vt 0.666667 0.000000
vt 0.333333 0.000000
vt 0.333333 0.333333
vt 0.333333 0.666667
vt 0.333333 0.333333
vt 0.000000 0.333333
vt 0.000000 0.666667
vt 0.333333 0.000000
vt 0.000000 0.000000
vt 0.333333 0.666667
vt 0.666667 0.666667
vt 0.666667 0.333333
vt 0.333333 0.333333
vt 1.000000 0.333333
vt 1.000000 0.000000
vt 0.666667 0.000000
vt 0.666667 0.333333
vt 0.333333 0.666667
vt 0.000000 0.666667
vt 0.000000 1.000000
vt 0.333333 1.000000
vn -1.0000 0.0000 0.0000
vn 0.0000 0.0000 -1.0000
vn 1.0000 0.0000 0.0000
vn 0.0000 0.0000 1.0000
vn 0.0000 1.0000 0.0000
vn 0.0000 -1.0000 0.0000
usemtl Material.001
s off
f 301/995/229 303/996/229 304/997/229 302/998/229
f 303/999/230 307/1000/230 308/1001/230 304/1002/230
f 307/1000/231 305/1003/231 306/1004/231 308/1001/231
f 305/1005/232 301/1006/232 302/1007/232 306/1008/232
f 303/1009/233 301/1010/233 305/1011/233 307/1012/233
f 308/1013/234 306/1014/234 302/1015/234 304/1016/234
o Cube.045_Cube.093
v -1.217753 -0.010356 -3.843885
v -1.217753 6.429644 -3.843885
v -1.217753 -0.010356 -4.523886
v -1.217753 6.429644 -4.523886
v -0.457753 -0.010356 -3.843885
v -0.457753 6.429644 -3.843885
v -0.457753 -0.010356 -4.523886
v -0.457753 6.429644 -4.523886
v -1.308021 6.494964 -3.763119
v -1.308021 6.494964 -4.604652
v -0.367484 6.494964 -4.604652
v -0.367484 6.494964 -3.763119
v -1.308021 6.583341 -3.763119
v -1.308021 6.583341 -4.604652
v -0.367484 6.583341 -4.604652
v -0.367484 6.583341 -3.763119
v -1.219489 6.652049 -3.842332
v -1.219489 6.652049 -4.525439
v -0.456016 6.652049 -4.525439
v -0.456016 6.652049 -3.842332
v -1.035393 6.735628 -4.007050
v -1.035393 6.735628 -4.360722
v -0.640112 6.735628 -4.360722
v -0.640112 6.735628 -4.007050
v -0.936221 6.928965 -4.095782
v -0.936221 6.928965 -4.271989
v -0.739284 6.928965 -4.271989
v -0.739284 6.928965 -4.095782
v -1.121074 7.188838 -3.930388
v -1.121074 7.188838 -4.437384
v -0.554431 7.188838 -4.437384
v -0.554431 7.188838 -3.930388
v -0.864924 7.584490 -4.159575
v -0.864924 7.584490 -4.208197
v -0.810581 7.584490 -4.208197
v -0.810581 7.584490 -4.159575
vt 0.000000 0.000000
vt 1.000000 0.000000
vt 1.000000 1.000000
vt 0.000000 1.000000
vt 0.000000 0.000000
vt 1.000000 0.000000
vt 1.000000 1.000000
vt 0.000000 1.000000
vt 0.000000 0.000000
vt 1.000000 0.000000
vt 1.000000 1.000000
vt 0.000000 1.000000
vt 0.000000 0.000000
vt 1.000000 0.000000
vt 1.000000 1.000000
vt 0.000000 1.000000
vt 1.000000 0.000000
vt 1.000000 1.000000
vt 0.000000 0.000000
vt 1.000000 1.000000
vt 0.000000 1.000000
vt 0.000000 0.000000
vt 1.000000 0.000000
vt 1.000000 1.000000
vt 0.000000 1.000000
vt 0.000000 0.000000
vt 1.000000 1.000000
vt 0.000000 1.000000
vt 0.000000 0.000000
vt 1.000000 1.000000
vt 0.000000 1.000000
vt 0.000000 0.000000
vt 1.000000 1.000000
vt 0.000000 1.000000
vt 0.000000 0.000000
vt 1.000000 0.000000
vt 1.000000 1.000000
vt 0.000000 1.000000
vt 0.000000 0.000000
vt 1.000000 0.000000
vt 1.000000 1.000000
vt 0.000000 1.000000
vt 0.000000 0.000000
vt 1.000000 0.000000
vt 1.000000 1.000000
vt 0.000000 1.000000
vt 0.000000 0.000000
vt 1.000000 0.000000
vt 1.000000 1.000000
vt 0.000000 1.000000
vt 0.000000 0.000000
vt 1.000000 0.000000
vt 1.000000 1.000000
vt 0.000000 1.000000
vt 0.000000 0.000000
vt 1.000000 0.000000
vt 1.000000 1.000000
vt 0.000000 1.000000
vt 0.000000 0.000000
vt 1.000000 0.000000
vt 1.000000 1.000000
vt 0.000000 1.000000
vt 0.000000 0.000000
vt 1.000000 0.000000
vt 1.000000 1.000000
vt 0.000000 1.000000
vt 0.000000 0.000000
vt 1.000000 0.000000
vt 1.000000 1.000000
vt 0.000000 1.000000
vt 0.000000 0.000000
vt 1.000000 0.000000
vt 1.000000 1.000000
vt 0.000000 1.000000
vt 0.000000 0.000000
vt 1.000000 0.000000
vt 1.000000 1.000000
vt 0.000000 1.000000
vt 0.000000 0.000000
vt 1.000000 0.000000
vt 1.000000 1.000000
vt 0.000000 1.000000
vt 0.000000 0.000000
vt 1.000000 0.000000
vt 1.000000 1.000000
vt 0.000000 1.000000
vt 0.000000 0.000000
vt 1.000000 0.000000
vt 1.000000 1.000000
vt 0.000000 1.000000
vt 0.000000 0.000000
vt 1.000000 0.000000
vt 1.000000 1.000000
vt 0.000000 1.000000
vt 0.000000 0.000000
vt 1.000000 0.000000
vt 1.000000 1.000000
vt 0.000000 1.000000
vt 0.000000 0.000000
vt 1.000000 0.000000
vt 1.000000 1.000000
vt 0.000000 1.000000
vt 0.000000 0.000000
vt 1.000000 0.000000
vt 1.000000 1.000000
vt 0.000000 1.000000
vt 0.000000 0.000000
vt 1.000000 0.000000
vt 1.000000 1.000000
vt 0.000000 1.000000
vt 0.000000 0.000000
vt 1.000000 0.000000
vt 1.000000 1.000000
vt 0.000000 1.000000
vt 1.000000 0.000000
vt 0.000000 1.000000
vt 0.000000 0.000000
vt 0.000000 0.000000
vt 1.000000 0.000000
vt 1.000000 1.000000
vt 0.000000 1.000000
vt 0.000000 0.000000
vt 1.000000 0.000000
vt 1.000000 1.000000
vt 0.000000 1.000000
vt 0.000000 0.000000
vt 1.000000 0.000000
vt 1.000000 1.000000
vn -1.0000 0.0000 0.0000
vn 0.0000 0.0000 -1.0000
vn 1.0000 0.0000 0.0000
vn 0.0000 0.0000 1.0000
vn 0.0000 -1.0000 0.0000
vn 0.0000 -0.7775 -0.6288
vn 0.5862 -0.8101 0.0000
vn -0.5862 -0.8101 0.0000
vn 0.0000 -0.7775 0.6288
vn -0.6131 0.7900 0.0000
vn 0.0000 0.8918 0.4525
vn 0.0000 0.7554 0.6552
vn 0.0000 0.7554 -0.6552
vn 0.6131 0.7900 0.0000
vn 0.8898 0.4564 0.0000
vn 0.0000 0.8918 -0.4525
vn 0.4134 0.9106 0.0000
vn -0.4134 0.9106 0.0000
vn 0.0000 -0.5369 0.8436
vn -0.8898 0.4564 0.0000
vn 0.0000 0.4171 0.9089
vn 0.0000 0.4171 -0.9089
vn 0.0000 0.5012 -0.8653
vn 0.0000 -0.5369 -0.8436
vn 0.8149 -0.5796 0.0000
vn -0.8149 -0.5796 0.0000
vn 0.0000 1.0000 0.0000
vn 0.8394 0.5435 0.0000
vn -0.8394 0.5435 0.0000
vn 0.0000 0.5012 0.8653
usemtl Material.001
s off
f 309/1017/235 310/1018/235 312/1019/235 311/1020/235
f 311/1021/236 312/1022/236 316/1023/236 315/1024/236
f 315/1025/237 316/1026/237 314/1027/237 313/1028/237
f 313/1029/238 314/1030/238 310/1031/238 309/1032/238
f 311/1021/239 315/1033/239 313/1034/239 309/1032/239
f 316/1035/240 312/1022/240 318/1036/240 319/1037/240
f 320/1038/237 319/1039/237 323/1040/237 324/1041/237
f 314/1042/241 316/1026/241 319/1043/241 320/1044/241
f 312/1045/242 310/1018/242 317/1046/242 318/1047/242
f 310/1048/243 314/1030/243 320/1049/243 317/1050/243
f 322/1051/244 321/1052/244 325/1053/244 326/1054/244
f 318/1055/235 317/1056/235 321/1057/235 322/1058/235
f 317/1059/238 320/1060/238 324/1061/238 321/1062/238
f 319/1063/236 318/1064/236 322/1065/236 323/1066/236
f 325/1067/245 328/1068/245 332/1069/245 329/1070/245
f 321/1071/246 324/1072/246 328/1073/246 325/1074/246
f 323/1075/247 322/1076/247 326/1077/247 327/1078/247
f 324/1079/248 323/1080/248 327/1081/248 328/1082/248
f 332/1083/249 331/1084/249 335/1085/249 336/1086/249
f 327/1087/250 326/1088/250 330/1089/250 331/1090/250
f 328/1091/251 327/1092/251 331/1093/251 332/1094/251
f 326/1095/252 325/1096/252 329/1097/252 330/1098/252
f 333/1099/253 336/1100/253 340/1101/253 337/1102/253
f 330/1103/254 329/1104/254 333/1105/254 334/1106/254
f 329/1107/255 332/1108/255 336/1109/255 333/1110/255
f 331/1111/256 330/1112/256 334/1113/256 335/1114/256
f 339/1115/257 338/1116/257 342/1117/257 343/1118/257
f 335/1119/258 334/1120/258 338/1121/258 339/1122/258
f 336/1123/259 335/1124/259 339/1125/259 340/1126/259
f 334/1127/260 333/1128/260 337/1129/260 338/1130/260
f 343/1131/261 342/1117/261 341/1132/261 344/1133/261
f 340/1134/262 339/1135/262 343/1136/262 344/1137/262
f 338/1138/263 337/1139/263 341/1140/263 342/1141/263
f 337/1142/264 340/1143/264 344/1144/264 341/1132/264
o Cube.023_Cube.092
v -1.217753 -0.010356 5.491914
v -1.217753 6.429644 5.491914
v -1.217753 -0.010356 4.811913
v -1.217753 6.429644 4.811913
v -0.457753 -0.010356 5.491914
v -0.457753 6.429644 5.491914
v -0.457753 -0.010356 4.811913
v -0.457753 6.429644 4.811913
v -1.308021 6.494964 5.572680
v -1.308021 6.494964 4.731147
v -0.367484 6.494964 4.731147
v -0.367484 6.494964 5.572680
v -1.308021 6.583341 5.572680
v -1.308021 6.583341 4.731147
v -0.367484 6.583341 4.731147
v -0.367484 6.583341 5.572680
v -1.219489 6.652049 5.493467
v -1.219489 6.652049 4.810360
v -0.456016 6.652049 4.810360
v -0.456016 6.652049 5.493467
v -1.035393 6.735628 5.328750
v -1.035393 6.735628 4.975078
v -0.640112 6.735628 4.975078
v -0.640112 6.735628 5.328750
v -0.936221 6.928965 5.240017
v -0.936221 6.928965 5.063810
v -0.739284 6.928965 5.063810
v -0.739284 6.928965 5.240017
v -1.121074 7.188838 5.405412
v -1.121074 7.188838 4.898416
v -0.554431 7.188838 4.898416
v -0.554431 7.188838 5.405412
v -0.864924 7.584490 5.176225
v -0.864924 7.584490 5.127603
v -0.810581 7.584490 5.127603
v -0.810581 7.584490 5.176225
vt 0.000000 0.000000
vt 1.000000 0.000000
vt 1.000000 1.000000
vt 0.000000 1.000000
vt 0.000000 0.000000
vt 1.000000 0.000000
vt 1.000000 1.000000
vt 0.000000 1.000000
vt 0.000000 0.000000
vt 1.000000 0.000000
vt 1.000000 1.000000
vt 0.000000 1.000000
vt 0.000000 0.000000
vt 1.000000 0.000000
vt 1.000000 1.000000
vt 0.000000 1.000000
vt 1.000000 0.000000
vt 1.000000 1.000000
vt 0.000000 0.000000
vt 1.000000 1.000000
vt 0.000000 1.000000
vt 0.000000 0.000000
vt 1.000000 0.000000
vt 1.000000 1.000000
vt 0.000000 1.000000
vt 0.000000 0.000000
vt 1.000000 1.000000
vt 0.000000 1.000000
vt 0.000000 0.000000
vt 1.000000 1.000000
vt 0.000000 1.000000
vt 0.000000 0.000000
vt 1.000000 1.000000
vt 0.000000 1.000000
vt 0.000000 0.000000
vt 1.000000 0.000000
vt 1.000000 1.000000
vt 0.000000 1.000000
vt 0.000000 0.000000
vt 1.000000 0.000000
vt 1.000000 1.000000
vt 0.000000 1.000000
vt 0.000000 0.000000
vt 1.000000 0.000000
vt 1.000000 1.000000
vt 0.000000 1.000000
vt 0.000000 0.000000
vt 1.000000 0.000000
vt 1.000000 1.000000
vt 0.000000 1.000000
vt 0.000000 0.000000
vt 1.000000 0.000000
vt 1.000000 1.000000
vt 0.000000 1.000000
vt 0.000000 0.000000
vt 1.000000 0.000000
vt 1.000000 1.000000
vt 0.000000 1.000000
vt 0.000000 0.000000
vt 1.000000 0.000000
vt 1.000000 1.000000
vt 0.000000 1.000000
vt 0.000000 0.000000
vt 1.000000 0.000000
vt 1.000000 1.000000
vt 0.000000 1.000000
vt 0.000000 0.000000
vt 1.000000 0.000000
vt 1.000000 1.000000
vt 0.000000 1.000000
vt 0.000000 0.000000
vt 1.000000 0.000000
vt 1.000000 1.000000
vt 0.000000 1.000000
vt 0.000000 0.000000
vt 1.000000 0.000000
vt 1.000000 1.000000
vt 0.000000 1.000000
vt 0.000000 0.000000
vt 1.000000 0.000000
vt 1.000000 1.000000
vt 0.000000 1.000000
vt 0.000000 0.000000
vt 1.000000 0.000000
vt 1.000000 1.000000
vt 0.000000 1.000000
vt 0.000000 0.000000
vt 1.000000 0.000000
vt 1.000000 1.000000
vt 0.000000 1.000000
vt 0.000000 0.000000
vt 1.000000 0.000000
vt 1.000000 1.000000
vt 0.000000 1.000000
vt 0.000000 0.000000
vt 1.000000 0.000000
vt 1.000000 1.000000
vt 0.000000 1.000000
vt 0.000000 0.000000
vt 1.000000 0.000000
vt 1.000000 1.000000
vt 0.000000 1.000000
vt 0.000000 0.000000
vt 1.000000 0.000000
vt 1.000000 1.000000
vt 0.000000 1.000000
vt 0.000000 0.000000
vt 1.000000 0.000000
vt 1.000000 1.000000
vt 0.000000 1.000000
vt 0.000000 0.000000
vt 1.000000 0.000000
vt 1.000000 1.000000
vt 0.000000 1.000000
vt 1.000000 0.000000
vt 0.000000 1.000000
vt 0.000000 0.000000
vt 0.000000 0.000000
vt 1.000000 0.000000
vt 1.000000 1.000000
vt 0.000000 1.000000
vt 0.000000 0.000000
vt 1.000000 0.000000
vt 1.000000 1.000000
vt 0.000000 1.000000
vt 0.000000 0.000000
vt 1.000000 0.000000
vt 1.000000 1.000000
vn -1.0000 0.0000 0.0000
vn 0.0000 0.0000 -1.0000
vn 1.0000 0.0000 0.0000
vn 0.0000 0.0000 1.0000
vn 0.0000 -1.0000 0.0000
vn 0.0000 -0.7775 -0.6288
vn 0.5862 -0.8101 0.0000
vn -0.5862 -0.8101 0.0000
vn 0.0000 -0.7775 0.6288
vn -0.6131 0.7900 0.0000
vn 0.0000 0.8918 0.4525
vn 0.0000 0.7554 0.6552
vn 0.0000 0.7554 -0.6552
vn 0.6131 0.7900 0.0000
vn 0.8898 0.4564 0.0000
vn 0.0000 0.8918 -0.4525
vn 0.4134 0.9106 0.0000
vn -0.4134 0.9106 0.0000
vn 0.0000 -0.5369 0.8436
vn -0.8898 0.4564 0.0000
vn 0.0000 0.4171 0.9089
vn 0.0000 0.4171 -0.9089
vn 0.0000 0.5012 -0.8653
vn 0.0000 -0.5369 -0.8436
vn 0.8149 -0.5796 0.0000
vn -0.8149 -0.5796 0.0000
vn 0.0000 1.0000 0.0000
vn 0.8394 0.5435 0.0000
vn -0.8394 0.5435 0.0000
vn 0.0000 0.5012 0.8653
usemtl Material.001
s off
f 345/1145/265 346/1146/265 348/1147/265 347/1148/265
f 347/1149/266 348/1150/266 352/1151/266 351/1152/266
f 351/1153/267 352/1154/267 350/1155/267 349/1156/267
f 349/1157/268 350/1158/268 346/1159/268 345/1160/268
f 347/1149/269 351/1161/269 349/1162/269 345/1160/269
f 352/1163/270 348/1150/270 354/1164/270 355/1165/270
f 356/1166/267 355/1167/267 359/1168/267 360/1169/267
f 350/1170/271 352/1154/271 355/1171/271 356/1172/271
f 348/1173/272 346/1146/272 353/1174/272 354/1175/272
f 346/1176/273 350/1158/273 356/1177/273 353/1178/273
f 358/1179/274 357/1180/274 361/1181/274 362/1182/274
f 354/1183/265 353/1184/265 357/1185/265 358/1186/265
f 353/1187/268 356/1188/268 360/1189/268 357/1190/268
f 355/1191/266 354/1192/266 358/1193/266 359/1194/266
f 361/1195/275 364/1196/275 368/1197/275 365/1198/275
f 357/1199/276 360/1200/276 364/1201/276 361/1202/276
f 359/1203/277 358/1204/277 362/1205/277 363/1206/277
f 360/1207/278 359/1208/278 363/1209/278 364/1210/278
f 368/1211/279 367/1212/279 371/1213/279 372/1214/279
f 363/1215/280 362/1216/280 366/1217/280 367/1218/280
f 364/1219/281 363/1220/281 367/1221/281 368/1222/281
f 362/1223/282 361/1224/282 365/1225/282 366/1226/282
f 369/1227/283 372/1228/283 376/1229/283 373/1230/283
f 366/1231/284 365/1232/284 369/1233/284 370/1234/284
f 365/1235/285 368/1236/285 372/1237/285 369/1238/285
f 367/1239/286 366/1240/286 370/1241/286 371/1242/286
f 375/1243/287 374/1244/287 378/1245/287 379/1246/287
f 371/1247/288 370/1248/288 374/1249/288 375/1250/288
f 372/1251/289 371/1252/289 375/1253/289 376/1254/289
f 370/1255/290 369/1256/290 373/1257/290 374/1258/290
f 379/1259/291 378/1245/291 377/1260/291 380/1261/291
f 376/1262/292 375/1263/292 379/1264/292 380/1265/292
f 374/1266/293 373/1267/293 377/1268/293 378/1269/293
f 373/1270/294 376/1271/294 380/1272/294 377/1260/294
o Cube.022_Cube.091
v -0.829247 1.103071 14.365670
v -0.829247 0.643071 14.365670
v -0.829247 1.103071 5.185670
v -0.829247 0.643071 5.185670
v -0.649247 1.103071 14.365670
v -0.649247 0.643071 14.365670
v -0.649247 1.103071 5.185670
v -0.649247 0.643071 5.185670
vt 0.666667 0.333333
vt 0.666667 0.000000
vt 0.333333 0.000000
vt 0.333333 0.333333
vt 0.333333 0.666667
vt 0.333333 0.333333
vt 0.000000 0.333333
vt 0.000000 0.666667
vt 0.333333 0.000000
vt 0.000000 0.000000
vt 0.333333 0.666667
vt 0.666667 0.666667
vt 0.666667 0.333333
vt 0.333333 0.333333
vt 1.000000 0.333333
vt 1.000000 0.000000
vt 0.666667 0.000000
vt 0.666667 0.333333
vt 0.333333 0.666667
vt 0.000000 0.666667
vt 0.000000 1.000000
vt 0.333333 1.000000
vn -1.0000 0.0000 0.0000
vn 0.0000 0.0000 -1.0000
vn 1.0000 0.0000 0.0000
vn 0.0000 0.0000 1.0000
vn 0.0000 1.0000 0.0000
vn 0.0000 -1.0000 0.0000
usemtl Material.001
s off
f 381/1273/295 383/1274/295 384/1275/295 382/1276/295
f 383/1277/296 387/1278/296 388/1279/296 384/1280/296
f 387/1278/297 385/1281/297 386/1282/297 388/1279/297
f 385/1283/298 381/1284/298 382/1285/298 386/1286/298
f 383/1287/299 381/1288/299 385/1289/299 387/1290/299
f 388/1291/300 386/1292/300 382/1293/300 384/1294/300
o Cube.021_Cube.090
v -0.829247 4.057229 14.365670
v -0.829247 3.597229 14.365670
v -0.829247 4.057229 5.185670
v -0.829247 3.597229 5.185670
v -0.649247 4.057229 14.365670
v -0.649247 3.597229 14.365670
v -0.649247 4.057229 5.185670
v -0.649247 3.597229 5.185670
vt 0.666667 0.333333
vt 0.666667 0.000000
vt 0.333333 0.000000
vt 0.333333 0.333333
vt 0.333333 0.666667
vt 0.333333 0.333333
vt 0.000000 0.333333
vt 0.000000 0.666667
vt 0.333333 0.000000
vt 0.000000 0.000000
vt 0.333333 0.666667
vt 0.666667 0.666667
vt 0.666667 0.333333
vt 0.333333 0.333333
vt 1.000000 0.333333
vt 1.000000 0.000000
vt 0.666667 0.000000
vt 0.666667 0.333333
vt 0.333333 0.666667
vt 0.000000 0.666667
vt 0.000000 1.000000
vt 0.333333 1.000000
vn -1.0000 0.0000 0.0000
vn 0.0000 0.0000 -1.0000
vn 1.0000 0.0000 0.0000
vn 0.0000 0.0000 1.0000
vn 0.0000 1.0000 0.0000
vn 0.0000 -1.0000 0.0000
usemtl Material.001
s off
f 389/1295/301 391/1296/301 392/1297/301 390/1298/301
f 391/1299/302 395/1300/302 396/1301/302 392/1302/302
f 395/1300/303 393/1303/303 394/1304/303 396/1301/303
f 393/1305/304 389/1306/304 390/1307/304 394/1308/304
f 391/1309/305 389/1310/305 393/1311/305 395/1312/305
f 396/1313/306 394/1314/306 390/1315/306 392/1316/306
o Cube.020_Cube.089
v -1.140839 -0.023862 13.411317
v -1.140839 5.036138 13.411317
v -1.140839 -0.023862 12.591317
v -1.140839 5.036138 12.591317
v -0.760839 -0.023862 13.411317
v -0.760839 5.036138 13.411317
v -0.760839 -0.023862 12.591317
v -0.760839 5.036138 12.591317
v -1.026639 5.385188 13.164886
v -1.026639 5.385188 12.837749
v -0.875039 5.385188 12.837749
v -0.875039 5.385188 13.164886
v -1.026639 5.565935 13.164886
v -1.026639 5.565935 12.837749
v -0.875039 5.565935 12.837749
v -0.875039 5.565935 13.164886
v -1.093521 5.910302 13.309210
v -1.093521 5.910302 12.693424
v -0.808157 5.910302 12.693424
v -0.808157 5.910302 13.309210
v -0.994057 6.144935 13.094576
v -0.994057 6.144935 12.908058
v -0.907621 6.144935 12.908058
v -0.907621 6.144935 13.094576
vt 0.000000 0.000000
vt 1.000000 0.000000
vt 1.000000 1.000000
vt 0.000000 1.000000
vt 0.000000 0.000000
vt 1.000000 0.000000
vt 1.000000 1.000000
vt 0.000000 1.000000
vt 0.000000 0.000000
vt 1.000000 0.000000
vt 1.000000 1.000000
vt 0.000000 1.000000
vt 0.000000 0.000000
vt 1.000000 0.000000
vt 1.000000 1.000000
vt 0.000000 1.000000
vt 1.000000 0.000000
vt 1.000000 1.000000
vt 0.000000 0.000000
vt 1.000000 1.000000
vt 0.000000 1.000000
vt 0.000000 0.000000
vt 1.000000 0.000000
vt 1.000000 1.000000
vt 0.000000 1.000000
vt 0.000000 0.000000
vt 1.000000 1.000000
vt 0.000000 1.000000
vt 0.000000 0.000000
vt 1.000000 1.000000
vt 0.000000 1.000000
vt 0.000000 0.000000
vt 1.000000 1.000000
vt 0.000000 1.000000
vt 0.000000 0.000000
vt 1.000000 0.000000
vt 1.000000 1.000000
vt 0.000000 1.000000
vt 0.000000 0.000000
vt 1.000000 0.000000
vt 1.000000 1.000000
vt 0.000000 1.000000
vt 0.000000 0.000000
vt 1.000000 0.000000
vt 1.000000 1.000000
vt 0.000000 1.000000
vt 0.000000 0.000000
vt 1.000000 0.000000
vt 1.000000 1.000000
vt 0.000000 1.000000
vt 0.000000 0.000000
vt 1.000000 0.000000
vt 1.000000 1.000000
vt 0.000000 1.000000
vt 0.000000 0.000000
vt 1.000000 0.000000
vt 1.000000 1.000000
vt 0.000000 1.000000
vt 0.000000 0.000000
vt 1.000000 0.000000
vt 1.000000 1.000000
vt 0.000000 1.000000
vt 0.000000 0.000000
vt 1.000000 0.000000
vt 1.000000 1.000000
vt 0.000000 1.000000
vt 1.000000 0.000000
vt 1.000000 1.000000
vt 0.000000 1.000000
vt 0.000000 0.000000
vt 0.000000 0.000000
vt 1.000000 0.000000
vt 1.000000 1.000000
vt 0.000000 0.000000
vt 1.000000 0.000000
vt 0.000000 1.000000
vt 0.000000 0.000000
vt 1.000000 0.000000
vt 1.000000 1.000000
vt 0.000000 1.000000
vn -1.0000 0.0000 0.0000
vn 0.0000 0.0000 -1.0000
vn 1.0000 0.0000 0.0000
vn 0.0000 0.0000 1.0000
vn 0.0000 -1.0000 0.0000
vn -0.9504 0.3110 0.0000
vn 0.0000 0.5767 0.8169
vn 0.0000 0.5767 -0.8169
vn 0.9504 0.3110 0.0000
vn 0.9817 -0.1907 0.0000
vn -0.9207 0.3903 0.0000
vn -0.9817 -0.1907 0.0000
vn 0.0000 -0.3865 0.9223
vn 0.0000 -0.3865 -0.9223
vn 0.0000 1.0000 0.0000
vn 0.0000 0.6750 0.7379
vn 0.0000 0.6750 -0.7379
vn 0.9207 0.3903 0.0000
usemtl Material.001
s off
f 397/1317/307 398/1318/307 400/1319/307 399/1320/307
f 399/1321/308 400/1322/308 404/1323/308 403/1324/308
f 403/1325/309 404/1326/309 402/1327/309 401/1328/309
f 401/1329/310 402/1330/310 398/1331/310 397/1332/310
f 399/1321/311 403/1333/311 401/1334/311 397/1332/311
f 400/1335/312 398/1318/312 405/1336/312 406/1337/312
f 405/1338/310 408/1339/310 412/1340/310 409/1341/310
f 398/1342/313 402/1330/313 408/1343/313 405/1344/313
f 404/1345/314 400/1322/314 406/1346/314 407/1347/314
f 402/1348/315 404/1326/315 407/1349/315 408/1350/315
f 412/1351/316 411/1352/316 415/1353/316 416/1354/316
f 407/1355/308 406/1356/308 410/1357/308 411/1358/308
f 408/1359/309 407/1360/309 411/1361/309 412/1362/309
f 406/1363/307 405/1364/307 409/1365/307 410/1366/307
f 414/1367/317 413/1368/317 417/1369/317 418/1370/317
f 410/1371/318 409/1372/318 413/1373/318 414/1374/318
f 409/1375/319 412/1376/319 416/1377/319 413/1378/319
f 411/1379/320 410/1380/320 414/1381/320 415/1382/320
f 419/1383/321 418/1384/321 417/1385/321 420/1386/321
f 413/1387/322 416/1388/322 420/1389/322 417/1385/322
f 415/1390/323 414/1391/323 418/1384/323 419/1392/323
f 416/1393/324 415/1394/324 419/1395/324 420/1396/324
o Cube.019_Cube.088
v -1.140839 -0.023862 11.763026
v -1.140839 5.036138 11.763026
v -1.140839 -0.023862 10.943027
v -1.140839 5.036138 10.943027
v -0.760839 -0.023862 11.763026
v -0.760839 5.036138 11.763026
v -0.760839 -0.023862 10.943027
v -0.760839 5.036138 10.943027
v -1.026639 5.385188 11.516595
v -1.026639 5.385188 11.189458
v -0.875039 5.385188 11.189458
v -0.875039 5.385188 11.516595
v -1.026639 5.565935 11.516595
v -1.026639 5.565935 11.189458
v -0.875039 5.565935 11.189458
v -0.875039 5.565935 11.516595
v -1.093521 5.910302 11.660919
v -1.093521 5.910302 11.045134
v -0.808157 5.910302 11.045134
v -0.808157 5.910302 11.660919
v -0.994057 6.144935 11.446285
v -0.994057 6.144935 11.259768
v -0.907621 6.144935 11.259768
v -0.907621 6.144935 11.446285
vt 0.000000 0.000000
vt 1.000000 0.000000
vt 1.000000 1.000000
vt 0.000000 1.000000
vt 0.000000 0.000000
vt 1.000000 0.000000
vt 1.000000 1.000000
vt 0.000000 1.000000
vt 0.000000 0.000000
vt 1.000000 0.000000
vt 1.000000 1.000000
vt 0.000000 1.000000
vt 0.000000 0.000000
vt 1.000000 0.000000
vt 1.000000 1.000000
vt 0.000000 1.000000
vt 1.000000 0.000000
vt 1.000000 1.000000
vt 0.000000 0.000000
vt 1.000000 1.000000
vt 0.000000 1.000000
vt 0.000000 0.000000
vt 1.000000 0.000000
vt 1.000000 1.000000
vt 0.000000 1.000000
vt 0.000000 0.000000
vt 1.000000 1.000000
vt 0.000000 1.000000
vt 0.000000 0.000000
vt 1.000000 1.000000
vt 0.000000 1.000000
vt 0.000000 0.000000
vt 1.000000 1.000000
vt 0.000000 1.000000
vt 0.000000 0.000000
vt 1.000000 0.000000
vt 1.000000 1.000000
vt 0.000000 1.000000
vt 0.000000 0.000000
vt 1.000000 0.000000
vt 1.000000 1.000000
vt 0.000000 1.000000
vt 0.000000 0.000000
vt 1.000000 0.000000
vt 1.000000 1.000000
vt 0.000000 1.000000
vt 0.000000 0.000000
vt 1.000000 0.000000
vt 1.000000 1.000000
vt 0.000000 1.000000
vt 0.000000 0.000000
vt 1.000000 0.000000
vt 1.000000 1.000000
vt 0.000000 1.000000
vt 0.000000 0.000000
vt 1.000000 0.000000
vt 1.000000 1.000000
vt 0.000000 1.000000
vt 0.000000 0.000000
vt 1.000000 0.000000
vt 1.000000 1.000000
vt 0.000000 1.000000
vt 0.000000 0.000000
vt 1.000000 0.000000
vt 1.000000 1.000000
vt 0.000000 1.000000
vt 1.000000 0.000000
vt 1.000000 1.000000
vt 0.000000 1.000000
vt 0.000000 0.000000
vt 0.000000 0.000000
vt 1.000000 0.000000
vt 1.000000 1.000000
vt 0.000000 0.000000
vt 1.000000 0.000000
vt 0.000000 1.000000
vt 0.000000 0.000000
vt 1.000000 0.000000
vt 1.000000 1.000000
vt 0.000000 1.000000
vn -1.0000 0.0000 0.0000
vn 0.0000 0.0000 -1.0000
vn 1.0000 0.0000 0.0000
vn 0.0000 0.0000 1.0000
vn 0.0000 -1.0000 0.0000
vn -0.9504 0.3110 0.0000
vn 0.0000 0.5767 0.8169
vn 0.0000 0.5767 -0.8169
vn 0.9504 0.3110 0.0000
vn 0.9817 -0.1907 0.0000
vn -0.9207 0.3903 0.0000
vn -0.9817 -0.1907 0.0000
vn 0.0000 -0.3865 0.9223
vn 0.0000 -0.3865 -0.9223
vn 0.0000 1.0000 0.0000
vn 0.0000 0.6750 0.7379
vn 0.0000 0.6750 -0.7379
vn 0.9207 0.3903 0.0000
usemtl Material.001
s off
f 421/1397/325 422/1398/325 424/1399/325 423/1400/325
f 423/1401/326 424/1402/326 428/1403/326 427/1404/326
f 427/1405/327 428/1406/327 426/1407/327 425/1408/327
f 425/1409/328 426/1410/328 422/1411/328 421/1412/328
f 423/1401/329 427/1413/329 425/1414/329 421/1412/329
f 424/1415/330 422/1398/330 429/1416/330 430/1417/330
f 429/1418/328 432/1419/328 436/1420/328 433/1421/328
f 422/1422/331 426/1410/331 432/1423/331 429/1424/331
f 428/1425/332 424/1402/332 430/1426/332 431/1427/332
f 426/1428/333 428/1406/333 431/1429/333 432/1430/333
f 436/1431/334 435/1432/334 439/1433/334 440/1434/334
f 431/1435/326 430/1436/326 434/1437/326 435/1438/326
f 432/1439/327 431/1440/327 435/1441/327 436/1442/327
f 430/1443/325 429/1444/325 433/1445/325 434/1446/325
f 438/1447/335 437/1448/335 441/1449/335 442/1450/335
f 434/1451/336 433/1452/336 437/1453/336 438/1454/336
f 433/1455/337 436/1456/337 440/1457/337 437/1458/337
f 435/1459/338 434/1460/338 438/1461/338 439/1462/338
f 443/1463/339 442/1464/339 441/1465/339 444/1466/339
f 437/1467/340 440/1468/340 444/1469/340 441/1465/340
f 439/1470/341 438/1471/341 442/1464/341 443/1472/341
f 440/1473/342 439/1474/342 443/1475/342 444/1476/342
o Cube.018_Cube.087
v -1.140839 -0.023862 10.102418
v -1.140839 5.036138 10.102418
v -1.140839 -0.023862 9.282418
v -1.140839 5.036138 9.282418
v -0.760839 -0.023862 10.102418
v -0.760839 5.036138 10.102418
v -0.760839 -0.023862 9.282418
v -0.760839 5.036138 9.282418
v -1.026639 5.385188 9.855987
v -1.026639 5.385188 9.528850
v -0.875039 5.385188 9.528850
v -0.875039 5.385188 9.855987
v -1.026639 5.565935 9.855987
v -1.026639 5.565935 9.528850
v -0.875039 5.565935 9.528850
v -0.875039 5.565935 9.855987
v -1.093521 5.910302 10.000311
v -1.093521 5.910302 9.384525
v -0.808157 5.910302 9.384525
v -0.808157 5.910302 10.000311
v -0.994057 6.144935 9.785677
v -0.994057 6.144935 9.599159
v -0.907621 6.144935 9.599159
v -0.907621 6.144935 9.785677
vt 0.000000 0.000000
vt 1.000000 0.000000
vt 1.000000 1.000000
vt 0.000000 1.000000
vt 0.000000 0.000000
vt 1.000000 0.000000
vt 1.000000 1.000000
vt 0.000000 1.000000
vt 0.000000 0.000000
vt 1.000000 0.000000
vt 1.000000 1.000000
vt 0.000000 1.000000
vt 0.000000 0.000000
vt 1.000000 0.000000
vt 1.000000 1.000000
vt 0.000000 1.000000
vt 1.000000 0.000000
vt 1.000000 1.000000
vt 0.000000 0.000000
vt 1.000000 1.000000
vt 0.000000 1.000000
vt 0.000000 0.000000
vt 1.000000 0.000000
vt 1.000000 1.000000
vt 0.000000 1.000000
vt 0.000000 0.000000
vt 1.000000 1.000000
vt 0.000000 1.000000
vt 0.000000 0.000000
vt 1.000000 1.000000
vt 0.000000 1.000000
vt 0.000000 0.000000
vt 1.000000 1.000000
vt 0.000000 1.000000
vt 0.000000 0.000000
vt 1.000000 0.000000
vt 1.000000 1.000000
vt 0.000000 1.000000
vt 0.000000 0.000000
vt 1.000000 0.000000
vt 1.000000 1.000000
vt 0.000000 1.000000
vt 0.000000 0.000000
vt 1.000000 0.000000
vt 1.000000 1.000000
vt 0.000000 1.000000
vt 0.000000 0.000000
vt 1.000000 0.000000
vt 1.000000 1.000000
vt 0.000000 1.000000
vt 0.000000 0.000000
vt 1.000000 0.000000
vt 1.000000 1.000000
vt 0.000000 1.000000
vt 0.000000 0.000000
vt 1.000000 0.000000
vt 1.000000 1.000000
vt 0.000000 1.000000
vt 0.000000 0.000000
vt 1.000000 0.000000
vt 1.000000 1.000000
vt 0.000000 1.000000
vt 0.000000 0.000000
vt 1.000000 0.000000
vt 1.000000 1.000000
vt 0.000000 1.000000
vt 1.000000 0.000000
vt 1.000000 1.000000
vt 0.000000 1.000000
vt 0.000000 0.000000
vt 0.000000 0.000000
vt 1.000000 0.000000
vt 1.000000 1.000000
vt 0.000000 0.000000
vt 1.000000 0.000000
vt 0.000000 1.000000
vt 0.000000 0.000000
vt 1.000000 0.000000
vt 1.000000 1.000000
vt 0.000000 1.000000
vn -1.0000 0.0000 0.0000
vn 0.0000 0.0000 -1.0000
vn 1.0000 0.0000 0.0000
vn 0.0000 0.0000 1.0000
vn 0.0000 -1.0000 0.0000
vn -0.9504 0.3110 0.0000
vn 0.0000 0.5767 0.8169
vn 0.0000 0.5767 -0.8169
vn 0.9504 0.3110 0.0000
vn 0.9817 -0.1907 0.0000
vn -0.9207 0.3903 0.0000
vn -0.9817 -0.1907 0.0000
vn 0.0000 -0.3865 0.9223
vn 0.0000 -0.3865 -0.9223
vn 0.0000 1.0000 0.0000
vn 0.0000 0.6750 0.7379
vn 0.0000 0.6750 -0.7379
vn 0.9207 0.3903 0.0000
usemtl Material.001
s off
f 445/1477/343 446/1478/343 448/1479/343 447/1480/343
f 447/1481/344 448/1482/344 452/1483/344 451/1484/344
f 451/1485/345 452/1486/345 450/1487/345 449/1488/345
f 449/1489/346 450/1490/346 446/1491/346 445/1492/346
f 447/1481/347 451/1493/347 449/1494/347 445/1492/347
f 448/1495/348 446/1478/348 453/1496/348 454/1497/348
f 453/1498/346 456/1499/346 460/1500/346 457/1501/346
f 446/1502/349 450/1490/349 456/1503/349 453/1504/349
f 452/1505/350 448/1482/350 454/1506/350 455/1507/350
f 450/1508/351 452/1486/351 455/1509/351 456/1510/351
f 460/1511/352 459/1512/352 463/1513/352 464/1514/352
f 455/1515/344 454/1516/344 458/1517/344 459/1518/344
f 456/1519/345 455/1520/345 459/1521/345 460/1522/345
f 454/1523/343 453/1524/343 457/1525/343 458/1526/343
f 462/1527/353 461/1528/353 465/1529/353 466/1530/353
f 458/1531/354 457/1532/354 461/1533/354 462/1534/354
f 457/1535/355 460/1536/355 464/1537/355 461/1538/355
f 459/1539/356 458/1540/356 462/1541/356 463/1542/356
f 467/1543/357 466/1544/357 465/1545/357 468/1546/357
f 461/1547/358 464/1548/358 468/1549/358 465/1545/358
f 463/1550/359 462/1551/359 466/1544/359 467/1552/359
f 464/1553/360 463/1554/360 467/1555/360 468/1556/360
o Cube.017_Cube.086
v -1.140839 -0.023862 8.460603
v -1.140839 5.036138 8.460603
v -1.140839 -0.023862 7.640603
v -1.140839 5.036138 7.640603
v -0.760839 -0.023862 8.460603
v -0.760839 5.036138 8.460603
v -0.760839 -0.023862 7.640603
v -0.760839 5.036138 7.640603
v -1.026639 5.385188 8.214171
v -1.026639 5.385188 7.887034
v -0.875039 5.385188 7.887034
v -0.875039 5.385188 8.214171
v -1.026639 5.565935 8.214171
v -1.026639 5.565935 7.887034
v -0.875039 5.565935 7.887034
v -0.875039 5.565935 8.214171
v -1.093521 5.910302 8.358496
v -1.093521 5.910302 7.742710
v -0.808157 5.910302 7.742710
v -0.808157 5.910302 8.358496
v -0.994057 6.144935 8.143862
v -0.994057 6.144935 7.957344
v -0.907621 6.144935 7.957344
v -0.907621 6.144935 8.143862
vt 0.000000 0.000000
vt 1.000000 0.000000
vt 1.000000 1.000000
vt 0.000000 1.000000
vt 0.000000 0.000000
vt 1.000000 0.000000
vt 1.000000 1.000000
vt 0.000000 1.000000
vt 0.000000 0.000000
vt 1.000000 0.000000
vt 1.000000 1.000000
vt 0.000000 1.000000
vt 0.000000 0.000000
vt 1.000000 0.000000
vt 1.000000 1.000000
vt 0.000000 1.000000
vt 1.000000 0.000000
vt 1.000000 1.000000
vt 0.000000 0.000000
vt 1.000000 1.000000
vt 0.000000 1.000000
vt 0.000000 0.000000
vt 1.000000 0.000000
vt 1.000000 1.000000
vt 0.000000 1.000000
vt 0.000000 0.000000
vt 1.000000 1.000000
vt 0.000000 1.000000
vt 0.000000 0.000000
vt 1.000000 1.000000
vt 0.000000 1.000000
vt 0.000000 0.000000
vt 1.000000 1.000000
vt 0.000000 1.000000
vt 0.000000 0.000000
vt 1.000000 0.000000
vt 1.000000 1.000000
vt 0.000000 1.000000
vt 0.000000 0.000000
vt 1.000000 0.000000
vt 1.000000 1.000000
vt 0.000000 1.000000
vt 0.000000 0.000000
vt 1.000000 0.000000
vt 1.000000 1.000000
vt 0.000000 1.000000
vt 0.000000 0.000000
vt 1.000000 0.000000
vt 1.000000 1.000000
vt 0.000000 1.000000
vt 0.000000 0.000000
vt 1.000000 0.000000
vt 1.000000 1.000000
vt 0.000000 1.000000
vt 0.000000 0.000000
vt 1.000000 0.000000
vt 1.000000 1.000000
vt 0.000000 1.000000
vt 0.000000 0.000000
vt 1.000000 0.000000
vt 1.000000 1.000000
vt 0.000000 1.000000
vt 0.000000 0.000000
vt 1.000000 0.000000
vt 1.000000 1.000000
vt 0.000000 1.000000
vt 1.000000 0.000000
vt 1.000000 1.000000
vt 0.000000 1.000000
vt 0.000000 0.000000
vt 0.000000 0.000000
vt 1.000000 0.000000
vt 1.000000 1.000000
vt 0.000000 0.000000
vt 1.000000 0.000000
vt 0.000000 1.000000
vt 0.000000 0.000000
vt 1.000000 0.000000
vt 1.000000 1.000000
vt 0.000000 1.000000
vn -1.0000 0.0000 0.0000
vn 0.0000 0.0000 -1.0000
vn 1.0000 0.0000 0.0000
vn 0.0000 0.0000 1.0000
vn 0.0000 -1.0000 0.0000
vn -0.9504 0.3110 0.0000
vn 0.0000 0.5767 0.8169
vn 0.0000 0.5767 -0.8169
vn 0.9504 0.3110 0.0000
vn 0.9817 -0.1907 0.0000
vn -0.9207 0.3903 0.0000
vn -0.9817 -0.1907 0.0000
vn 0.0000 -0.3865 0.9223
vn 0.0000 -0.3865 -0.9223
vn 0.0000 1.0000 0.0000
vn 0.0000 0.6750 0.7379
vn 0.0000 0.6750 -0.7379
vn 0.9207 0.3903 0.0000
usemtl Material.001
s off
f 469/1557/361 470/1558/361 472/1559/361 471/1560/361
f 471/1561/362 472/1562/362 476/1563/362 475/1564/362
f 475/1565/363 476/1566/363 474/1567/363 473/1568/363
f 473/1569/364 474/1570/364 470/1571/364 469/1572/364
f 471/1561/365 475/1573/365 473/1574/365 469/1572/365
f 472/1575/366 470/1558/366 477/1576/366 478/1577/366
f 477/1578/364 480/1579/364 484/1580/364 481/1581/364
f 470/1582/367 474/1570/367 480/1583/367 477/1584/367
f 476/1585/368 472/1562/368 478/1586/368 479/1587/368
f 474/1588/369 476/1566/369 479/1589/369 480/1590/369
f 484/1591/370 483/1592/370 487/1593/370 488/1594/370
f 479/1595/362 478/1596/362 482/1597/362 483/1598/362
f 480/1599/363 479/1600/363 483/1601/363 484/1602/363
f 478/1603/361 477/1604/361 481/1605/361 482/1606/361
f 486/1607/371 485/1608/371 489/1609/371 490/1610/371
f 482/1611/372 481/1612/372 485/1613/372 486/1614/372
f 481/1615/373 484/1616/373 488/1617/373 485/1618/373
f 483/1619/374 482/1620/374 486/1621/374 487/1622/374
f 491/1623/375 490/1624/375 489/1625/375 492/1626/375
f 485/1627/376 488/1628/376 492/1629/376 489/1625/376
f 487/1630/377 486/1631/377 490/1624/377 491/1632/377
f 488/1633/378 487/1634/378 491/1635/378 492/1636/378
o Cube.016_Cube.085
v -1.140839 -0.023862 6.842599
v -1.140839 5.036138 6.842599
v -1.140839 -0.023862 6.022599
v -1.140839 5.036138 6.022599
v -0.760839 -0.023862 6.842599
v -0.760839 5.036138 6.842599
v -0.760839 -0.023862 6.022599
v -0.760839 5.036138 6.022599
v -1.026639 5.385188 6.596168
v -1.026639 5.385188 6.269031
v -0.875039 5.385188 6.269031
v -0.875039 5.385188 6.596168
v -1.026639 5.565935 6.596168
v -1.026639 5.565935 6.269031
v -0.875039 5.565935 6.269031
v -0.875039 5.565935 6.596168
v -1.093521 5.910302 6.740492
v -1.093521 5.910302 6.124706
v -0.808157 5.910302 6.124706
v -0.808157 5.910302 6.740492
v -0.994057 6.144935 6.525858
v -0.994057 6.144935 6.339340
v -0.907621 6.144935 6.339340
v -0.907621 6.144935 6.525858
vt 0.000000 0.000000
vt 1.000000 0.000000
vt 1.000000 1.000000
vt 0.000000 1.000000
vt 0.000000 0.000000
vt 1.000000 0.000000
vt 1.000000 1.000000
vt 0.000000 1.000000
vt 0.000000 0.000000
vt 1.000000 0.000000
vt 1.000000 1.000000
vt 0.000000 1.000000
vt 0.000000 0.000000
vt 1.000000 0.000000
vt 1.000000 1.000000
vt 0.000000 1.000000
vt 1.000000 0.000000
vt 1.000000 1.000000
vt 0.000000 0.000000
vt 1.000000 1.000000
vt 0.000000 1.000000
vt 0.000000 0.000000
vt 1.000000 0.000000
vt 1.000000 1.000000
vt 0.000000 1.000000
vt 0.000000 0.000000
vt 1.000000 1.000000
vt 0.000000 1.000000
vt 0.000000 0.000000
vt 1.000000 1.000000
vt 0.000000 1.000000
vt 0.000000 0.000000
vt 1.000000 1.000000
vt 0.000000 1.000000
vt 0.000000 0.000000
vt 1.000000 0.000000
vt 1.000000 1.000000
vt 0.000000 1.000000
vt 0.000000 0.000000
vt 1.000000 0.000000
vt 1.000000 1.000000
vt 0.000000 1.000000
vt 0.000000 0.000000
vt 1.000000 0.000000
vt 1.000000 1.000000
vt 0.000000 1.000000
vt 0.000000 0.000000
vt 1.000000 0.000000
vt 1.000000 1.000000
vt 0.000000 1.000000
vt 0.000000 0.000000
vt 1.000000 0.000000
vt 1.000000 1.000000
vt 0.000000 1.000000
vt 0.000000 0.000000
vt 1.000000 0.000000
vt 1.000000 1.000000
vt 0.000000 1.000000
vt 0.000000 0.000000
vt 1.000000 0.000000
vt 1.000000 1.000000
vt 0.000000 1.000000
vt 0.000000 0.000000
vt 1.000000 0.000000
vt 1.000000 1.000000
vt 0.000000 1.000000
vt 1.000000 0.000000
vt 1.000000 1.000000
vt 0.000000 1.000000
vt 0.000000 0.000000
vt 0.000000 0.000000
vt 1.000000 0.000000
vt 1.000000 1.000000
vt 0.000000 0.000000
vt 1.000000 0.000000
vt 0.000000 1.000000
vt 0.000000 0.000000
vt 1.000000 0.000000
vt 1.000000 1.000000
vt 0.000000 1.000000
vn -1.0000 0.0000 0.0000
vn 0.0000 0.0000 -1.0000
vn 1.0000 0.0000 0.0000
vn 0.0000 0.0000 1.0000
vn 0.0000 -1.0000 0.0000
vn -0.9504 0.3110 0.0000
vn 0.0000 0.5767 0.8169
vn 0.0000 0.5767 -0.8169
vn 0.9504 0.3110 0.0000
vn 0.9817 -0.1907 0.0000
vn -0.9207 0.3903 0.0000
vn -0.9817 -0.1907 0.0000
vn 0.0000 -0.3865 0.9223
vn 0.0000 -0.3865 -0.9223
vn 0.0000 1.0000 0.0000
vn 0.0000 0.6750 0.7379
vn 0.0000 0.6750 -0.7379
vn 0.9207 0.3903 0.0000
usemtl Material.001
s off
f 493/1637/379 494/1638/379 496/1639/379 495/1640/379
f 495/1641/380 496/1642/380 500/1643/380 499/1644/380
f 499/1645/381 500/1646/381 498/1647/381 497/1648/381
f 497/1649/382 498/1650/382 494/1651/382 493/1652/382
f 495/1641/383 499/1653/383 497/1654/383 493/1652/383
f 496/1655/384 494/1638/384 501/1656/384 502/1657/384
f 501/1658/382 504/1659/382 508/1660/382 505/1661/382
f 494/1662/385 498/1650/385 504/1663/385 501/1664/385
f 500/1665/386 496/1642/386 502/1666/386 503/1667/386
f 498/1668/387 500/1646/387 503/1669/387 504/1670/387
f 508/1671/388 507/1672/388 511/1673/388 512/1674/388
f 503/1675/380 502/1676/380 506/1677/380 507/1678/380
f 504/1679/381 503/1680/381 507/1681/381 508/1682/381
f 502/1683/379 501/1684/379 505/1685/379 506/1686/379
f 510/1687/389 509/1688/389 513/1689/389 514/1690/389
f 506/1691/390 505/1692/390 509/1693/390 510/1694/390
f 505/1695/391 508/1696/391 512/1697/391 509/1698/391
f 507/1699/392 506/1700/392 510/1701/392 511/1702/392
f 515/1703/393 514/1704/393 513/1705/393 516/1706/393
f 509/1707/394 512/1708/394 516/1709/394 513/1705/394
f 511/1710/395 510/1711/395 514/1704/395 515/1712/395
f 512/1713/396 511/1714/396 515/1715/396 516/1716/396
o Cube.015_Cube.084
v -1.217753 -0.010356 52.691639
v -1.217753 6.429644 52.691639
v -1.217753 -0.010356 52.011639
v -1.217753 6.429644 52.011639
v -0.457753 -0.010356 52.691639
v -0.457753 6.429644 52.691639
v -0.457753 -0.010356 52.011639
v -0.457753 6.429644 52.011639
v -1.308021 6.494964 52.772404
v -1.308021 6.494964 51.930874
v -0.367484 6.494964 51.930874
v -0.367484 6.494964 52.772404
v -1.308021 6.583341 52.772404
v -1.308021 6.583341 51.930874
v -0.367484 6.583341 51.930874
v -0.367484 6.583341 52.772404
v -1.219489 6.652049 52.693192
v -1.219489 6.652049 52.010086
v -0.456016 6.652049 52.010086
v -0.456016 6.652049 52.693192
v -1.035393 6.735628 52.528477
v -1.035393 6.735628 52.174801
v -0.640112 6.735628 52.174801
v -0.640112 6.735628 52.528477
v -0.936221 6.928965 52.439743
v -0.936221 6.928965 52.263535
v -0.739284 6.928965 52.263535
v -0.739284 6.928965 52.439743
v -1.121074 7.188838 52.605137
v -1.121074 7.188838 52.098141
v -0.554431 7.188838 52.098141
v -0.554431 7.188838 52.605137
v -0.864924 7.584490 52.375950
v -0.864924 7.584490 52.327328
v -0.810581 7.584490 52.327328
v -0.810581 7.584490 52.375950
vt 0.000000 0.000000
vt 1.000000 0.000000
vt 1.000000 1.000000
vt 0.000000 1.000000
vt 0.000000 0.000000
vt 1.000000 0.000000
vt 1.000000 1.000000
vt 0.000000 1.000000
vt 0.000000 0.000000
vt 1.000000 0.000000
vt 1.000000 1.000000
vt 0.000000 1.000000
vt 0.000000 0.000000
vt 1.000000 0.000000
vt 1.000000 1.000000
vt 0.000000 1.000000
vt 1.000000 0.000000
vt 1.000000 1.000000
vt 0.000000 0.000000
vt 1.000000 1.000000
vt 0.000000 1.000000
vt 0.000000 0.000000
vt 1.000000 0.000000
vt 1.000000 1.000000
vt 0.000000 1.000000
vt 0.000000 0.000000
vt 1.000000 1.000000
vt 0.000000 1.000000
vt 0.000000 0.000000
vt 1.000000 1.000000
vt 0.000000 1.000000
vt 0.000000 0.000000
vt 1.000000 1.000000
vt 0.000000 1.000000
vt 0.000000 0.000000
vt 1.000000 0.000000
vt 1.000000 1.000000
vt 0.000000 1.000000
vt 0.000000 0.000000
vt 1.000000 0.000000
vt 1.000000 1.000000
vt 0.000000 1.000000
vt 0.000000 0.000000
vt 1.000000 0.000000
vt 1.000000 1.000000
vt 0.000000 1.000000
vt 0.000000 0.000000
vt 1.000000 0.000000
vt 1.000000 1.000000
vt 0.000000 1.000000
vt 0.000000 0.000000
vt 1.000000 0.000000
vt 1.000000 1.000000
vt 0.000000 1.000000
vt 0.000000 0.000000
vt 1.000000 0.000000
vt 1.000000 1.000000
vt 0.000000 1.000000
vt 0.000000 0.000000
vt 1.000000 0.000000
vt 1.000000 1.000000
vt 0.000000 1.000000
vt 0.000000 0.000000
vt 1.000000 0.000000
vt 1.000000 1.000000
vt 0.000000 1.000000
vt 0.000000 0.000000
vt 1.000000 0.000000
vt 1.000000 1.000000
vt 0.000000 1.000000
vt 0.000000 0.000000
vt 1.000000 0.000000
vt 1.000000 1.000000
vt 0.000000 1.000000
vt 0.000000 0.000000
vt 1.000000 0.000000
vt 1.000000 1.000000
vt 0.000000 1.000000
vt 0.000000 0.000000
vt 1.000000 0.000000
vt 1.000000 1.000000
vt 0.000000 1.000000
vt 0.000000 0.000000
vt 1.000000 0.000000
vt 1.000000 1.000000
vt 0.000000 1.000000
vt 0.000000 0.000000
vt 1.000000 0.000000
vt 1.000000 1.000000
vt 0.000000 1.000000
vt 0.000000 0.000000
vt 1.000000 0.000000
vt 1.000000 1.000000
vt 0.000000 1.000000
vt 0.000000 0.000000
vt 1.000000 0.000000
vt 1.000000 1.000000
vt 0.000000 1.000000
vt 0.000000 0.000000
vt 1.000000 0.000000
vt 1.000000 1.000000
vt 0.000000 1.000000
vt 0.000000 0.000000
vt 1.000000 0.000000
vt 1.000000 1.000000
vt 0.000000 1.000000
vt 0.000000 0.000000
vt 1.000000 0.000000
vt 1.000000 1.000000
vt 0.000000 1.000000
vt 0.000000 0.000000
vt 1.000000 0.000000
vt 1.000000 1.000000
vt 0.000000 1.000000
vt 1.000000 0.000000
vt 0.000000 1.000000
vt 0.000000 0.000000
vt 0.000000 0.000000
vt 1.000000 0.000000
vt 1.000000 1.000000
vt 0.000000 1.000000
vt 0.000000 0.000000
vt 1.000000 0.000000
vt 1.000000 1.000000
vt 0.000000 1.000000
vt 0.000000 0.000000
vt 1.000000 0.000000
vt 1.000000 1.000000
vn -1.0000 0.0000 0.0000
vn 0.0000 0.0000 -1.0000
vn 1.0000 0.0000 0.0000
vn 0.0000 0.0000 1.0000
vn 0.0000 -1.0000 0.0000
vn 0.0000 -0.7775 -0.6288
vn 0.5862 -0.8101 0.0000
vn -0.5862 -0.8101 0.0000
vn 0.0000 -0.7775 0.6288
vn -0.6131 0.7900 0.0000
vn 0.0000 0.8918 0.4525
vn 0.0000 0.7554 0.6552
vn 0.0000 0.7554 -0.6552
vn 0.6131 0.7900 0.0000
vn 0.8898 0.4564 0.0000
vn 0.0000 0.8918 -0.4525
vn 0.4134 0.9106 0.0000
vn -0.4134 0.9106 0.0000
vn 0.0000 -0.5369 0.8436
vn -0.8898 0.4564 0.0000
vn 0.0000 0.4171 0.9088
vn 0.0000 0.4171 -0.9088
vn 0.0000 0.5012 -0.8653
vn 0.0000 -0.5369 -0.8436
vn 0.8149 -0.5796 0.0000
vn -0.8149 -0.5796 0.0000
vn 0.0000 1.0000 0.0000
vn 0.8394 0.5435 0.0000
vn -0.8394 0.5435 0.0000
vn 0.0000 0.5012 0.8653
usemtl Material.001
s off
f 517/1717/397 518/1718/397 520/1719/397 519/1720/397
f 519/1721/398 520/1722/398 524/1723/398 523/1724/398
f 523/1725/399 524/1726/399 522/1727/399 521/1728/399
f 521/1729/400 522/1730/400 518/1731/400 517/1732/400
f 519/1721/401 523/1733/401 521/1734/401 517/1732/401
f 524/1735/402 520/1722/402 526/1736/402 527/1737/402
f 528/1738/399 527/1739/399 531/1740/399 532/1741/399
f 522/1742/403 524/1726/403 527/1743/403 528/1744/403
f 520/1745/404 518/1718/404 525/1746/404 526/1747/404
f 518/1748/405 522/1730/405 528/1749/405 525/1750/405
f 530/1751/406 529/1752/406 533/1753/406 534/1754/406
f 526/1755/397 525/1756/397 529/1757/397 530/1758/397
f 525/1759/400 528/1760/400 532/1761/400 529/1762/400
f 527/1763/398 526/1764/398 530/1765/398 531/1766/398
f 533/1767/407 536/1768/407 540/1769/407 537/1770/407
f 529/1771/408 532/1772/408 536/1773/408 533/1774/408
f 531/1775/409 530/1776/409 534/1777/409 535/1778/409
f 532/1779/410 531/1780/410 535/1781/410 536/1782/410
f 540/1783/411 539/1784/411 543/1785/411 544/1786/411
f 535/1787/412 534/1788/412 538/1789/412 539/1790/412
f 536/1791/413 535/1792/413 539/1793/413 540/1794/413
f 534/1795/414 533/1796/414 537/1797/414 538/1798/414
f 541/1799/415 544/1800/415 548/1801/415 545/1802/415
f 538/1803/416 537/1804/416 541/1805/416 542/1806/416
f 537/1807/417 540/1808/417 544/1809/417 541/1810/417
f 539/1811/418 538/1812/418 542/1813/418 543/1814/418
f 547/1815/419 546/1816/419 550/1817/419 551/1818/419
f 543/1819/420 542/1820/420 546/1821/420 547/1822/420
f 544/1823/421 543/1824/421 547/1825/421 548/1826/421
f 542/1827/422 541/1828/422 545/1829/422 546/1830/422
f 551/1831/423 550/1817/423 549/1832/423 552/1833/423
f 548/1834/424 547/1835/424 551/1836/424 552/1837/424
f 546/1838/425 545/1839/425 549/1840/425 550/1841/425
f 545/1842/426 548/1843/426 552/1844/426 549/1832/426
o Cube.014_Cube.083
v -1.140839 -0.023862 44.621120
v -1.140839 5.036138 44.621120
v -1.140839 -0.023862 43.801121
v -1.140839 5.036138 43.801121
v -0.760839 -0.023862 44.621120
v -0.760839 5.036138 44.621120
v -0.760839 -0.023862 43.801121
v -0.760839 5.036138 43.801121
v -1.026639 5.385188 44.374687
v -1.026639 5.385188 44.047554
v -0.875039 5.385188 44.047554
v -0.875039 5.385188 44.374687
v -1.026639 5.565935 44.374687
v -1.026639 5.565935 44.047554
v -0.875039 5.565935 44.047554
v -0.875039 5.565935 44.374687
v -1.093521 5.910302 44.519012
v -1.093521 5.910302 43.903229
v -0.808157 5.910302 43.903229
v -0.808157 5.910302 44.519012
v -0.994057 6.144935 44.304379
v -0.994057 6.144935 44.117863
v -0.907621 6.144935 44.117863
v -0.907621 6.144935 44.304379
vt 0.000000 0.000000
vt 1.000000 0.000000
vt 1.000000 1.000000
vt 0.000000 1.000000
vt 0.000000 0.000000
vt 1.000000 0.000000
vt 1.000000 1.000000
vt 0.000000 1.000000
vt 0.000000 0.000000
vt 1.000000 0.000000
vt 1.000000 1.000000
vt 0.000000 1.000000
vt 0.000000 0.000000
vt 1.000000 0.000000
vt 1.000000 1.000000
vt 0.000000 1.000000
vt 1.000000 0.000000
vt 1.000000 1.000000
vt 0.000000 0.000000
vt 1.000000 1.000000
vt 0.000000 1.000000
vt 0.000000 0.000000
vt 1.000000 0.000000
vt 1.000000 1.000000
vt 0.000000 1.000000
vt 0.000000 0.000000
vt 1.000000 1.000000
vt 0.000000 1.000000
vt 0.000000 0.000000
vt 1.000000 1.000000
vt 0.000000 1.000000
vt 0.000000 0.000000
vt 1.000000 1.000000
vt 0.000000 1.000000
vt 0.000000 0.000000
vt 1.000000 0.000000
vt 1.000000 1.000000
vt 0.000000 1.000000
vt 0.000000 0.000000
vt 1.000000 0.000000
vt 1.000000 1.000000
vt 0.000000 1.000000
vt 0.000000 0.000000
vt 1.000000 0.000000
vt 1.000000 1.000000
vt 0.000000 1.000000
vt 0.000000 0.000000
vt 1.000000 0.000000
vt 1.000000 1.000000
vt 0.000000 1.000000
vt 0.000000 0.000000
vt 1.000000 0.000000
vt 1.000000 1.000000
vt 0.000000 1.000000
vt 0.000000 0.000000
vt 1.000000 0.000000
vt 1.000000 1.000000
vt 0.000000 1.000000
vt 0.000000 0.000000
vt 1.000000 0.000000
vt 1.000000 1.000000
vt 0.000000 1.000000
vt 0.000000 0.000000
vt 1.000000 0.000000
vt 1.000000 1.000000
vt 0.000000 1.000000
vt 1.000000 0.000000
vt 1.000000 1.000000
vt 0.000000 1.000000
vt 0.000000 0.000000
vt 0.000000 0.000000
vt 1.000000 0.000000
vt 1.000000 1.000000
vt 0.000000 0.000000
vt 1.000000 0.000000
vt 0.000000 1.000000
vt 0.000000 0.000000
vt 1.000000 0.000000
vt 1.000000 1.000000
vt 0.000000 1.000000
vn -1.0000 0.0000 0.0000
vn 0.0000 0.0000 -1.0000
vn 1.0000 0.0000 0.0000
vn 0.0000 0.0000 1.0000
vn 0.0000 -1.0000 0.0000
vn -0.9504 0.3110 0.0000
vn 0.0000 0.5768 0.8169
vn 0.0000 0.5768 -0.8169
vn 0.9504 0.3110 0.0000
vn 0.9817 -0.1907 0.0000
vn -0.9207 0.3903 0.0000
vn -0.9817 -0.1907 0.0000
vn 0.0000 -0.3865 0.9223
vn 0.0000 -0.3865 -0.9223
vn 0.0000 1.0000 0.0000
vn 0.0000 0.6750 0.7379
vn 0.0000 0.6750 -0.7379
vn 0.9207 0.3903 0.0000
usemtl Material.001
s off
f 553/1845/427 554/1846/427 556/1847/427 555/1848/427
f 555/1849/428 556/1850/428 560/1851/428 559/1852/428
f 559/1853/429 560/1854/429 558/1855/429 557/1856/429
f 557/1857/430 558/1858/430 554/1859/430 553/1860/430
f 555/1849/431 559/1861/431 557/1862/431 553/1860/431
f 556/1863/432 554/1846/432 561/1864/432 562/1865/432
f 561/1866/430 564/1867/430 568/1868/430 565/1869/430
f 554/1870/433 558/1858/433 564/1871/433 561/1872/433
f 560/1873/434 556/1850/434 562/1874/434 563/1875/434
f 558/1876/435 560/1854/435 563/1877/435 564/1878/435
f 568/1879/436 567/1880/436 571/1881/436 572/1882/436
f 563/1883/428 562/1884/428 566/1885/428 567/1886/428
f 564/1887/429 563/1888/429 567/1889/429 568/1890/429
f 562/1891/427 561/1892/427 565/1893/427 566/1894/427
f 570/1895/437 569/1896/437 573/1897/437 574/1898/437
f 566/1899/438 565/1900/438 569/1901/438 570/1902/438
f 565/1903/439 568/1904/439 572/1905/439 569/1906/439
f 567/1907/440 566/1908/440 570/1909/440 571/1910/440
f 575/1911/441 574/1912/441 573/1913/441 576/1914/441
f 569/1915/442 572/1916/442 576/1917/442 573/1913/442
f 571/1918/443 570/1919/443 574/1912/443 575/1920/443
f 572/1921/444 571/1922/444 575/1923/444 576/1924/444
o Cube.013_Cube.082
v -1.140839 -0.023862 46.239124
v -1.140839 5.036138 46.239124
v -1.140839 -0.023862 45.419125
v -1.140839 5.036138 45.419125
v -0.760839 -0.023862 46.239124
v -0.760839 5.036138 46.239124
v -0.760839 -0.023862 45.419125
v -0.760839 5.036138 45.419125
v -1.026639 5.385188 45.992691
v -1.026639 5.385188 45.665558
v -0.875039 5.385188 45.665558
v -0.875039 5.385188 45.992691
v -1.026639 5.565935 45.992691
v -1.026639 5.565935 45.665558
v -0.875039 5.565935 45.665558
v -0.875039 5.565935 45.992691
v -1.093521 5.910302 46.137016
v -1.093521 5.910302 45.521233
v -0.808157 5.910302 45.521233
v -0.808157 5.910302 46.137016
v -0.994057 6.144935 45.922382
v -0.994057 6.144935 45.735867
v -0.907621 6.144935 45.735867
v -0.907621 6.144935 45.922382
vt 0.000000 0.000000
vt 1.000000 0.000000
vt 1.000000 1.000000
vt 0.000000 1.000000
vt 0.000000 0.000000
vt 1.000000 0.000000
vt 1.000000 1.000000
vt 0.000000 1.000000
vt 0.000000 0.000000
vt 1.000000 0.000000
vt 1.000000 1.000000
vt 0.000000 1.000000
vt 0.000000 0.000000
vt 1.000000 0.000000
vt 1.000000 1.000000
vt 0.000000 1.000000
vt 1.000000 0.000000
vt 1.000000 1.000000
vt 0.000000 0.000000
vt 1.000000 1.000000
vt 0.000000 1.000000
vt 0.000000 0.000000
vt 1.000000 0.000000
vt 1.000000 1.000000
vt 0.000000 1.000000
vt 0.000000 0.000000
vt 1.000000 1.000000
vt 0.000000 1.000000
vt 0.000000 0.000000
vt 1.000000 1.000000
vt 0.000000 1.000000
vt 0.000000 0.000000
vt 1.000000 1.000000
vt 0.000000 1.000000
vt 0.000000 0.000000
vt 1.000000 0.000000
vt 1.000000 1.000000
vt 0.000000 1.000000
vt 0.000000 0.000000
vt 1.000000 0.000000
vt 1.000000 1.000000
vt 0.000000 1.000000
vt 0.000000 0.000000
vt 1.000000 0.000000
vt 1.000000 1.000000
vt 0.000000 1.000000
vt 0.000000 0.000000
vt 1.000000 0.000000
vt 1.000000 1.000000
vt 0.000000 1.000000
vt 0.000000 0.000000
vt 1.000000 0.000000
vt 1.000000 1.000000
vt 0.000000 1.000000
vt 0.000000 0.000000
vt 1.000000 0.000000
vt 1.000000 1.000000
vt 0.000000 1.000000
vt 0.000000 0.000000
vt 1.000000 0.000000
vt 1.000000 1.000000
vt 0.000000 1.000000
vt 0.000000 0.000000
vt 1.000000 0.000000
vt 1.000000 1.000000
vt 0.000000 1.000000
vt 1.000000 0.000000
vt 1.000000 1.000000
vt 0.000000 1.000000
vt 0.000000 0.000000
vt 0.000000 0.000000
vt 1.000000 0.000000
vt 1.000000 1.000000
vt 0.000000 0.000000
vt 1.000000 0.000000
vt 0.000000 1.000000
vt 0.000000 0.000000
vt 1.000000 0.000000
vt 1.000000 1.000000
vt 0.000000 1.000000
vn -1.0000 0.0000 0.0000
vn 0.0000 0.0000 -1.0000
vn 1.0000 0.0000 0.0000
vn 0.0000 0.0000 1.0000
vn 0.0000 -1.0000 0.0000
vn -0.9504 0.3110 0.0000
vn 0.0000 0.5768 0.8169
vn 0.0000 0.5768 -0.8169
vn 0.9504 0.3110 0.0000
vn 0.9817 -0.1907 0.0000
vn -0.9207 0.3903 0.0000
vn -0.9817 -0.1907 0.0000
vn 0.0000 -0.3865 0.9223
vn 0.0000 -0.3865 -0.9223
vn 0.0000 1.0000 0.0000
vn 0.0000 0.6750 0.7379
vn 0.0000 0.6750 -0.7379
vn 0.9207 0.3903 0.0000
usemtl Material.001
s off
f 577/1925/445 578/1926/445 580/1927/445 579/1928/445
f 579/1929/446 580/1930/446 584/1931/446 583/1932/446
f 583/1933/447 584/1934/447 582/1935/447 581/1936/447
f 581/1937/448 582/1938/448 578/1939/448 577/1940/448
f 579/1929/449 583/1941/449 581/1942/449 577/1940/449
f 580/1943/450 578/1926/450 585/1944/450 586/1945/450
f 585/1946/448 588/1947/448 592/1948/448 589/1949/448
f 578/1950/451 582/1938/451 588/1951/451 585/1952/451
f 584/1953/452 580/1930/452 586/1954/452 587/1955/452
f 582/1956/453 584/1934/453 587/1957/453 588/1958/453
f 592/1959/454 591/1960/454 595/1961/454 596/1962/454
f 587/1963/446 586/1964/446 590/1965/446 591/1966/446
f 588/1967/447 587/1968/447 591/1969/447 592/1970/447
f 586/1971/445 585/1972/445 589/1973/445 590/1974/445
f 594/1975/455 593/1976/455 597/1977/455 598/1978/455
f 590/1979/456 589/1980/456 593/1981/456 594/1982/456
f 589/1983/457 592/1984/457 596/1985/457 593/1986/457
f 591/1987/458 590/1988/458 594/1989/458 595/1990/458
f 599/1991/459 598/1992/459 597/1993/459 600/1994/459
f 593/1995/460 596/1996/460 600/1997/460 597/1993/460
f 595/1998/461 594/1999/461 598/1992/461 599/2000/461
f 596/2001/462 595/2002/462 599/2003/462 600/2004/462
o Cube.012_Cube.081
v -1.140839 -0.023862 47.880939
v -1.140839 5.036138 47.880939
v -1.140839 -0.023862 47.060940
v -1.140839 5.036138 47.060940
v -0.760839 -0.023862 47.880939
v -0.760839 5.036138 47.880939
v -0.760839 -0.023862 47.060940
v -0.760839 5.036138 47.060940
v -1.026639 5.385188 47.634506
v -1.026639 5.385188 47.307373
v -0.875039 5.385188 47.307373
v -0.875039 5.385188 47.634506
v -1.026639 5.565935 47.634506
v -1.026639 5.565935 47.307373
v -0.875039 5.565935 47.307373
v -0.875039 5.565935 47.634506
v -1.093521 5.910302 47.778831
v -1.093521 5.910302 47.163048
v -0.808157 5.910302 47.163048
v -0.808157 5.910302 47.778831
v -0.994057 6.144935 47.564198
v -0.994057 6.144935 47.377682
v -0.907621 6.144935 47.377682
v -0.907621 6.144935 47.564198
vt 0.000000 0.000000
vt 1.000000 0.000000
vt 1.000000 1.000000
vt 0.000000 1.000000
vt 0.000000 0.000000
vt 1.000000 0.000000
vt 1.000000 1.000000
vt 0.000000 1.000000
vt 0.000000 0.000000
vt 1.000000 0.000000
vt 1.000000 1.000000
vt 0.000000 1.000000
vt 0.000000 0.000000
vt 1.000000 0.000000
vt 1.000000 1.000000
vt 0.000000 1.000000
vt 1.000000 0.000000
vt 1.000000 1.000000
vt 0.000000 0.000000
vt 1.000000 1.000000
vt 0.000000 1.000000
vt 0.000000 0.000000
vt 1.000000 0.000000
vt 1.000000 1.000000
vt 0.000000 1.000000
vt 0.000000 0.000000
vt 1.000000 1.000000
vt 0.000000 1.000000
vt 0.000000 0.000000
vt 1.000000 1.000000
vt 0.000000 1.000000
vt 0.000000 0.000000
vt 1.000000 1.000000
vt 0.000000 1.000000
vt 0.000000 0.000000
vt 1.000000 0.000000
vt 1.000000 1.000000
vt 0.000000 1.000000
vt 0.000000 0.000000
vt 1.000000 0.000000
vt 1.000000 1.000000
vt 0.000000 1.000000
vt 0.000000 0.000000
vt 1.000000 0.000000
vt 1.000000 1.000000
vt 0.000000 1.000000
vt 0.000000 0.000000
vt 1.000000 0.000000
vt 1.000000 1.000000
vt 0.000000 1.000000
vt 0.000000 0.000000
vt 1.000000 0.000000
vt 1.000000 1.000000
vt 0.000000 1.000000
vt 0.000000 0.000000
vt 1.000000 0.000000
vt 1.000000 1.000000
vt 0.000000 1.000000
vt 0.000000 0.000000
vt 1.000000 0.000000
vt 1.000000 1.000000
vt 0.000000 1.000000
vt 0.000000 0.000000
vt 1.000000 0.000000
vt 1.000000 1.000000
vt 0.000000 1.000000
vt 1.000000 0.000000
vt 1.000000 1.000000
vt 0.000000 1.000000
vt 0.000000 0.000000
vt 0.000000 0.000000
vt 1.000000 0.000000
vt 1.000000 1.000000
vt 0.000000 0.000000
vt 1.000000 0.000000
vt 0.000000 1.000000
vt 0.000000 0.000000
vt 1.000000 0.000000
vt 1.000000 1.000000
vt 0.000000 1.000000
vn -1.0000 0.0000 0.0000
vn 0.0000 0.0000 -1.0000
vn 1.0000 0.0000 0.0000
vn 0.0000 0.0000 1.0000
vn 0.0000 -1.0000 0.0000
vn -0.9504 0.3110 0.0000
vn 0.0000 0.5768 0.8169
vn 0.0000 0.5768 -0.8169
vn 0.9504 0.3110 0.0000
vn 0.9817 -0.1907 0.0000
vn -0.9207 0.3903 0.0000
vn -0.9817 -0.1907 0.0000
vn 0.0000 -0.3865 0.9223
vn 0.0000 -0.3865 -0.9223
vn 0.0000 1.0000 0.0000
vn 0.0000 0.6750 0.7379
vn 0.0000 0.6750 -0.7379
vn 0.9207 0.3903 0.0000
usemtl Material.001
s off
f 601/2005/463 602/2006/463 604/2007/463 603/2008/463
f 603/2009/464 604/2010/464 608/2011/464 607/2012/464
f 607/2013/465 608/2014/465 606/2015/465 605/2016/465
f 605/2017/466 606/2018/466 602/2019/466 601/2020/466
f 603/2009/467 607/2021/467 605/2022/467 601/2020/467
f 604/2023/468 602/2006/468 609/2024/468 610/2025/468
f 609/2026/466 612/2027/466 616/2028/466 613/2029/466
f 602/2030/469 606/2018/469 612/2031/469 609/2032/469
f 608/2033/470 604/2010/470 610/2034/470 611/2035/470
f 606/2036/471 608/2014/471 611/2037/471 612/2038/471
f 616/2039/472 615/2040/472 619/2041/472 620/2042/472
f 611/2043/464 610/2044/464 614/2045/464 615/2046/464
f 612/2047/465 611/2048/465 615/2049/465 616/2050/465
f 610/2051/463 609/2052/463 613/2053/463 614/2054/463
f 618/2055/473 617/2056/473 621/2057/473 622/2058/473
f 614/2059/474 613/2060/474 617/2061/474 618/2062/474
f 613/2063/475 616/2064/475 620/2065/475 617/2066/475
f 615/2067/476 614/2068/476 618/2069/476 619/2070/476
f 623/2071/477 622/2072/477 621/2073/477 624/2074/477
f 617/2075/478 620/2076/478 624/2077/478 621/2073/478
f 619/2078/479 618/2079/479 622/2072/479 623/2080/479
f 620/2081/480 619/2082/480 623/2083/480 624/2084/480
o Cube.011_Cube.080
v -1.140839 -0.023862 49.541546
v -1.140839 5.036138 49.541546
v -1.140839 -0.023862 48.721546
v -1.140839 5.036138 48.721546
v -0.760839 -0.023862 49.541546
v -0.760839 5.036138 49.541546
v -0.760839 -0.023862 48.721546
v -0.760839 5.036138 48.721546
v -1.026639 5.385188 49.295113
v -1.026639 5.385188 48.967979
v -0.875039 5.385188 48.967979
v -0.875039 5.385188 49.295113
v -1.026639 5.565935 49.295113
v -1.026639 5.565935 48.967979
v -0.875039 5.565935 48.967979
v -0.875039 5.565935 49.295113
v -1.093521 5.910302 49.439438
v -1.093521 5.910302 48.823654
v -0.808157 5.910302 48.823654
v -0.808157 5.910302 49.439438
v -0.994057 6.144935 49.224804
v -0.994057 6.144935 49.038288
v -0.907621 6.144935 49.038288
v -0.907621 6.144935 49.224804
vt 0.000000 0.000000
vt 1.000000 0.000000
vt 1.000000 1.000000
vt 0.000000 1.000000
vt 0.000000 0.000000
vt 1.000000 0.000000
vt 1.000000 1.000000
vt 0.000000 1.000000
vt 0.000000 0.000000
vt 1.000000 0.000000
vt 1.000000 1.000000
vt 0.000000 1.000000
vt 0.000000 0.000000
vt 1.000000 0.000000
vt 1.000000 1.000000
vt 0.000000 1.000000
vt 1.000000 0.000000
vt 1.000000 1.000000
vt 0.000000 0.000000
vt 1.000000 1.000000
vt 0.000000 1.000000
vt 0.000000 0.000000
vt 1.000000 0.000000
vt 1.000000 1.000000
vt 0.000000 1.000000
vt 0.000000 0.000000
vt 1.000000 1.000000
vt 0.000000 1.000000
vt 0.000000 0.000000
vt 1.000000 1.000000
vt 0.000000 1.000000
vt 0.000000 0.000000
vt 1.000000 1.000000
vt 0.000000 1.000000
vt 0.000000 0.000000
vt 1.000000 0.000000
vt 1.000000 1.000000
vt 0.000000 1.000000
vt 0.000000 0.000000
vt 1.000000 0.000000
vt 1.000000 1.000000
vt 0.000000 1.000000
vt 0.000000 0.000000
vt 1.000000 0.000000
vt 1.000000 1.000000
vt 0.000000 1.000000
vt 0.000000 0.000000
vt 1.000000 0.000000
vt 1.000000 1.000000
vt 0.000000 1.000000
vt 0.000000 0.000000
vt 1.000000 0.000000
vt 1.000000 1.000000
vt 0.000000 1.000000
vt 0.000000 0.000000
vt 1.000000 0.000000
vt 1.000000 1.000000
vt 0.000000 1.000000
vt 0.000000 0.000000
vt 1.000000 0.000000
vt 1.000000 1.000000
vt 0.000000 1.000000
vt 0.000000 0.000000
vt 1.000000 0.000000
vt 1.000000 1.000000
vt 0.000000 1.000000
vt 1.000000 0.000000
vt 1.000000 1.000000
vt 0.000000 1.000000
vt 0.000000 0.000000
vt 0.000000 0.000000
vt 1.000000 0.000000
vt 1.000000 1.000000
vt 0.000000 0.000000
vt 1.000000 0.000000
vt 0.000000 1.000000
vt 0.000000 0.000000
vt 1.000000 0.000000
vt 1.000000 1.000000
vt 0.000000 1.000000
vn -1.0000 0.0000 0.0000
vn 0.0000 0.0000 -1.0000
vn 1.0000 0.0000 0.0000
vn 0.0000 0.0000 1.0000
vn 0.0000 -1.0000 0.0000
vn -0.9504 0.3110 0.0000
vn 0.0000 0.5768 0.8169
vn 0.0000 0.5768 -0.8169
vn 0.9504 0.3110 0.0000
vn 0.9817 -0.1907 0.0000
vn -0.9207 0.3903 0.0000
vn -0.9817 -0.1907 0.0000
vn 0.0000 -0.3865 0.9223
vn 0.0000 -0.3865 -0.9223
vn 0.0000 1.0000 0.0000
vn 0.0000 0.6750 0.7379
vn 0.0000 0.6750 -0.7379
vn 0.9207 0.3903 0.0000
usemtl Material.001
s off
f 625/2085/481 626/2086/481 628/2087/481 627/2088/481
f 627/2089/482 628/2090/482 632/2091/482 631/2092/482
f 631/2093/483 632/2094/483 630/2095/483 629/2096/483
f 629/2097/484 630/2098/484 626/2099/484 625/2100/484
f 627/2089/485 631/2101/485 629/2102/485 625/2100/485
f 628/2103/486 626/2086/486 633/2104/486 634/2105/486
f 633/2106/484 636/2107/484 640/2108/484 637/2109/484
f 626/2110/487 630/2098/487 636/2111/487 633/2112/487
f 632/2113/488 628/2090/488 634/2114/488 635/2115/488
f 630/2116/489 632/2094/489 635/2117/489 636/2118/489
f 640/2119/490 639/2120/490 643/2121/490 644/2122/490
f 635/2123/482 634/2124/482 638/2125/482 639/2126/482
f 636/2127/483 635/2128/483 639/2129/483 640/2130/483
f 634/2131/481 633/2132/481 637/2133/481 638/2134/481
f 642/2135/491 641/2136/491 645/2137/491 646/2138/491
f 638/2139/492 637/2140/492 641/2141/492 642/2142/492
f 637/2143/493 640/2144/493 644/2145/493 641/2146/493
f 639/2147/494 638/2148/494 642/2149/494 643/2150/494
f 647/2151/495 646/2152/495 645/2153/495 648/2154/495
f 641/2155/496 644/2156/496 648/2157/496 645/2153/496
f 643/2158/497 642/2159/497 646/2152/497 647/2160/497
f 644/2161/498 643/2162/498 647/2163/498 648/2164/498
o Cube.010_Cube.079
v -1.140839 -0.023862 51.189838
v -1.140839 5.036138 51.189838
v -1.140839 -0.023862 50.369839
v -1.140839 5.036138 50.369839
v -0.760839 -0.023862 51.189838
v -0.760839 5.036138 51.189838
v -0.760839 -0.023862 50.369839
v -0.760839 5.036138 50.369839
v -1.026639 5.385188 50.943405
v -1.026639 5.385188 50.616272
v -0.875039 5.385188 50.616272
v -0.875039 5.385188 50.943405
v -1.026639 5.565935 50.943405
v -1.026639 5.565935 50.616272
v -0.875039 5.565935 50.616272
v -0.875039 5.565935 50.943405
v -1.093521 5.910302 51.087730
v -1.093521 5.910302 50.471947
v -0.808157 5.910302 50.471947
v -0.808157 5.910302 51.087730
v -0.994057 6.144935 50.873096
v -0.994057 6.144935 50.686581
v -0.907621 6.144935 50.686581
v -0.907621 6.144935 50.873096
vt 0.000000 0.000000
vt 1.000000 0.000000
vt 1.000000 1.000000
vt 0.000000 1.000000
vt 0.000000 0.000000
vt 1.000000 0.000000
vt 1.000000 1.000000
vt 0.000000 1.000000
vt 0.000000 0.000000
vt 1.000000 0.000000
vt 1.000000 1.000000
vt 0.000000 1.000000
vt 0.000000 0.000000
vt 1.000000 0.000000
vt 1.000000 1.000000
vt 0.000000 1.000000
vt 1.000000 0.000000
vt 1.000000 1.000000
vt 0.000000 0.000000
vt 1.000000 1.000000
vt 0.000000 1.000000
vt 0.000000 0.000000
vt 1.000000 0.000000
vt 1.000000 1.000000
vt 0.000000 1.000000
vt 0.000000 0.000000
vt 1.000000 1.000000
vt 0.000000 1.000000
vt 0.000000 0.000000
vt 1.000000 1.000000
vt 0.000000 1.000000
vt 0.000000 0.000000
vt 1.000000 1.000000
vt 0.000000 1.000000
vt 0.000000 0.000000
vt 1.000000 0.000000
vt 1.000000 1.000000
vt 0.000000 1.000000
vt 0.000000 0.000000
vt 1.000000 0.000000
vt 1.000000 1.000000
vt 0.000000 1.000000
vt 0.000000 0.000000
vt 1.000000 0.000000
vt 1.000000 1.000000
vt 0.000000 1.000000
vt 0.000000 0.000000
vt 1.000000 0.000000
vt 1.000000 1.000000
vt 0.000000 1.000000
vt 0.000000 0.000000
vt 1.000000 0.000000
vt 1.000000 1.000000
vt 0.000000 1.000000
vt 0.000000 0.000000
vt 1.000000 0.000000
vt 1.000000 1.000000
vt 0.000000 1.000000
vt 0.000000 0.000000
vt 1.000000 0.000000
vt 1.000000 1.000000
vt 0.000000 1.000000
vt 0.000000 0.000000
vt 1.000000 0.000000
vt 1.000000 1.000000
vt 0.000000 1.000000
vt 1.000000 0.000000
vt 1.000000 1.000000
vt 0.000000 1.000000
vt 0.000000 0.000000
vt 0.000000 0.000000
vt 1.000000 0.000000
vt 1.000000 1.000000
vt 0.000000 0.000000
vt 1.000000 0.000000
vt 0.000000 1.000000
vt 0.000000 0.000000
vt 1.000000 0.000000
vt 1.000000 1.000000
vt 0.000000 1.000000
vn -1.0000 0.0000 0.0000
vn 0.0000 0.0000 -1.0000
vn 1.0000 0.0000 0.0000
vn 0.0000 0.0000 1.0000
vn 0.0000 -1.0000 0.0000
vn -0.9504 0.3110 0.0000
vn 0.0000 0.5768 0.8169
vn 0.0000 0.5768 -0.8169
vn 0.9504 0.3110 0.0000
vn 0.9817 -0.1907 0.0000
vn -0.9207 0.3903 0.0000
vn -0.9817 -0.1907 0.0000
vn 0.0000 -0.3865 0.9223
vn 0.0000 -0.3865 -0.9223
vn 0.0000 1.0000 0.0000
vn 0.0000 0.6750 0.7379
vn 0.0000 0.6750 -0.7379
vn 0.9207 0.3903 0.0000
usemtl Material.001
s off
f 649/2165/499 650/2166/499 652/2167/499 651/2168/499
f 651/2169/500 652/2170/500 656/2171/500 655/2172/500
f 655/2173/501 656/2174/501 654/2175/501 653/2176/501
f 653/2177/502 654/2178/502 650/2179/502 649/2180/502
f 651/2169/503 655/2181/503 653/2182/503 649/2180/503
f 652/2183/504 650/2166/504 657/2184/504 658/2185/504
f 657/2186/502 660/2187/502 664/2188/502 661/2189/502
f 650/2190/505 654/2178/505 660/2191/505 657/2192/505
f 656/2193/506 652/2170/506 658/2194/506 659/2195/506
f 654/2196/507 656/2174/507 659/2197/507 660/2198/507
f 664/2199/508 663/2200/508 667/2201/508 668/2202/508
f 659/2203/500 658/2204/500 662/2205/500 663/2206/500
f 660/2207/501 659/2208/501 663/2209/501 664/2210/501
f 658/2211/499 657/2212/499 661/2213/499 662/2214/499
f 666/2215/509 665/2216/509 669/2217/509 670/2218/509
f 662/2219/510 661/2220/510 665/2221/510 666/2222/510
f 661/2223/511 664/2224/511 668/2225/511 665/2226/511
f 663/2227/512 662/2228/512 666/2229/512 667/2230/512
f 671/2231/513 670/2232/513 669/2233/513 672/2234/513
f 665/2235/514 668/2236/514 672/2237/514 669/2233/514
f 667/2238/515 666/2239/515 670/2232/515 671/2240/515
f 668/2241/516 667/2242/516 671/2243/516 672/2244/516
o Cube.009_Cube.078
v -0.829247 4.057229 52.144192
v -0.829247 3.597229 52.144192
v -0.829247 4.057229 42.964191
v -0.829247 3.597229 42.964191
v -0.649247 4.057229 52.144192
v -0.649247 3.597229 52.144192
v -0.649247 4.057229 42.964191
v -0.649247 3.597229 42.964191
vt 0.666667 0.333333
vt 0.666667 0.000000
vt 0.333333 0.000000
vt 0.333333 0.333333
vt 0.333333 0.666667
vt 0.333333 0.333333
vt 0.000000 0.333333
vt 0.000000 0.666667
vt 0.333333 0.000000
vt 0.000000 0.000000
vt 0.333333 0.666667
vt 0.666667 0.666667
vt 0.666667 0.333333
vt 0.333333 0.333333
vt 1.000000 0.333333
vt 1.000000 0.000000
vt 0.666667 0.000000
vt 0.666667 0.333333
vt 0.333333 0.666667
vt 0.000000 0.666667
vt 0.000000 1.000000
vt 0.333333 1.000000
vn -1.0000 0.0000 0.0000
vn 0.0000 0.0000 -1.0000
vn 1.0000 0.0000 0.0000
vn 0.0000 0.0000 1.0000
vn 0.0000 1.0000 0.0000
vn 0.0000 -1.0000 0.0000
usemtl Material.001
s off
f 673/2245/517 675/2246/517 676/2247/517 674/2248/517
f 675/2249/518 679/2250/518 680/2251/518 676/2252/518
f 679/2250/519 677/2253/519 678/2254/519 680/2251/519
f 677/2255/520 673/2256/520 674/2257/520 678/2258/520
f 675/2259/521 673/2260/521 677/2261/521 679/2262/521
f 680/2263/522 678/2264/522 674/2265/522 676/2266/522
o Cube.008_Cube.077
v -0.829247 1.103071 52.144192
v -0.829247 0.643071 52.144192
v -0.829247 1.103071 42.964191
v -0.829247 0.643071 42.964191
v -0.649247 1.103071 52.144192
v -0.649247 0.643071 52.144192
v -0.649247 1.103071 42.964191
v -0.649247 0.643071 42.964191
vt 0.666667 0.333333
vt 0.666667 0.000000
vt 0.333333 0.000000
vt 0.333333 0.333333
vt 0.333333 0.666667
vt 0.333333 0.333333
vt 0.000000 0.333333
vt 0.000000 0.666667
vt 0.333333 0.000000
vt 0.000000 0.000000
vt 0.333333 0.666667
vt 0.666667 0.666667
vt 0.666667 0.333333
vt 0.333333 0.333333
vt 1.000000 0.333333
vt 1.000000 0.000000
vt 0.666667 0.000000
vt 0.666667 0.333333
vt 0.333333 0.666667
vt 0.000000 0.666667
vt 0.000000 1.000000
vt 0.333333 1.000000
vn -1.0000 0.0000 0.0000
vn 0.0000 0.0000 -1.0000
vn 1.0000 0.0000 0.0000
vn 0.0000 0.0000 1.0000
vn 0.0000 1.0000 0.0000
vn 0.0000 -1.0000 0.0000
usemtl Material.001
s off
f 681/2267/523 683/2268/523 684/2269/523 682/2270/523
f 683/2271/524 687/2272/524 688/2273/524 684/2274/524
f 687/2272/525 685/2275/525 686/2276/525 688/2273/525
f 685/2277/526 681/2278/526 682/2279/526 686/2280/526
f 683/2281/527 681/2282/527 685/2283/527 687/2284/527
f 688/2285/528 686/2286/528 682/2287/528 684/2288/528
o Cube.007_Cube.076
v -0.829247 1.103071 42.683559
v -0.829247 0.643071 42.683559
v -0.829247 1.103071 33.503559
v -0.829247 0.643071 33.503559
v -0.649247 1.103071 42.683559
v -0.649247 0.643071 42.683559
v -0.649247 1.103071 33.503559
v -0.649247 0.643071 33.503559
vt 0.666667 0.333333
vt 0.666667 0.000000
vt 0.333333 0.000000
vt 0.333333 0.333333
vt 0.333333 0.666667
vt 0.333333 0.333333
vt 0.000000 0.333333
vt 0.000000 0.666667
vt 0.333333 0.000000
vt 0.000000 0.000000
vt 0.333333 0.666667
vt 0.666667 0.666667
vt 0.666667 0.333333
vt 0.333333 0.333333
vt 1.000000 0.333333
vt 1.000000 0.000000
vt 0.666667 0.000000
vt 0.666667 0.333333
vt 0.333333 0.666667
vt 0.000000 0.666667
vt 0.000000 1.000000
vt 0.333333 1.000000
vn -1.0000 0.0000 0.0000
vn 0.0000 0.0000 -1.0000
vn 1.0000 0.0000 0.0000
vn 0.0000 0.0000 1.0000
vn 0.0000 1.0000 0.0000
vn 0.0000 -1.0000 0.0000
usemtl Material.001
s off
f 689/2289/529 691/2290/529 692/2291/529 690/2292/529
f 691/2293/530 695/2294/530 696/2295/530 692/2296/530
f 695/2294/531 693/2297/531 694/2298/531 696/2295/531
f 693/2299/532 689/2300/532 690/2301/532 694/2302/532
f 691/2303/533 689/2304/533 693/2305/533 695/2306/533
f 696/2307/534 694/2308/534 690/2309/534 692/2310/534
o Cube.006_Cube.075
v -0.829247 4.057229 42.683559
v -0.829247 3.597229 42.683559
v -0.829247 4.057229 33.503559
v -0.829247 3.597229 33.503559
v -0.649247 4.057229 42.683559
v -0.649247 3.597229 42.683559
v -0.649247 4.057229 33.503559
v -0.649247 3.597229 33.503559
vt 0.666667 0.333333
vt 0.666667 0.000000
vt 0.333333 0.000000
vt 0.333333 0.333333
vt 0.333333 0.666667
vt 0.333333 0.333333
vt 0.000000 0.333333
vt 0.000000 0.666667
vt 0.333333 0.000000
vt 0.000000 0.000000
vt 0.333333 0.666667
vt 0.666667 0.666667
vt 0.666667 0.333333
vt 0.333333 0.333333
vt 1.000000 0.333333
vt 1.000000 0.000000
vt 0.666667 0.000000
vt 0.666667 0.333333
vt 0.333333 0.666667
vt 0.000000 0.666667
vt 0.000000 1.000000
vt 0.333333 1.000000
vn -1.0000 0.0000 0.0000
vn 0.0000 0.0000 -1.0000
vn 1.0000 0.0000 0.0000
vn 0.0000 0.0000 1.0000
vn 0.0000 1.0000 0.0000
vn 0.0000 -1.0000 0.0000
usemtl Material.001
s off
f 697/2311/535 699/2312/535 700/2313/535 698/2314/535
f 699/2315/536 703/2316/536 704/2317/536 700/2318/536
f 703/2316/537 701/2319/537 702/2320/537 704/2317/537
f 701/2321/538 697/2322/538 698/2323/538 702/2324/538
f 699/2325/539 697/2326/539 701/2327/539 703/2328/539
f 704/2329/540 702/2330/540 698/2331/540 700/2332/540
o Cube.005_Cube.039
v -1.140839 -0.023862 41.729206
v -1.140839 5.036138 41.729206
v -1.140839 -0.023862 40.909206
v -1.140839 5.036138 40.909206
v -0.760839 -0.023862 41.729206
v -0.760839 5.036138 41.729206
v -0.760839 -0.023862 40.909206
v -0.760839 5.036138 40.909206
v -1.026639 5.385188 41.482773
v -1.026639 5.385188 41.155640
v -0.875039 5.385188 41.155640
v -0.875039 5.385188 41.482773
v -1.026639 5.565935 41.482773
v -1.026639 5.565935 41.155640
v -0.875039 5.565935 41.155640
v -0.875039 5.565935 41.482773
v -1.093521 5.910302 41.627098
v -1.093521 5.910302 41.011314
v -0.808157 5.910302 41.011314
v -0.808157 5.910302 41.627098
v -0.994057 6.144935 41.412464
v -0.994057 6.144935 41.225948
v -0.907621 6.144935 41.225948
v -0.907621 6.144935 41.412464
vt 0.000000 0.000000
vt 1.000000 0.000000
vt 1.000000 1.000000
vt 0.000000 1.000000
vt 0.000000 0.000000
vt 1.000000 0.000000
vt 1.000000 1.000000
vt 0.000000 1.000000
vt 0.000000 0.000000
vt 1.000000 0.000000
vt 1.000000 1.000000
vt 0.000000 1.000000
vt 0.000000 0.000000
vt 1.000000 0.000000
vt 1.000000 1.000000
vt 0.000000 1.000000
vt 1.000000 0.000000
vt 1.000000 1.000000
vt 0.000000 0.000000
vt 1.000000 1.000000
vt 0.000000 1.000000
vt 0.000000 0.000000
vt 1.000000 0.000000
vt 1.000000 1.000000
vt 0.000000 1.000000
vt 0.000000 0.000000
vt 1.000000 1.000000
vt 0.000000 1.000000
vt 0.000000 0.000000
vt 1.000000 1.000000
vt 0.000000 1.000000
vt 0.000000 0.000000
vt 1.000000 1.000000
vt 0.000000 1.000000
vt 0.000000 0.000000
vt 1.000000 0.000000
vt 1.000000 1.000000
vt 0.000000 1.000000
vt 0.000000 0.000000
vt 1.000000 0.000000
vt 1.000000 1.000000
vt 0.000000 1.000000
vt 0.000000 0.000000
vt 1.000000 0.000000
vt 1.000000 1.000000
vt 0.000000 1.000000
vt 0.000000 0.000000
vt 1.000000 0.000000
vt 1.000000 1.000000
vt 0.000000 1.000000
vt 0.000000 0.000000
vt 1.000000 0.000000
vt 1.000000 1.000000
vt 0.000000 1.000000
vt 0.000000 0.000000
vt 1.000000 0.000000
vt 1.000000 1.000000
vt 0.000000 1.000000
vt 0.000000 0.000000
vt 1.000000 0.000000
vt 1.000000 1.000000
vt 0.000000 1.000000
vt 0.000000 0.000000
vt 1.000000 0.000000
vt 1.000000 1.000000
vt 0.000000 1.000000
vt 1.000000 0.000000
vt 1.000000 1.000000
vt 0.000000 1.000000
vt 0.000000 0.000000
vt 0.000000 0.000000
vt 1.000000 0.000000
vt 1.000000 1.000000
vt 0.000000 0.000000
vt 1.000000 0.000000
vt 0.000000 1.000000
vt 0.000000 0.000000
vt 1.000000 0.000000
vt 1.000000 1.000000
vt 0.000000 1.000000
vn -1.0000 0.0000 0.0000
vn 0.0000 0.0000 -1.0000
vn 1.0000 0.0000 0.0000
vn 0.0000 0.0000 1.0000
vn 0.0000 -1.0000 0.0000
vn -0.9504 0.3110 0.0000
vn 0.0000 0.5768 0.8169
vn 0.0000 0.5768 -0.8169
vn 0.9504 0.3110 0.0000
vn 0.9817 -0.1907 0.0000
vn -0.9207 0.3903 0.0000
vn -0.9817 -0.1907 0.0000
vn 0.0000 -0.3865 0.9223
vn 0.0000 -0.3865 -0.9223
vn 0.0000 1.0000 0.0000
vn 0.0000 0.6750 0.7379
vn 0.0000 0.6750 -0.7379
vn 0.9207 0.3903 0.0000
usemtl Material.001
s off
f 705/2333/541 706/2334/541 708/2335/541 707/2336/541
f 707/2337/542 708/2338/542 712/2339/542 711/2340/542
f 711/2341/543 712/2342/543 710/2343/543 709/2344/543
f 709/2345/544 710/2346/544 706/2347/544 705/2348/544
f 707/2337/545 711/2349/545 709/2350/545 705/2348/545
f 708/2351/546 706/2334/546 713/2352/546 714/2353/546
f 713/2354/544 716/2355/544 720/2356/544 717/2357/544
f 706/2358/547 710/2346/547 716/2359/547 713/2360/547
f 712/2361/548 708/2338/548 714/2362/548 715/2363/548
f 710/2364/549 712/2342/549 715/2365/549 716/2366/549
f 720/2367/550 719/2368/550 723/2369/550 724/2370/550
f 715/2371/542 714/2372/542 718/2373/542 719/2374/542
f 716/2375/543 715/2376/543 719/2377/543 720/2378/543
f 714/2379/541 713/2380/541 717/2381/541 718/2382/541
f 722/2383/551 721/2384/551 725/2385/551 726/2386/551
f 718/2387/552 717/2388/552 721/2389/552 722/2390/552
f 717/2391/553 720/2392/553 724/2393/553 721/2394/553
f 719/2395/554 718/2396/554 722/2397/554 723/2398/554
f 727/2399/555 726/2400/555 725/2401/555 728/2402/555
f 721/2403/556 724/2404/556 728/2405/556 725/2401/556
f 723/2406/557 722/2407/557 726/2400/557 727/2408/557
f 724/2409/558 723/2410/558 727/2411/558 728/2412/558
o Cube.004_Cube.038
v -1.140839 -0.023862 40.080914
v -1.140839 5.036138 40.080914
v -1.140839 -0.023862 39.260914
v -1.140839 5.036138 39.260914
v -0.760839 -0.023862 40.080914
v -0.760839 5.036138 40.080914
v -0.760839 -0.023862 39.260914
v -0.760839 5.036138 39.260914
v -1.026639 5.385188 39.834480
v -1.026639 5.385188 39.507347
v -0.875039 5.385188 39.507347
v -0.875039 5.385188 39.834480
v -1.026639 5.565935 39.834480
v -1.026639 5.565935 39.507347
v -0.875039 5.565935 39.507347
v -0.875039 5.565935 39.834480
v -1.093521 5.910302 39.978806
v -1.093521 5.910302 39.363022
v -0.808157 5.910302 39.363022
v -0.808157 5.910302 39.978806
v -0.994057 6.144935 39.764172
v -0.994057 6.144935 39.577656
v -0.907621 6.144935 39.577656
v -0.907621 6.144935 39.764172
vt 0.000000 0.000000
vt 1.000000 0.000000
vt 1.000000 1.000000
vt 0.000000 1.000000
vt 0.000000 0.000000
vt 1.000000 0.000000
vt 1.000000 1.000000
vt 0.000000 1.000000
vt 0.000000 0.000000
vt 1.000000 0.000000
vt 1.000000 1.000000
vt 0.000000 1.000000
vt 0.000000 0.000000
vt 1.000000 0.000000
vt 1.000000 1.000000
vt 0.000000 1.000000
vt 1.000000 0.000000
vt 1.000000 1.000000
vt 0.000000 0.000000
vt 1.000000 1.000000
vt 0.000000 1.000000
vt 0.000000 0.000000
vt 1.000000 0.000000
vt 1.000000 1.000000
vt 0.000000 1.000000
vt 0.000000 0.000000
vt 1.000000 1.000000
vt 0.000000 1.000000
vt 0.000000 0.000000
vt 1.000000 1.000000
vt 0.000000 1.000000
vt 0.000000 0.000000
vt 1.000000 1.000000
vt 0.000000 1.000000
vt 0.000000 0.000000
vt 1.000000 0.000000
vt 1.000000 1.000000
vt 0.000000 1.000000
vt 0.000000 0.000000
vt 1.000000 0.000000
vt 1.000000 1.000000
vt 0.000000 1.000000
vt 0.000000 0.000000
vt 1.000000 0.000000
vt 1.000000 1.000000
vt 0.000000 1.000000
vt 0.000000 0.000000
vt 1.000000 0.000000
vt 1.000000 1.000000
vt 0.000000 1.000000
vt 0.000000 0.000000
vt 1.000000 0.000000
vt 1.000000 1.000000
vt 0.000000 1.000000
vt 0.000000 0.000000
vt 1.000000 0.000000
vt 1.000000 1.000000
vt 0.000000 1.000000
vt 0.000000 0.000000
vt 1.000000 0.000000
vt 1.000000 1.000000
vt 0.000000 1.000000
vt 0.000000 0.000000
vt 1.000000 0.000000
vt 1.000000 1.000000
vt 0.000000 1.000000
vt 1.000000 0.000000
vt 1.000000 1.000000
vt 0.000000 1.000000
vt 0.000000 0.000000
vt 0.000000 0.000000
vt 1.000000 0.000000
vt 1.000000 1.000000
vt 0.000000 0.000000
vt 1.000000 0.000000
vt 0.000000 1.000000
vt 0.000000 0.000000
vt 1.000000 0.000000
vt 1.000000 1.000000
vt 0.000000 1.000000
vn -1.0000 0.0000 0.0000
vn 0.0000 0.0000 -1.0000
vn 1.0000 0.0000 0.0000
vn 0.0000 0.0000 1.0000
vn 0.0000 -1.0000 0.0000
vn -0.9504 0.3110 0.0000
vn 0.0000 0.5768 0.8169
vn 0.0000 0.5768 -0.8169
vn 0.9504 0.3110 0.0000
vn 0.9817 -0.1907 0.0000
vn -0.9207 0.3903 0.0000
vn -0.9817 -0.1907 0.0000
vn 0.0000 -0.3865 0.9223
vn 0.0000 -0.3865 -0.9223
vn 0.0000 1.0000 0.0000
vn 0.0000 0.6750 0.7379
vn 0.0000 0.6750 -0.7379
vn 0.9207 0.3903 0.0000
usemtl Material.001
s off
f 729/2413/559 730/2414/559 732/2415/559 731/2416/559
f 731/2417/560 732/2418/560 736/2419/560 735/2420/560
f 735/2421/561 736/2422/561 734/2423/561 733/2424/561
f 733/2425/562 734/2426/562 730/2427/562 729/2428/562
f 731/2417/563 735/2429/563 733/2430/563 729/2428/563
f 732/2431/564 730/2414/564 737/2432/564 738/2433/564
f 737/2434/562 740/2435/562 744/2436/562 741/2437/562
f 730/2438/565 734/2426/565 740/2439/565 737/2440/565
f 736/2441/566 732/2418/566 738/2442/566 739/2443/566
f 734/2444/567 736/2422/567 739/2445/567 740/2446/567
f 744/2447/568 743/2448/568 747/2449/568 748/2450/568
f 739/2451/560 738/2452/560 742/2453/560 743/2454/560
f 740/2455/561 739/2456/561 743/2457/561 744/2458/561
f 738/2459/559 737/2460/559 741/2461/559 742/2462/559
f 746/2463/569 745/2464/569 749/2465/569 750/2466/569
f 742/2467/570 741/2468/570 745/2469/570 746/2470/570
f 741/2471/571 744/2472/571 748/2473/571 745/2474/571
f 743/2475/572 742/2476/572 746/2477/572 747/2478/572
f 751/2479/573 750/2480/573 749/2481/573 752/2482/573
f 745/2483/574 748/2484/574 752/2485/574 749/2481/574
f 747/2486/575 746/2487/575 750/2480/575 751/2488/575
f 748/2489/576 747/2490/576 751/2491/576 752/2492/576
o Cube.003_Cube.036
v -1.140839 -0.023862 38.420307
v -1.140839 5.036138 38.420307
v -1.140839 -0.023862 37.600307
v -1.140839 5.036138 37.600307
v -0.760839 -0.023862 38.420307
v -0.760839 5.036138 38.420307
v -0.760839 -0.023862 37.600307
v -0.760839 5.036138 37.600307
v -1.026639 5.385188 38.173874
v -1.026639 5.385188 37.846741
v -0.875039 5.385188 37.846741
v -0.875039 5.385188 38.173874
v -1.026639 5.565935 38.173874
v -1.026639 5.565935 37.846741
v -0.875039 5.565935 37.846741
v -0.875039 5.565935 38.173874
v -1.093521 5.910302 38.318199
v -1.093521 5.910302 37.702415
v -0.808157 5.910302 37.702415
v -0.808157 5.910302 38.318199
v -0.994057 6.144935 38.103565
v -0.994057 6.144935 37.917049
v -0.907621 6.144935 37.917049
v -0.907621 6.144935 38.103565
vt 0.000000 0.000000
vt 1.000000 0.000000
vt 1.000000 1.000000
vt 0.000000 1.000000
vt 0.000000 0.000000
vt 1.000000 0.000000
vt 1.000000 1.000000
vt 0.000000 1.000000
vt 0.000000 0.000000
vt 1.000000 0.000000
vt 1.000000 1.000000
vt 0.000000 1.000000
vt 0.000000 0.000000
vt 1.000000 0.000000
vt 1.000000 1.000000
vt 0.000000 1.000000
vt 1.000000 0.000000
vt 1.000000 1.000000
vt 0.000000 0.000000
vt 1.000000 1.000000
vt 0.000000 1.000000
vt 0.000000 0.000000
vt 1.000000 0.000000
vt 1.000000 1.000000
vt 0.000000 1.000000
vt 0.000000 0.000000
vt 1.000000 1.000000
vt 0.000000 1.000000
vt 0.000000 0.000000
vt 1.000000 1.000000
vt 0.000000 1.000000
vt 0.000000 0.000000
vt 1.000000 1.000000
vt 0.000000 1.000000
vt 0.000000 0.000000
vt 1.000000 0.000000
vt 1.000000 1.000000
vt 0.000000 1.000000
vt 0.000000 0.000000
vt 1.000000 0.000000
vt 1.000000 1.000000
vt 0.000000 1.000000
vt 0.000000 0.000000
vt 1.000000 0.000000
vt 1.000000 1.000000
vt 0.000000 1.000000
vt 0.000000 0.000000
vt 1.000000 0.000000
vt 1.000000 1.000000
vt 0.000000 1.000000
vt 0.000000 0.000000
vt 1.000000 0.000000
vt 1.000000 1.000000
vt 0.000000 1.000000
vt 0.000000 0.000000
vt 1.000000 0.000000
vt 1.000000 1.000000
vt 0.000000 1.000000
vt 0.000000 0.000000
vt 1.000000 0.000000
vt 1.000000 1.000000
vt 0.000000 1.000000
vt 0.000000 0.000000
vt 1.000000 0.000000
vt 1.000000 1.000000
vt 0.000000 1.000000
vt 1.000000 0.000000
vt 1.000000 1.000000
vt 0.000000 1.000000
vt 0.000000 0.000000
vt 0.000000 0.000000
vt 1.000000 0.000000
vt 1.000000 1.000000
vt 0.000000 0.000000
vt 1.000000 0.000000
vt 0.000000 1.000000
vt 0.000000 0.000000
vt 1.000000 0.000000
vt 1.000000 1.000000
vt 0.000000 1.000000
vn -1.0000 0.0000 0.0000
vn 0.0000 0.0000 -1.0000
vn 1.0000 0.0000 0.0000
vn 0.0000 0.0000 1.0000
vn 0.0000 -1.0000 0.0000
vn -0.9504 0.3110 0.0000
vn 0.0000 0.5768 0.8169
vn 0.0000 0.5768 -0.8169
vn 0.9504 0.3110 0.0000
vn 0.9817 -0.1907 0.0000
vn -0.9207 0.3903 0.0000
vn -0.9817 -0.1907 0.0000
vn 0.0000 -0.3865 0.9223
vn 0.0000 -0.3865 -0.9223
vn 0.0000 1.0000 0.0000
vn 0.0000 0.6750 0.7379
vn 0.0000 0.6750 -0.7379
vn 0.9207 0.3903 0.0000
usemtl Material.001
s off
f 753/2493/577 754/2494/577 756/2495/577 755/2496/577
f 755/2497/578 756/2498/578 760/2499/578 759/2500/578
f 759/2501/579 760/2502/579 758/2503/579 757/2504/579
f 757/2505/580 758/2506/580 754/2507/580 753/2508/580
f 755/2497/581 759/2509/581 757/2510/581 753/2508/581
f 756/2511/582 754/2494/582 761/2512/582 762/2513/582
f 761/2514/580 764/2515/580 768/2516/580 765/2517/580
f 754/2518/583 758/2506/583 764/2519/583 761/2520/583
f 760/2521/584 756/2498/584 762/2522/584 763/2523/584
f 758/2524/585 760/2502/585 763/2525/585 764/2526/585
f 768/2527/586 767/2528/586 771/2529/586 772/2530/586
f 763/2531/578 762/2532/578 766/2533/578 767/2534/578
f 764/2535/579 763/2536/579 767/2537/579 768/2538/579
f 762/2539/577 761/2540/577 765/2541/577 766/2542/577
f 770/2543/587 769/2544/587 773/2545/587 774/2546/587
f 766/2547/588 765/2548/588 769/2549/588 770/2550/588
f 765/2551/589 768/2552/589 772/2553/589 769/2554/589
f 767/2555/590 766/2556/590 770/2557/590 771/2558/590
f 775/2559/591 774/2560/591 773/2561/591 776/2562/591
f 769/2563/592 772/2564/592 776/2565/592 773/2561/592
f 771/2566/593 770/2567/593 774/2560/593 775/2568/593
f 772/2569/594 771/2570/594 775/2571/594 776/2572/594
o Cube.002_Cube.035
v -1.140839 -0.023862 36.778492
v -1.140839 5.036138 36.778492
v -1.140839 -0.023862 35.958492
v -1.140839 5.036138 35.958492
v -0.760839 -0.023862 36.778492
v -0.760839 5.036138 36.778492
v -0.760839 -0.023862 35.958492
v -0.760839 5.036138 35.958492
v -1.026639 5.385188 36.532059
v -1.026639 5.385188 36.204926
v -0.875039 5.385188 36.204926
v -0.875039 5.385188 36.532059
v -1.026639 5.565935 36.532059
v -1.026639 5.565935 36.204926
v -0.875039 5.565935 36.204926
v -0.875039 5.565935 36.532059
v -1.093521 5.910302 36.676384
v -1.093521 5.910302 36.060600
v -0.808157 5.910302 36.060600
v -0.808157 5.910302 36.676384
v -0.994057 6.144935 36.461750
v -0.994057 6.144935 36.275234
v -0.907621 6.144935 36.275234
v -0.907621 6.144935 36.461750
vt 0.000000 0.000000
vt 1.000000 0.000000
vt 1.000000 1.000000
vt 0.000000 1.000000
vt 0.000000 0.000000
vt 1.000000 0.000000
vt 1.000000 1.000000
vt 0.000000 1.000000
vt 0.000000 0.000000
vt 1.000000 0.000000
vt 1.000000 1.000000
vt 0.000000 1.000000
vt 0.000000 0.000000
vt 1.000000 0.000000
vt 1.000000 1.000000
vt 0.000000 1.000000
vt 1.000000 0.000000
vt 1.000000 1.000000
vt 0.000000 0.000000
vt 1.000000 1.000000
vt 0.000000 1.000000
vt 0.000000 0.000000
vt 1.000000 0.000000
vt 1.000000 1.000000
vt 0.000000 1.000000
vt 0.000000 0.000000
vt 1.000000 1.000000
vt 0.000000 1.000000
vt 0.000000 0.000000
vt 1.000000 1.000000
vt 0.000000 1.000000
vt 0.000000 0.000000
vt 1.000000 1.000000
vt 0.000000 1.000000
vt 0.000000 0.000000
vt 1.000000 0.000000
vt 1.000000 1.000000
vt 0.000000 1.000000
vt 0.000000 0.000000
vt 1.000000 0.000000
vt 1.000000 1.000000
vt 0.000000 1.000000
vt 0.000000 0.000000
vt 1.000000 0.000000
vt 1.000000 1.000000
vt 0.000000 1.000000
vt 0.000000 0.000000
vt 1.000000 0.000000
vt 1.000000 1.000000
vt 0.000000 1.000000
vt 0.000000 0.000000
vt 1.000000 0.000000
vt 1.000000 1.000000
vt 0.000000 1.000000
vt 0.000000 0.000000
vt 1.000000 0.000000
vt 1.000000 1.000000
vt 0.000000 1.000000
vt 0.000000 0.000000
vt 1.000000 0.000000
vt 1.000000 1.000000
vt 0.000000 1.000000
vt 0.000000 0.000000
vt 1.000000 0.000000
vt 1.000000 1.000000
vt 0.000000 1.000000
vt 1.000000 0.000000
vt 1.000000 1.000000
vt 0.000000 1.000000
vt 0.000000 0.000000
vt 0.000000 0.000000
vt 1.000000 0.000000
vt 1.000000 1.000000
vt 0.000000 0.000000
vt 1.000000 0.000000
vt 0.000000 1.000000
vt 0.000000 0.000000
vt 1.000000 0.000000
vt 1.000000 1.000000
vt 0.000000 1.000000
vn -1.0000 0.0000 0.0000
vn 0.0000 0.0000 -1.0000
vn 1.0000 0.0000 0.0000
vn 0.0000 0.0000 1.0000
vn 0.0000 -1.0000 0.0000
vn -0.9504 0.3110 0.0000
vn 0.0000 0.5768 0.8169
vn 0.0000 0.5768 -0.8169
vn 0.9504 0.3110 0.0000
vn 0.9817 -0.1907 0.0000
vn -0.9207 0.3903 0.0000
vn -0.9817 -0.1907 0.0000
vn 0.0000 -0.3865 0.9223
vn 0.0000 -0.3865 -0.9223
vn 0.0000 1.0000 0.0000
vn 0.0000 0.6750 0.7379
vn 0.0000 0.6750 -0.7379
vn 0.9207 0.3903 0.0000
usemtl Material.001
s off
f 777/2573/595 778/2574/595 780/2575/595 779/2576/595
f 779/2577/596 780/2578/596 784/2579/596 783/2580/596
f 783/2581/597 784/2582/597 782/2583/597 781/2584/597
f 781/2585/598 782/2586/598 778/2587/598 777/2588/598
f 779/2577/599 783/2589/599 781/2590/599 777/2588/599
f 780/2591/600 778/2574/600 785/2592/600 786/2593/600
f 785/2594/598 788/2595/598 792/2596/598 789/2597/598
f 778/2598/601 782/2586/601 788/2599/601 785/2600/601
f 784/2601/602 780/2578/602 786/2602/602 787/2603/602
f 782/2604/603 784/2582/603 787/2605/603 788/2606/603
f 792/2607/604 791/2608/604 795/2609/604 796/2610/604
f 787/2611/596 786/2612/596 790/2613/596 791/2614/596
f 788/2615/597 787/2616/597 791/2617/597 792/2618/597
f 786/2619/595 785/2620/595 789/2621/595 790/2622/595
f 794/2623/605 793/2624/605 797/2625/605 798/2626/605
f 790/2627/606 789/2628/606 793/2629/606 794/2630/606
f 789/2631/607 792/2632/607 796/2633/607 793/2634/607
f 791/2635/608 790/2636/608 794/2637/608 795/2638/608
f 799/2639/609 798/2640/609 797/2641/609 800/2642/609
f 793/2643/610 796/2644/610 800/2645/610 797/2641/610
f 795/2646/611 794/2647/611 798/2640/611 799/2648/611
f 796/2649/612 795/2650/612 799/2651/612 800/2652/612
o Cube.001_Cube.034
v -1.140839 -0.023862 35.160488
v -1.140839 5.036138 35.160488
v -1.140839 -0.023862 34.340488
v -1.140839 5.036138 34.340488
v -0.760839 -0.023862 35.160488
v -0.760839 5.036138 35.160488
v -0.760839 -0.023862 34.340488
v -0.760839 5.036138 34.340488
v -1.026639 5.385188 34.914055
v -1.026639 5.385188 34.586922
v -0.875039 5.385188 34.586922
v -0.875039 5.385188 34.914055
v -1.026639 5.565935 34.914055
v -1.026639 5.565935 34.586922
v -0.875039 5.565935 34.586922
v -0.875039 5.565935 34.914055
v -1.093521 5.910302 35.058380
v -1.093521 5.910302 34.442596
v -0.808157 5.910302 34.442596
v -0.808157 5.910302 35.058380
v -0.994057 6.144935 34.843746
v -0.994057 6.144935 34.657230
v -0.907621 6.144935 34.657230
v -0.907621 6.144935 34.843746
vt 0.000000 0.000000
vt 1.000000 0.000000
vt 1.000000 1.000000
vt 0.000000 1.000000
vt 0.000000 0.000000
vt 1.000000 0.000000
vt 1.000000 1.000000
vt 0.000000 1.000000
vt 0.000000 0.000000
vt 1.000000 0.000000
vt 1.000000 1.000000
vt 0.000000 1.000000
vt 0.000000 0.000000
vt 1.000000 0.000000
vt 1.000000 1.000000
vt 0.000000 1.000000
vt 1.000000 0.000000
vt 1.000000 1.000000
vt 0.000000 0.000000
vt 1.000000 1.000000
vt 0.000000 1.000000
vt 0.000000 0.000000
vt 1.000000 0.000000
vt 1.000000 1.000000
vt 0.000000 1.000000
vt 0.000000 0.000000
vt 1.000000 1.000000
vt 0.000000 1.000000
vt 0.000000 0.000000
vt 1.000000 1.000000
vt 0.000000 1.000000
vt 0.000000 0.000000
vt 1.000000 1.000000
vt 0.000000 1.000000
vt 0.000000 0.000000
vt 1.000000 0.000000
vt 1.000000 1.000000
vt 0.000000 1.000000
vt 0.000000 0.000000
vt 1.000000 0.000000
vt 1.000000 1.000000
vt 0.000000 1.000000
vt 0.000000 0.000000
vt 1.000000 0.000000
vt 1.000000 1.000000
vt 0.000000 1.000000
vt 0.000000 0.000000
vt 1.000000 0.000000
vt 1.000000 1.000000
vt 0.000000 1.000000
vt 0.000000 0.000000
vt 1.000000 0.000000
vt 1.000000 1.000000
vt 0.000000 1.000000
vt 0.000000 0.000000
vt 1.000000 0.000000
vt 1.000000 1.000000
vt 0.000000 1.000000
vt 0.000000 0.000000
vt 1.000000 0.000000
vt 1.000000 1.000000
vt 0.000000 1.000000
vt 0.000000 0.000000
vt 1.000000 0.000000
vt 1.000000 1.000000
vt 0.000000 1.000000
vt 1.000000 0.000000
vt 1.000000 1.000000
vt 0.000000 1.000000
vt 0.000000 0.000000
vt 0.000000 0.000000
vt 1.000000 0.000000
vt 1.000000 1.000000
vt 0.000000 0.000000
vt 1.000000 0.000000
vt 0.000000 1.000000
vt 0.000000 0.000000
vt 1.000000 0.000000
vt 1.000000 1.000000
vt 0.000000 1.000000
vn -1.0000 0.0000 0.0000
vn 0.0000 0.0000 -1.0000
vn 1.0000 0.0000 0.0000
vn 0.0000 0.0000 1.0000
vn 0.0000 -1.0000 0.0000
vn -0.9504 0.3110 0.0000
vn 0.0000 0.5768 0.8169
vn 0.0000 0.5768 -0.8169
vn 0.9504 0.3110 0.0000
vn 0.9817 -0.1907 0.0000
vn -0.9207 0.3903 0.0000
vn -0.9817 -0.1907 0.0000
vn 0.0000 -0.3865 0.9223
vn 0.0000 -0.3865 -0.9223
vn 0.0000 1.0000 0.0000
vn 0.0000 0.6750 0.7379
vn 0.0000 0.6750 -0.7379
vn 0.9207 0.3903 0.0000
usemtl Material.001
s off
f 801/2653/613 802/2654/613 804/2655/613 803/2656/613
f 803/2657/614 804/2658/614 808/2659/614 807/2660/614
f 807/2661/615 808/2662/615 806/2663/615 805/2664/615
f 805/2665/616 806/2666/616 802/2667/616 801/2668/616
f 803/2657/617 807/2669/617 805/2670/617 801/2668/617
f 804/2671/618 802/2654/618 809/2672/618 810/2673/618
f 809/2674/616 812/2675/616 816/2676/616 813/2677/616
f 802/2678/619 806/2666/619 812/2679/619 809/2680/619
f 808/2681/620 804/2658/620 810/2682/620 811/2683/620
f 806/2684/621 808/2662/621 811/2685/621 812/2686/621
f 816/2687/622 815/2688/622 819/2689/622 820/2690/622
f 811/2691/614 810/2692/614 814/2693/614 815/2694/614
f 812/2695/615 811/2696/615 815/2697/615 816/2698/615
f 810/2699/613 809/2700/613 813/2701/613 814/2702/613
f 818/2703/623 817/2704/623 821/2705/623 822/2706/623
f 814/2707/624 813/2708/624 817/2709/624 818/2710/624
f 813/2711/625 816/2712/625 820/2713/625 817/2714/625
f 815/2715/626 814/2716/626 818/2717/626 819/2718/626
f 823/2719/627 822/2720/627 821/2721/627 824/2722/627
f 817/2723/628 820/2724/628 824/2725/628 821/2721/628
f 819/2726/629 818/2727/629 822/2720/629 823/2728/629
f 820/2729/630 819/2730/630 823/2731/630 824/2732/630
o Cube.000_Cube.008
v -1.217753 -0.010356 43.231007
v -1.217753 6.429644 43.231007
v -1.217753 -0.010356 42.551006
v -1.217753 6.429644 42.551006
v -0.457753 -0.010356 43.231007
v -0.457753 6.429644 43.231007
v -0.457753 -0.010356 42.551006
v -0.457753 6.429644 42.551006
v -1.308021 6.494964 43.311771
v -1.308021 6.494964 42.470242
v -0.367484 6.494964 42.470242
v -0.367484 6.494964 43.311771
v -1.308021 6.583341 43.311771
v -1.308021 6.583341 42.470242
v -0.367484 6.583341 42.470242
v -0.367484 6.583341 43.311771
v -1.219489 6.652049 43.232559
v -1.219489 6.652049 42.549454
v -0.456016 6.652049 42.549454
v -0.456016 6.652049 43.232559
v -1.035393 6.735628 43.067844
v -1.035393 6.735628 42.714169
v -0.640112 6.735628 42.714169
v -0.640112 6.735628 43.067844
v -0.936221 6.928965 42.979111
v -0.936221 6.928965 42.802902
v -0.739284 6.928965 42.802902
v -0.739284 6.928965 42.979111
v -1.121074 7.188838 43.144505
v -1.121074 7.188838 42.637508
v -0.554431 7.188838 42.637508
v -0.554431 7.188838 43.144505
v -0.864924 7.584490 42.915318
v -0.864924 7.584490 42.866695
v -0.810581 7.584490 42.866695
v -0.810581 7.584490 42.915318
vt 0.000000 0.000000
vt 1.000000 0.000000
vt 1.000000 1.000000
vt 0.000000 1.000000
vt 0.000000 0.000000
vt 1.000000 0.000000
vt 1.000000 1.000000
vt 0.000000 1.000000
vt 0.000000 0.000000
vt 1.000000 0.000000
vt 1.000000 1.000000
vt 0.000000 1.000000
vt 0.000000 0.000000
vt 1.000000 0.000000
vt 1.000000 1.000000
vt 0.000000 1.000000
vt 1.000000 0.000000
vt 1.000000 1.000000
vt 0.000000 0.000000
vt 1.000000 1.000000
vt 0.000000 1.000000
vt 0.000000 0.000000
vt 1.000000 0.000000
vt 1.000000 1.000000
vt 0.000000 1.000000
vt 0.000000 0.000000
vt 1.000000 1.000000
vt 0.000000 1.000000
vt 0.000000 0.000000
vt 1.000000 1.000000
vt 0.000000 1.000000
vt 0.000000 0.000000
vt 1.000000 1.000000
vt 0.000000 1.000000
vt 0.000000 0.000000
vt 1.000000 0.000000
vt 1.000000 1.000000
vt 0.000000 1.000000
vt 0.000000 0.000000
vt 1.000000 0.000000
vt 1.000000 1.000000
vt 0.000000 1.000000
vt 0.000000 0.000000
vt 1.000000 0.000000
vt 1.000000 1.000000
vt 0.000000 1.000000
vt 0.000000 0.000000
vt 1.000000 0.000000
vt 1.000000 1.000000
vt 0.000000 1.000000
vt 0.000000 0.000000
vt 1.000000 0.000000
vt 1.000000 1.000000
vt 0.000000 1.000000
vt 0.000000 0.000000
vt 1.000000 0.000000
vt 1.000000 1.000000
vt 0.000000 1.000000
vt 0.000000 0.000000
vt 1.000000 0.000000
vt 1.000000 1.000000
vt 0.000000 1.000000
vt 0.000000 0.000000
vt 1.000000 0.000000
vt 1.000000 1.000000
vt 0.000000 1.000000
vt 0.000000 0.000000
vt 1.000000 0.000000
vt 1.000000 1.000000
vt 0.000000 1.000000
vt 0.000000 0.000000
vt 1.000000 0.000000
vt 1.000000 1.000000
vt 0.000000 1.000000
vt 0.000000 0.000000
vt 1.000000 0.000000
vt 1.000000 1.000000
vt 0.000000 1.000000
vt 0.000000 0.000000
vt 1.000000 0.000000
vt 1.000000 1.000000
vt 0.000000 1.000000
vt 0.000000 0.000000
vt 1.000000 0.000000
vt 1.000000 1.000000
vt 0.000000 1.000000
vt 0.000000 0.000000
vt 1.000000 0.000000
vt 1.000000 1.000000
vt 0.000000 1.000000
vt 0.000000 0.000000
vt 1.000000 0.000000
vt 1.000000 1.000000
vt 0.000000 1.000000
vt 0.000000 0.000000
vt 1.000000 0.000000
vt 1.000000 1.000000
vt 0.000000 1.000000
vt 0.000000 0.000000
vt 1.000000 0.000000
vt 1.000000 1.000000
vt 0.000000 1.000000
vt 0.000000 0.000000
vt 1.000000 0.000000
vt 1.000000 1.000000
vt 0.000000 1.000000
vt 0.000000 0.000000
vt 1.000000 0.000000
vt 1.000000 1.000000
vt 0.000000 1.000000
vt 0.000000 0.000000
vt 1.000000 0.000000
vt 1.000000 1.000000
vt 0.000000 1.000000
vt 1.000000 0.000000
vt 0.000000 1.000000
vt 0.000000 0.000000
vt 0.000000 0.000000
vt 1.000000 0.000000
vt 1.000000 1.000000
vt 0.000000 1.000000
vt 0.000000 0.000000
vt 1.000000 0.000000
vt 1.000000 1.000000
vt 0.000000 1.000000
vt 0.000000 0.000000
vt 1.000000 0.000000
vt 1.000000 1.000000
vn -1.0000 0.0000 0.0000
vn 0.0000 0.0000 -1.0000
vn 1.0000 0.0000 0.0000
vn 0.0000 0.0000 1.0000
vn 0.0000 -1.0000 0.0000
vn 0.0000 -0.7775 -0.6288
vn 0.5862 -0.8101 0.0000
vn -0.5862 -0.8101 0.0000
vn 0.0000 -0.7775 0.6288
vn -0.6131 0.7900 0.0000
vn 0.0000 0.8918 0.4525
vn 0.0000 0.7554 0.6552
vn 0.0000 0.7554 -0.6552
vn 0.6131 0.7900 0.0000
vn 0.8898 0.4564 0.0000
vn 0.0000 0.8918 -0.4525
vn 0.4134 0.9106 0.0000
vn -0.4134 0.9106 0.0000
vn 0.0000 -0.5369 0.8436
vn -0.8898 0.4564 0.0000
vn 0.0000 0.4171 0.9088
vn 0.0000 0.4171 -0.9088
vn 0.0000 0.5012 -0.8653
vn 0.0000 -0.5369 -0.8436
vn 0.8149 -0.5796 0.0000
vn -0.8149 -0.5796 0.0000
vn 0.0000 1.0000 0.0000
vn 0.8394 0.5435 0.0000
vn -0.8394 0.5435 0.0000
vn 0.0000 0.5012 0.8653
usemtl Material.001
s off
f 825/2733/631 826/2734/631 828/2735/631 827/2736/631
f 827/2737/632 828/2738/632 832/2739/632 831/2740/632
f 831/2741/633 832/2742/633 830/2743/633 829/2744/633
f 829/2745/634 830/2746/634 826/2747/634 825/2748/634
f 827/2737/635 831/2749/635 829/2750/635 825/2748/635
f 832/2751/636 828/2738/636 834/2752/636 835/2753/636
f 836/2754/633 835/2755/633 839/2756/633 840/2757/633
f 830/2758/637 832/2742/637 835/2759/637 836/2760/637
f 828/2761/638 826/2734/638 833/2762/638 834/2763/638
f 826/2764/639 830/2746/639 836/2765/639 833/2766/639
f 838/2767/640 837/2768/640 841/2769/640 842/2770/640
f 834/2771/631 833/2772/631 837/2773/631 838/2774/631
f 833/2775/634 836/2776/634 840/2777/634 837/2778/634
f 835/2779/632 834/2780/632 838/2781/632 839/2782/632
f 841/2783/641 844/2784/641 848/2785/641 845/2786/641
f 837/2787/642 840/2788/642 844/2789/642 841/2790/642
f 839/2791/643 838/2792/643 842/2793/643 843/2794/643
f 840/2795/644 839/2796/644 843/2797/644 844/2798/644
f 848/2799/645 847/2800/645 851/2801/645 852/2802/645
f 843/2803/646 842/2804/646 846/2805/646 847/2806/646
f 844/2807/647 843/2808/647 847/2809/647 848/2810/647
f 842/2811/648 841/2812/648 845/2813/648 846/2814/648
f 849/2815/649 852/2816/649 856/2817/649 853/2818/649
f 846/2819/650 845/2820/650 849/2821/650 850/2822/650
f 845/2823/651 848/2824/651 852/2825/651 849/2826/651
f 847/2827/652 846/2828/652 850/2829/652 851/2830/652
f 855/2831/653 854/2832/653 858/2833/653 859/2834/653
f 851/2835/654 850/2836/654 854/2837/654 855/2838/654
f 852/2839/655 851/2840/655 855/2841/655 856/2842/655
f 850/2843/656 849/2844/656 853/2845/656 854/2846/656
f 859/2847/657 858/2833/657 857/2848/657 860/2849/657
f 856/2850/658 855/2851/658 859/2852/658 860/2853/658
f 854/2854/659 853/2855/659 857/2856/659 858/2857/659
f 853/2858/660 856/2859/660 860/2860/660 857/2848/660
o Cube.061_Cube.067
v -1.217753 -0.010356 33.622753
v -1.217753 6.429644 33.622753
v -1.217753 -0.010356 32.942753
v -1.217753 6.429644 32.942753
v -0.457753 -0.010356 33.622753
v -0.457753 6.429644 33.622753
v -0.457753 -0.010356 32.942753
v -0.457753 6.429644 32.942753
v -1.308021 6.494964 33.703518
v -1.308021 6.494964 32.861988
v -0.367484 6.494964 32.861988
v -0.367484 6.494964 33.703518
v -1.308021 6.583341 33.703518
v -1.308021 6.583341 32.861988
v -0.367484 6.583341 32.861988
v -0.367484 6.583341 33.703518
v -1.219489 6.652049 33.624306
v -1.219489 6.652049 32.941200
v -0.456016 6.652049 32.941200
v -0.456016 6.652049 33.624306
v -1.035393 6.735628 33.459591
v -1.035393 6.735628 33.105915
v -0.640112 6.735628 33.105915
v -0.640112 6.735628 33.459591
v -0.936221 6.928965 33.370857
v -0.936221 6.928965 33.194649
v -0.739284 6.928965 33.194649
v -0.739284 6.928965 33.370857
v -1.121074 7.188838 33.536251
v -1.121074 7.188838 33.029255
v -0.554431 7.188838 33.029255
v -0.554431 7.188838 33.536251
v -0.864924 7.584490 33.307064
v -0.864924 7.584490 33.258442
v -0.810581 7.584490 33.258442
v -0.810581 7.584490 33.307064
vt 0.000000 0.000000
vt 1.000000 0.000000
vt 1.000000 1.000000
vt 0.000000 1.000000
vt 0.000000 0.000000
vt 1.000000 0.000000
vt 1.000000 1.000000
vt 0.000000 1.000000
vt 0.000000 0.000000
vt 1.000000 0.000000
vt 1.000000 1.000000
vt 0.000000 1.000000
vt 0.000000 0.000000
vt 1.000000 0.000000
vt 1.000000 1.000000
vt 0.000000 1.000000
vt 1.000000 0.000000
vt 1.000000 1.000000
vt 0.000000 0.000000
vt 1.000000 1.000000
vt 0.000000 1.000000
vt 0.000000 0.000000
vt 1.000000 0.000000
vt 1.000000 1.000000
vt 0.000000 1.000000
vt 0.000000 0.000000
vt 1.000000 1.000000
vt 0.000000 1.000000
vt 0.000000 0.000000
vt 1.000000 1.000000
vt 0.000000 1.000000
vt 0.000000 0.000000
vt 1.000000 1.000000
vt 0.000000 1.000000
vt 0.000000 0.000000
vt 1.000000 0.000000
vt 1.000000 1.000000
vt 0.000000 1.000000
vt 0.000000 0.000000
vt 1.000000 0.000000
vt 1.000000 1.000000
vt 0.000000 1.000000
vt 0.000000 0.000000
vt 1.000000 0.000000
vt 1.000000 1.000000
vt 0.000000 1.000000
vt 0.000000 0.000000
vt 1.000000 0.000000
vt 1.000000 1.000000
vt 0.000000 1.000000
vt 0.000000 0.000000
vt 1.000000 0.000000
vt 1.000000 1.000000
vt 0.000000 1.000000
vt 0.000000 0.000000
vt 1.000000 0.000000
vt 1.000000 1.000000
vt 0.000000 1.000000
vt 0.000000 0.000000
vt 1.000000 0.000000
vt 1.000000 1.000000
vt 0.000000 1.000000
vt 0.000000 0.000000
vt 1.000000 0.000000
vt 1.000000 1.000000
vt 0.000000 1.000000
vt 0.000000 0.000000
vt 1.000000 0.000000
vt 1.000000 1.000000
vt 0.000000 1.000000
vt 0.000000 0.000000
vt 1.000000 0.000000
vt 1.000000 1.000000
vt 0.000000 1.000000
vt 0.000000 0.000000
vt 1.000000 0.000000
vt 1.000000 1.000000
vt 0.000000 1.000000
vt 0.000000 0.000000
vt 1.000000 0.000000
vt 1.000000 1.000000
vt 0.000000 1.000000
vt 0.000000 0.000000
vt 1.000000 0.000000
vt 1.000000 1.000000
vt 0.000000 1.000000
vt 0.000000 0.000000
vt 1.000000 0.000000
vt 1.000000 1.000000
vt 0.000000 1.000000
vt 0.000000 0.000000
vt 1.000000 0.000000
vt 1.000000 1.000000
vt 0.000000 1.000000
vt 0.000000 0.000000
vt 1.000000 0.000000
vt 1.000000 1.000000
vt 0.000000 1.000000
vt 0.000000 0.000000
vt 1.000000 0.000000
vt 1.000000 1.000000
vt 0.000000 1.000000
vt 0.000000 0.000000
vt 1.000000 0.000000
vt 1.000000 1.000000
vt 0.000000 1.000000
vt 0.000000 0.000000
vt 1.000000 0.000000
vt 1.000000 1.000000
vt 0.000000 1.000000
vt 0.000000 0.000000
vt 1.000000 0.000000
vt 1.000000 1.000000
vt 0.000000 1.000000
vt 1.000000 0.000000
vt 0.000000 1.000000
vt 0.000000 0.000000
vt 0.000000 0.000000
vt 1.000000 0.000000
vt 1.000000 1.000000
vt 0.000000 1.000000
vt 0.000000 0.000000
vt 1.000000 0.000000
vt 1.000000 1.000000
vt 0.000000 1.000000
vt 0.000000 0.000000
vt 1.000000 0.000000
vt 1.000000 1.000000
vn -1.0000 0.0000 0.0000
vn 0.0000 0.0000 -1.0000
vn 1.0000 0.0000 0.0000
vn 0.0000 0.0000 1.0000
vn 0.0000 -1.0000 0.0000
vn 0.0000 -0.7775 -0.6288
vn 0.5862 -0.8101 0.0000
vn -0.5862 -0.8101 0.0000
vn 0.0000 -0.7775 0.6288
vn -0.6131 0.7900 0.0000
vn 0.0000 0.8918 0.4525
vn 0.0000 0.7554 0.6552
vn 0.0000 0.7554 -0.6552
vn 0.6131 0.7900 0.0000
vn 0.8898 0.4564 0.0000
vn 0.0000 0.8918 -0.4525
vn 0.4134 0.9106 0.0000
vn -0.4134 0.9106 0.0000
vn 0.0000 -0.5369 0.8436
vn -0.8898 0.4564 0.0000
vn 0.0000 0.4171 0.9088
vn 0.0000 0.4171 -0.9088
vn 0.0000 0.5012 -0.8653
vn 0.0000 -0.5369 -0.8436
vn 0.8149 -0.5796 0.0000
vn -0.8149 -0.5796 0.0000
vn 0.0000 1.0000 0.0000
vn 0.8394 0.5435 0.0000
vn -0.8394 0.5435 0.0000
vn 0.0000 0.5012 0.8653
usemtl Material.001
s off
f 861/2861/661 862/2862/661 864/2863/661 863/2864/661
f 863/2865/662 864/2866/662 868/2867/662 867/2868/662
f 867/2869/663 868/2870/663 866/2871/663 865/2872/663
f 865/2873/664 866/2874/664 862/2875/664 861/2876/664
f 863/2865/665 867/2877/665 865/2878/665 861/2876/665
f 868/2879/666 864/2866/666 870/2880/666 871/2881/666
f 872/2882/663 871/2883/663 875/2884/663 876/2885/663
f 866/2886/667 868/2870/667 871/2887/667 872/2888/667
f 864/2889/668 862/2862/668 869/2890/668 870/2891/668
f 862/2892/669 866/2874/669 872/2893/669 869/2894/669
f 874/2895/670 873/2896/670 877/2897/670 878/2898/670
f 870/2899/661 869/2900/661 873/2901/661 874/2902/661
f 869/2903/664 872/2904/664 876/2905/664 873/2906/664
f 871/2907/662 870/2908/662 874/2909/662 875/2910/662
f 877/2911/671 880/2912/671 884/2913/671 881/2914/671
f 873/2915/672 876/2916/672 880/2917/672 877/2918/672
f 875/2919/673 874/2920/673 878/2921/673 879/2922/673
f 876/2923/674 875/2924/674 879/2925/674 880/2926/674
f 884/2927/675 883/2928/675 887/2929/675 888/2930/675
f 879/2931/676 878/2932/676 882/2933/676 883/2934/676
f 880/2935/677 879/2936/677 883/2937/677 884/2938/677
f 878/2939/678 877/2940/678 881/2941/678 882/2942/678
f 885/2943/679 888/2944/679 892/2945/679 889/2946/679
f 882/2947/680 881/2948/680 885/2949/680 886/2950/680
f 881/2951/681 884/2952/681 888/2953/681 885/2954/681
f 883/2955/682 882/2956/682 886/2957/682 887/2958/682
f 891/2959/683 890/2960/683 894/2961/683 895/2962/683
f 887/2963/684 886/2964/684 890/2965/684 891/2966/684
f 888/2967/685 887/2968/685 891/2969/685 892/2970/685
f 886/2971/686 885/2972/686 889/2973/686 890/2974/686
f 895/2975/687 894/2961/687 893/2976/687 896/2977/687
f 892/2978/688 891/2979/688 895/2980/688 896/2981/688
f 890/2982/689 889/2983/689 893/2984/689 894/2985/689
f 889/2986/690 892/2987/690 896/2988/690 893/2976/690
o Cube.052_Cube.058
v -1.140839 -0.023862 25.552235
v -1.140839 5.036138 25.552235
v -1.140839 -0.023862 24.732235
v -1.140839 5.036138 24.732235
v -0.760839 -0.023862 25.552235
v -0.760839 5.036138 25.552235
v -0.760839 -0.023862 24.732235
v -0.760839 5.036138 24.732235
v -1.026639 5.385188 25.305803
v -1.026639 5.385188 24.978666
v -0.875039 5.385188 24.978666
v -0.875039 5.385188 25.305803
v -1.026639 5.565935 25.305803
v -1.026639 5.565935 24.978666
v -0.875039 5.565935 24.978666
v -0.875039 5.565935 25.305803
v -1.093521 5.910302 25.450127
v -1.093521 5.910302 24.834343
v -0.808157 5.910302 24.834343
v -0.808157 5.910302 25.450127
v -0.994057 6.144935 25.235495
v -0.994057 6.144935 25.048975
v -0.907621 6.144935 25.048975
v -0.907621 6.144935 25.235495
vt 0.000000 0.000000
vt 1.000000 0.000000
vt 1.000000 1.000000
vt 0.000000 1.000000
vt 0.000000 0.000000
vt 1.000000 0.000000
vt 1.000000 1.000000
vt 0.000000 1.000000
vt 0.000000 0.000000
vt 1.000000 0.000000
vt 1.000000 1.000000
vt 0.000000 1.000000
vt 0.000000 0.000000
vt 1.000000 0.000000
vt 1.000000 1.000000
vt 0.000000 1.000000
vt 1.000000 0.000000
vt 1.000000 1.000000
vt 0.000000 0.000000
vt 1.000000 1.000000
vt 0.000000 1.000000
vt 0.000000 0.000000
vt 1.000000 0.000000
vt 1.000000 1.000000
vt 0.000000 1.000000
vt 0.000000 0.000000
vt 1.000000 1.000000
vt 0.000000 1.000000
vt 0.000000 0.000000
vt 1.000000 1.000000
vt 0.000000 1.000000
vt 0.000000 0.000000
vt 1.000000 1.000000
vt 0.000000 1.000000
vt 0.000000 0.000000
vt 1.000000 0.000000
vt 1.000000 1.000000
vt 0.000000 1.000000
vt 0.000000 0.000000
vt 1.000000 0.000000
vt 1.000000 1.000000
vt 0.000000 1.000000
vt 0.000000 0.000000
vt 1.000000 0.000000
vt 1.000000 1.000000
vt 0.000000 1.000000
vt 0.000000 0.000000
vt 1.000000 0.000000
vt 1.000000 1.000000
vt 0.000000 1.000000
vt 0.000000 0.000000
vt 1.000000 0.000000
vt 1.000000 1.000000
vt 0.000000 1.000000
vt 0.000000 0.000000
vt 1.000000 0.000000
vt 1.000000 1.000000
vt 0.000000 1.000000
vt 0.000000 0.000000
vt 1.000000 0.000000
vt 1.000000 1.000000
vt 0.000000 1.000000
vt 0.000000 0.000000
vt 1.000000 0.000000
vt 1.000000 1.000000
vt 0.000000 1.000000
vt 1.000000 0.000000
vt 1.000000 1.000000
vt 0.000000 1.000000
vt 0.000000 0.000000
vt 0.000000 0.000000
vt 1.000000 0.000000
vt 1.000000 1.000000
vt 0.000000 0.000000
vt 1.000000 0.000000
vt 0.000000 1.000000
vt 0.000000 0.000000
vt 1.000000 0.000000
vt 1.000000 1.000000
vt 0.000000 1.000000
vn -1.0000 0.0000 0.0000
vn 0.0000 0.0000 -1.0000
vn 1.0000 0.0000 0.0000
vn 0.0000 0.0000 1.0000
vn 0.0000 -1.0000 0.0000
vn -0.9504 0.3110 0.0000
vn 0.0000 0.5767 0.8169
vn 0.0000 0.5767 -0.8169
vn 0.9504 0.3110 0.0000
vn 0.9817 -0.1907 0.0000
vn -0.9207 0.3903 0.0000
vn -0.9817 -0.1907 0.0000
vn 0.0000 -0.3865 0.9223
vn 0.0000 -0.3865 -0.9223
vn 0.0000 1.0000 0.0000
vn 0.0000 0.6750 0.7379
vn 0.0000 0.6750 -0.7379
vn 0.9207 0.3903 0.0000
usemtl Material.001
s off
f 897/2989/691 898/2990/691 900/2991/691 899/2992/691
f 899/2993/692 900/2994/692 904/2995/692 903/2996/692
f 903/2997/693 904/2998/693 902/2999/693 901/3000/693
f 901/3001/694 902/3002/694 898/3003/694 897/3004/694
f 899/2993/695 903/3005/695 901/3006/695 897/3004/695
f 900/3007/696 898/2990/696 905/3008/696 906/3009/696
f 905/3010/694 908/3011/694 912/3012/694 909/3013/694
f 898/3014/697 902/3002/697 908/3015/697 905/3016/697
f 904/3017/698 900/2994/698 906/3018/698 907/3019/698
f 902/3020/699 904/2998/699 907/3021/699 908/3022/699
f 912/3023/700 911/3024/700 915/3025/700 916/3026/700
f 907/3027/692 906/3028/692 910/3029/692 911/3030/692
f 908/3031/693 907/3032/693 911/3033/693 912/3034/693
f 906/3035/691 905/3036/691 909/3037/691 910/3038/691
f 914/3039/701 913/3040/701 917/3041/701 918/3042/701
f 910/3043/702 909/3044/702 913/3045/702 914/3046/702
f 909/3047/703 912/3048/703 916/3049/703 913/3050/703
f 911/3051/704 910/3052/704 914/3053/704 915/3054/704
f 919/3055/705 918/3056/705 917/3057/705 920/3058/705
f 913/3059/706 916/3060/706 920/3061/706 917/3057/706
f 915/3062/707 914/3063/707 918/3056/707 919/3064/707
f 916/3065/708 915/3066/708 919/3067/708 920/3068/708
o Cube.051_Cube.057
v -1.140839 -0.023862 27.170238
v -1.140839 5.036138 27.170238
v -1.140839 -0.023862 26.350239
v -1.140839 5.036138 26.350239
v -0.760839 -0.023862 27.170238
v -0.760839 5.036138 27.170238
v -0.760839 -0.023862 26.350239
v -0.760839 5.036138 26.350239
v -1.026639 5.385188 26.923807
v -1.026639 5.385188 26.596670
v -0.875039 5.385188 26.596670
v -0.875039 5.385188 26.923807
v -1.026639 5.565935 26.923807
v -1.026639 5.565935 26.596670
v -0.875039 5.565935 26.596670
v -0.875039 5.565935 26.923807
v -1.093521 5.910302 27.068130
v -1.093521 5.910302 26.452347
v -0.808157 5.910302 26.452347
v -0.808157 5.910302 27.068130
v -0.994057 6.144935 26.853498
v -0.994057 6.144935 26.666979
v -0.907621 6.144935 26.666979
v -0.907621 6.144935 26.853498
vt 0.000000 0.000000
vt 1.000000 0.000000
vt 1.000000 1.000000
vt 0.000000 1.000000
vt 0.000000 0.000000
vt 1.000000 0.000000
vt 1.000000 1.000000
vt 0.000000 1.000000
vt 0.000000 0.000000
vt 1.000000 0.000000
vt 1.000000 1.000000
vt 0.000000 1.000000
vt 0.000000 0.000000
vt 1.000000 0.000000
vt 1.000000 1.000000
vt 0.000000 1.000000
vt 1.000000 0.000000
vt 1.000000 1.000000
vt 0.000000 0.000000
vt 1.000000 1.000000
vt 0.000000 1.000000
vt 0.000000 0.000000
vt 1.000000 0.000000
vt 1.000000 1.000000
vt 0.000000 1.000000
vt 0.000000 0.000000
vt 1.000000 1.000000
vt 0.000000 1.000000
vt 0.000000 0.000000
vt 1.000000 1.000000
vt 0.000000 1.000000
vt 0.000000 0.000000
vt 1.000000 1.000000
vt 0.000000 1.000000
vt 0.000000 0.000000
vt 1.000000 0.000000
vt 1.000000 1.000000
vt 0.000000 1.000000
vt 0.000000 0.000000
vt 1.000000 0.000000
vt 1.000000 1.000000
vt 0.000000 1.000000
vt 0.000000 0.000000
vt 1.000000 0.000000
vt 1.000000 1.000000
vt 0.000000 1.000000
vt 0.000000 0.000000
vt 1.000000 0.000000
vt 1.000000 1.000000
vt 0.000000 1.000000
vt 0.000000 0.000000
vt 1.000000 0.000000
vt 1.000000 1.000000
vt 0.000000 1.000000
vt 0.000000 0.000000
vt 1.000000 0.000000
vt 1.000000 1.000000
vt 0.000000 1.000000
vt 0.000000 0.000000
vt 1.000000 0.000000
vt 1.000000 1.000000
vt 0.000000 1.000000
vt 0.000000 0.000000
vt 1.000000 0.000000
vt 1.000000 1.000000
vt 0.000000 1.000000
vt 1.000000 0.000000
vt 1.000000 1.000000
vt 0.000000 1.000000
vt 0.000000 0.000000
vt 0.000000 0.000000
vt 1.000000 0.000000
vt 1.000000 1.000000
vt 0.000000 0.000000
vt 1.000000 0.000000
vt 0.000000 1.000000
vt 0.000000 0.000000
vt 1.000000 0.000000
vt 1.000000 1.000000
vt 0.000000 1.000000
vn -1.0000 0.0000 0.0000
vn 0.0000 0.0000 -1.0000
vn 1.0000 0.0000 0.0000
vn 0.0000 0.0000 1.0000
vn 0.0000 -1.0000 0.0000
vn -0.9504 0.3110 0.0000
vn 0.0000 0.5767 0.8169
vn 0.0000 0.5767 -0.8169
vn 0.9504 0.3110 0.0000
vn 0.9817 -0.1907 0.0000
vn -0.9207 0.3903 0.0000
vn -0.9817 -0.1907 0.0000
vn 0.0000 -0.3865 0.9223
vn 0.0000 -0.3865 -0.9223
vn 0.0000 1.0000 0.0000
vn 0.0000 0.6750 0.7379
vn 0.0000 0.6750 -0.7379
vn 0.9207 0.3903 0.0000
usemtl Material.001
s off
f 921/3069/709 922/3070/709 924/3071/709 923/3072/709
f 923/3073/710 924/3074/710 928/3075/710 927/3076/710
f 927/3077/711 928/3078/711 926/3079/711 925/3080/711
f 925/3081/712 926/3082/712 922/3083/712 921/3084/712
f 923/3073/713 927/3085/713 925/3086/713 921/3084/713
f 924/3087/714 922/3070/714 929/3088/714 930/3089/714
f 929/3090/712 932/3091/712 936/3092/712 933/3093/712
f 922/3094/715 926/3082/715 932/3095/715 929/3096/715
f 928/3097/716 924/3074/716 930/3098/716 931/3099/716
f 926/3100/717 928/3078/717 931/3101/717 932/3102/717
f 936/3103/718 935/3104/718 939/3105/718 940/3106/718
f 931/3107/710 930/3108/710 934/3109/710 935/3110/710
f 932/3111/711 931/3112/711 935/3113/711 936/3114/711
f 930/3115/709 929/3116/709 933/3117/709 934/3118/709
f 938/3119/719 937/3120/719 941/3121/719 942/3122/719
f 934/3123/720 933/3124/720 937/3125/720 938/3126/720
f 933/3127/721 936/3128/721 940/3129/721 937/3130/721
f 935/3131/722 934/3132/722 938/3133/722 939/3134/722
f 943/3135/723 942/3136/723 941/3137/723 944/3138/723
f 937/3139/724 940/3140/724 944/3141/724 941/3137/724
f 939/3142/725 938/3143/725 942/3136/725 943/3144/725
f 940/3145/726 939/3146/726 943/3147/726 944/3148/726
o Cube.050_Cube.056
v -1.140839 -0.023862 28.812054
v -1.140839 5.036138 28.812054
v -1.140839 -0.023862 27.992054
v -1.140839 5.036138 27.992054
v -0.760839 -0.023862 28.812054
v -0.760839 5.036138 28.812054
v -0.760839 -0.023862 27.992054
v -0.760839 5.036138 27.992054
v -1.026639 5.385188 28.565622
v -1.026639 5.385188 28.238485
v -0.875039 5.385188 28.238485
v -0.875039 5.385188 28.565622
v -1.026639 5.565935 28.565622
v -1.026639 5.565935 28.238485
v -0.875039 5.565935 28.238485
v -0.875039 5.565935 28.565622
v -1.093521 5.910302 28.709946
v -1.093521 5.910302 28.094162
v -0.808157 5.910302 28.094162
v -0.808157 5.910302 28.709946
v -0.994057 6.144935 28.495314
v -0.994057 6.144935 28.308794
v -0.907621 6.144935 28.308794
v -0.907621 6.144935 28.495314
vt 0.000000 0.000000
vt 1.000000 0.000000
vt 1.000000 1.000000
vt 0.000000 1.000000
vt 0.000000 0.000000
vt 1.000000 0.000000
vt 1.000000 1.000000
vt 0.000000 1.000000
vt 0.000000 0.000000
vt 1.000000 0.000000
vt 1.000000 1.000000
vt 0.000000 1.000000
vt 0.000000 0.000000
vt 1.000000 0.000000
vt 1.000000 1.000000
vt 0.000000 1.000000
vt 1.000000 0.000000
vt 1.000000 1.000000
vt 0.000000 0.000000
vt 1.000000 1.000000
vt 0.000000 1.000000
vt 0.000000 0.000000
vt 1.000000 0.000000
vt 1.000000 1.000000
vt 0.000000 1.000000
vt 0.000000 0.000000
vt 1.000000 1.000000
vt 0.000000 1.000000
vt 0.000000 0.000000
vt 1.000000 1.000000
vt 0.000000 1.000000
vt 0.000000 0.000000
vt 1.000000 1.000000
vt 0.000000 1.000000
vt 0.000000 0.000000
vt 1.000000 0.000000
vt 1.000000 1.000000
vt 0.000000 1.000000
vt 0.000000 0.000000
vt 1.000000 0.000000
vt 1.000000 1.000000
vt 0.000000 1.000000
vt 0.000000 0.000000
vt 1.000000 0.000000
vt 1.000000 1.000000
vt 0.000000 1.000000
vt 0.000000 0.000000
vt 1.000000 0.000000
vt 1.000000 1.000000
vt 0.000000 1.000000
vt 0.000000 0.000000
vt 1.000000 0.000000
vt 1.000000 1.000000
vt 0.000000 1.000000
vt 0.000000 0.000000
vt 1.000000 0.000000
vt 1.000000 1.000000
vt 0.000000 1.000000
vt 0.000000 0.000000
vt 1.000000 0.000000
vt 1.000000 1.000000
vt 0.000000 1.000000
vt 0.000000 0.000000
vt 1.000000 0.000000
vt 1.000000 1.000000
vt 0.000000 1.000000
vt 1.000000 0.000000
vt 1.000000 1.000000
vt 0.000000 1.000000
vt 0.000000 0.000000
vt 0.000000 0.000000
vt 1.000000 0.000000
vt 1.000000 1.000000
vt 0.000000 0.000000
vt 1.000000 0.000000
vt 0.000000 1.000000
vt 0.000000 0.000000
vt 1.000000 0.000000
vt 1.000000 1.000000
vt 0.000000 1.000000
vn -1.0000 0.0000 0.0000
vn 0.0000 0.0000 -1.0000
vn 1.0000 0.0000 0.0000
vn 0.0000 0.0000 1.0000
vn 0.0000 -1.0000 0.0000
vn -0.9504 0.3110 0.0000
vn 0.0000 0.5767 0.8169
vn 0.0000 0.5767 -0.8169
vn 0.9504 0.3110 0.0000
vn 0.9817 -0.1907 0.0000
vn -0.9207 0.3903 0.0000
vn -0.9817 -0.1907 0.0000
vn 0.0000 -0.3865 0.9223
vn 0.0000 -0.3865 -0.9223
vn 0.0000 1.0000 0.0000
vn 0.0000 0.6750 0.7379
vn 0.0000 0.6750 -0.7379
vn 0.9207 0.3903 0.0000
usemtl Material.001
s off
f 945/3149/727 946/3150/727 948/3151/727 947/3152/727
f 947/3153/728 948/3154/728 952/3155/728 951/3156/728
f 951/3157/729 952/3158/729 950/3159/729 949/3160/729
f 949/3161/730 950/3162/730 946/3163/730 945/3164/730
f 947/3153/731 951/3165/731 949/3166/731 945/3164/731
f 948/3167/732 946/3150/732 953/3168/732 954/3169/732
f 953/3170/730 956/3171/730 960/3172/730 957/3173/730
f 946/3174/733 950/3162/733 956/3175/733 953/3176/733
f 952/3177/734 948/3154/734 954/3178/734 955/3179/734
f 950/3180/735 952/3158/735 955/3181/735 956/3182/735
f 960/3183/736 959/3184/736 963/3185/736 964/3186/736
f 955/3187/728 954/3188/728 958/3189/728 959/3190/728
f 956/3191/729 955/3192/729 959/3193/729 960/3194/729
f 954/3195/727 953/3196/727 957/3197/727 958/3198/727
f 962/3199/737 961/3200/737 965/3201/737 966/3202/737
f 958/3203/738 957/3204/738 961/3205/738 962/3206/738
f 957/3207/739 960/3208/739 964/3209/739 961/3210/739
f 959/3211/740 958/3212/740 962/3213/740 963/3214/740
f 967/3215/741 966/3216/741 965/3217/741 968/3218/741
f 961/3219/742 964/3220/742 968/3221/742 965/3217/742
f 963/3222/743 962/3223/743 966/3216/743 967/3224/743
f 964/3225/744 963/3226/744 967/3227/744 968/3228/744
o Cube.049_Cube.055
v -1.140839 -0.023862 30.472662
v -1.140839 5.036138 30.472662
v -1.140839 -0.023862 29.652662
v -1.140839 5.036138 29.652662
v -0.760839 -0.023862 30.472662
v -0.760839 5.036138 30.472662
v -0.760839 -0.023862 29.652662
v -0.760839 5.036138 29.652662
v -1.026639 5.385188 30.226231
v -1.026639 5.385188 29.899094
v -0.875039 5.385188 29.899094
v -0.875039 5.385188 30.226231
v -1.026639 5.565935 30.226231
v -1.026639 5.565935 29.899094
v -0.875039 5.565935 29.899094
v -0.875039 5.565935 30.226231
v -1.093521 5.910302 30.370554
v -1.093521 5.910302 29.754770
v -0.808157 5.910302 29.754770
v -0.808157 5.910302 30.370554
v -0.994057 6.144935 30.155922
v -0.994057 6.144935 29.969402
v -0.907621 6.144935 29.969402
v -0.907621 6.144935 30.155922
vt 0.000000 0.000000
vt 1.000000 0.000000
vt 1.000000 1.000000
vt 0.000000 1.000000
vt 0.000000 0.000000
vt 1.000000 0.000000
vt 1.000000 1.000000
vt 0.000000 1.000000
vt 0.000000 0.000000
vt 1.000000 0.000000
vt 1.000000 1.000000
vt 0.000000 1.000000
vt 0.000000 0.000000
vt 1.000000 0.000000
vt 1.000000 1.000000
vt 0.000000 1.000000
vt 1.000000 0.000000
vt 1.000000 1.000000
vt 0.000000 0.000000
vt 1.000000 1.000000
vt 0.000000 1.000000
vt 0.000000 0.000000
vt 1.000000 0.000000
vt 1.000000 1.000000
vt 0.000000 1.000000
vt 0.000000 0.000000
vt 1.000000 1.000000
vt 0.000000 1.000000
vt 0.000000 0.000000
vt 1.000000 1.000000
vt 0.000000 1.000000
vt 0.000000 0.000000
vt 1.000000 1.000000
vt 0.000000 1.000000
vt 0.000000 0.000000
vt 1.000000 0.000000
vt 1.000000 1.000000
vt 0.000000 1.000000
vt 0.000000 0.000000
vt 1.000000 0.000000
vt 1.000000 1.000000
vt 0.000000 1.000000
vt 0.000000 0.000000
vt 1.000000 0.000000
vt 1.000000 1.000000
vt 0.000000 1.000000
vt 0.000000 0.000000
vt 1.000000 0.000000
vt 1.000000 1.000000
vt 0.000000 1.000000
vt 0.000000 0.000000
vt 1.000000 0.000000
vt 1.000000 1.000000
vt 0.000000 1.000000
vt 0.000000 0.000000
vt 1.000000 0.000000
vt 1.000000 1.000000
vt 0.000000 1.000000
vt 0.000000 0.000000
vt 1.000000 0.000000
vt 1.000000 1.000000
vt 0.000000 1.000000
vt 0.000000 0.000000
vt 1.000000 0.000000
vt 1.000000 1.000000
vt 0.000000 1.000000
vt 1.000000 0.000000
vt 1.000000 1.000000
vt 0.000000 1.000000
vt 0.000000 0.000000
vt 0.000000 0.000000
vt 1.000000 0.000000
vt 1.000000 1.000000
vt 0.000000 0.000000
vt 1.000000 0.000000
vt 0.000000 1.000000
vt 0.000000 0.000000
vt 1.000000 0.000000
vt 1.000000 1.000000
vt 0.000000 1.000000
vn -1.0000 0.0000 0.0000
vn 0.0000 0.0000 -1.0000
vn 1.0000 0.0000 0.0000
vn 0.0000 0.0000 1.0000
vn 0.0000 -1.0000 0.0000
vn -0.9504 0.3110 0.0000
vn 0.0000 0.5767 0.8169
vn 0.0000 0.5767 -0.8169
vn 0.9504 0.3110 0.0000
vn 0.9817 -0.1907 0.0000
vn -0.9207 0.3903 0.0000
vn -0.9817 -0.1907 0.0000
vn 0.0000 -0.3865 0.9223
vn 0.0000 -0.3865 -0.9223
vn 0.0000 1.0000 0.0000
vn 0.0000 0.6750 0.7379
vn 0.0000 0.6750 -0.7379
vn 0.9207 0.3903 0.0000
usemtl Material.001
s off
f 969/3229/745 970/3230/745 972/3231/745 971/3232/745
f 971/3233/746 972/3234/746 976/3235/746 975/3236/746
f 975/3237/747 976/3238/747 974/3239/747 973/3240/747
f 973/3241/748 974/3242/748 970/3243/748 969/3244/748
f 971/3233/749 975/3245/749 973/3246/749 969/3244/749
f 972/3247/750 970/3230/750 977/3248/750 978/3249/750
f 977/3250/748 980/3251/748 984/3252/748 981/3253/748
f 970/3254/751 974/3242/751 980/3255/751 977/3256/751
f 976/3257/752 972/3234/752 978/3258/752 979/3259/752
f 974/3260/753 976/3238/753 979/3261/753 980/3262/753
f 984/3263/754 983/3264/754 987/3265/754 988/3266/754
f 979/3267/746 978/3268/746 982/3269/746 983/3270/746
f 980/3271/747 979/3272/747 983/3273/747 984/3274/747
f 978/3275/745 977/3276/745 981/3277/745 982/3278/745
f 986/3279/755 985/3280/755 989/3281/755 990/3282/755
f 982/3283/756 981/3284/756 985/3285/756 986/3286/756
f 981/3287/757 984/3288/757 988/3289/757 985/3290/757
f 983/3291/758 982/3292/758 986/3293/758 987/3294/758
f 991/3295/759 990/3296/759 989/3297/759 992/3298/759
f 985/3299/760 988/3300/760 992/3301/760 989/3297/760
f 987/3302/761 986/3303/761 990/3296/761 991/3304/761
f 988/3305/762 987/3306/762 991/3307/762 992/3308/762
o Cube.048_Cube.054
v -1.140839 -0.023862 32.120953
v -1.140839 5.036138 32.120953
v -1.140839 -0.023862 31.300953
v -1.140839 5.036138 31.300953
v -0.760839 -0.023862 32.120953
v -0.760839 5.036138 32.120953
v -0.760839 -0.023862 31.300953
v -0.760839 5.036138 31.300953
v -1.026639 5.385188 31.874521
v -1.026639 5.385188 31.547384
v -0.875039 5.385188 31.547384
v -0.875039 5.385188 31.874521
v -1.026639 5.565935 31.874521
v -1.026639 5.565935 31.547384
v -0.875039 5.565935 31.547384
v -0.875039 5.565935 31.874521
v -1.093521 5.910302 32.018845
v -1.093521 5.910302 31.403061
v -0.808157 5.910302 31.403061
v -0.808157 5.910302 32.018845
v -0.994057 6.144935 31.804213
v -0.994057 6.144935 31.617693
v -0.907621 6.144935 31.617693
v -0.907621 6.144935 31.804213
vt 0.000000 0.000000
vt 1.000000 0.000000
vt 1.000000 1.000000
vt 0.000000 1.000000
vt 0.000000 0.000000
vt 1.000000 0.000000
vt 1.000000 1.000000
vt 0.000000 1.000000
vt 0.000000 0.000000
vt 1.000000 0.000000
vt 1.000000 1.000000
vt 0.000000 1.000000
vt 0.000000 0.000000
vt 1.000000 0.000000
vt 1.000000 1.000000
vt 0.000000 1.000000
vt 1.000000 0.000000
vt 1.000000 1.000000
vt 0.000000 0.000000
vt 1.000000 1.000000
vt 0.000000 1.000000
vt 0.000000 0.000000
vt 1.000000 0.000000
vt 1.000000 1.000000
vt 0.000000 1.000000
vt 0.000000 0.000000
vt 1.000000 1.000000
vt 0.000000 1.000000
vt 0.000000 0.000000
vt 1.000000 1.000000
vt 0.000000 1.000000
vt 0.000000 0.000000
vt 1.000000 1.000000
vt 0.000000 1.000000
vt 0.000000 0.000000
vt 1.000000 0.000000
vt 1.000000 1.000000
vt 0.000000 1.000000
vt 0.000000 0.000000
vt 1.000000 0.000000
vt 1.000000 1.000000
vt 0.000000 1.000000
vt 0.000000 0.000000
vt 1.000000 0.000000
vt 1.000000 1.000000
vt 0.000000 1.000000
vt 0.000000 0.000000
vt 1.000000 0.000000
vt 1.000000 1.000000
vt 0.000000 1.000000
vt 0.000000 0.000000
vt 1.000000 0.000000
vt 1.000000 1.000000
vt 0.000000 1.000000
vt 0.000000 0.000000
vt 1.000000 0.000000
vt 1.000000 1.000000
vt 0.000000 1.000000
vt 0.000000 0.000000
vt 1.000000 0.000000
vt 1.000000 1.000000
vt 0.000000 1.000000
vt 0.000000 0.000000
vt 1.000000 0.000000
vt 1.000000 1.000000
vt 0.000000 1.000000
vt 1.000000 0.000000
vt 1.000000 1.000000
vt 0.000000 1.000000
vt 0.000000 0.000000
vt 0.000000 0.000000
vt 1.000000 0.000000
vt 1.000000 1.000000
vt 0.000000 0.000000
vt 1.000000 0.000000
vt 0.000000 1.000000
vt 0.000000 0.000000
vt 1.000000 0.000000
vt 1.000000 1.000000
vt 0.000000 1.000000
vn -1.0000 0.0000 0.0000
vn 0.0000 0.0000 -1.0000
vn 1.0000 0.0000 0.0000
vn 0.0000 0.0000 1.0000
vn 0.0000 -1.0000 0.0000
vn -0.9504 0.3110 0.0000
vn 0.0000 0.5767 0.8169
vn 0.0000 0.5767 -0.8169
vn 0.9504 0.3110 0.0000
vn 0.9817 -0.1907 0.0000
vn -0.9207 0.3903 0.0000
vn -0.9817 -0.1907 0.0000
vn 0.0000 -0.3865 0.9223
vn 0.0000 -0.3865 -0.9223
vn 0.0000 1.0000 0.0000
vn 0.0000 0.6750 0.7379
vn 0.0000 0.6750 -0.7379
vn 0.9207 0.3903 0.0000
usemtl Material.001
s off
f 993/3309/763 994/3310/763 996/3311/763 995/3312/763
f 995/3313/764 996/3314/764 1000/3315/764 999/3316/764
f 999/3317/765 1000/3318/765 998/3319/765 997/3320/765
f 997/3321/766 998/3322/766 994/3323/766 993/3324/766
f 995/3313/767 999/3325/767 997/3326/767 993/3324/767
f 996/3327/768 994/3310/768 1001/3328/768 1002/3329/768
f 1001/3330/766 1004/3331/766 1008/3332/766 1005/3333/766
f 994/3334/769 998/3322/769 1004/3335/769 1001/3336/769
f 1000/3337/770 996/3314/770 1002/3338/770 1003/3339/770
f 998/3340/771 1000/3318/771 1003/3341/771 1004/3342/771
f 1008/3343/772 1007/3344/772 1011/3345/772 1012/3346/772
f 1003/3347/764 1002/3348/764 1006/3349/764 1007/3350/764
f 1004/3351/765 1003/3352/765 1007/3353/765 1008/3354/765
f 1002/3355/763 1001/3356/763 1005/3357/763 1006/3358/763
f 1010/3359/773 1009/3360/773 1013/3361/773 1014/3362/773
f 1006/3363/774 1005/3364/774 1009/3365/774 1010/3366/774
f 1005/3367/775 1008/3368/775 1012/3369/775 1009/3370/775
f 1007/3371/776 1006/3372/776 1010/3373/776 1011/3374/776
f 1015/3375/777 1014/3376/777 1013/3377/777 1016/3378/777
f 1009/3379/778 1012/3380/778 1016/3381/778 1013/3377/778
f 1011/3382/779 1010/3383/779 1014/3376/779 1015/3384/779
f 1012/3385/780 1011/3386/780 1015/3387/780 1016/3388/780
o Cube.047_Cube.053
v -0.829247 4.057229 33.075306
v -0.829247 3.597229 33.075306
v -0.829247 4.057229 23.895306
v -0.829247 3.597229 23.895306
v -0.649247 4.057229 33.075306
v -0.649247 3.597229 33.075306
v -0.649247 4.057229 23.895306
v -0.649247 3.597229 23.895306
vt 0.666667 0.333333
vt 0.666667 0.000000
vt 0.333333 0.000000
vt 0.333333 0.333333
vt 0.333333 0.666667
vt 0.333333 0.333333
vt 0.000000 0.333333
vt 0.000000 0.666667
vt 0.333333 0.000000
vt 0.000000 0.000000
vt 0.333333 0.666667
vt 0.666667 0.666667
vt 0.666667 0.333333
vt 0.333333 0.333333
vt 1.000000 0.333333
vt 1.000000 0.000000
vt 0.666667 0.000000
vt 0.666667 0.333333
vt 0.333333 0.666667
vt 0.000000 0.666667
vt 0.000000 1.000000
vt 0.333333 1.000000
vn -1.0000 0.0000 0.0000
vn 0.0000 0.0000 -1.0000
vn 1.0000 0.0000 0.0000
vn 0.0000 0.0000 1.0000
vn 0.0000 1.0000 0.0000
vn 0.0000 -1.0000 0.0000
usemtl Material.001
s off
f 1017/3389/781 1019/3390/781 1020/3391/781 1018/3392/781
f 1019/3393/782 1023/3394/782 1024/3395/782 1020/3396/782
f 1023/3394/783 1021/3397/783 1022/3398/783 1024/3395/783
f 1021/3399/784 1017/3400/784 1018/3401/784 1022/3402/784
f 1019/3403/785 1017/3404/785 1021/3405/785 1023/3406/785
f 1024/3407/786 1022/3408/786 1018/3409/786 1020/3410/786
o Cube.046_Cube.052
v -0.829247 1.103071 33.075306
v -0.829247 0.643071 33.075306
v -0.829247 1.103071 23.895306
v -0.829247 0.643071 23.895306
v -0.649247 1.103071 33.075306
v -0.649247 0.643071 33.075306
v -0.649247 1.103071 23.895306
v -0.649247 0.643071 23.895306
vt 0.666667 0.333333
vt 0.666667 0.000000
vt 0.333333 0.000000
vt 0.333333 0.333333
vt 0.333333 0.666667
vt 0.333333 0.333333
vt 0.000000 0.333333
vt 0.000000 0.666667
vt 0.333333 0.000000
vt 0.000000 0.000000
vt 0.333333 0.666667
vt 0.666667 0.666667
vt 0.666667 0.333333
vt 0.333333 0.333333
vt 1.000000 0.333333
vt 1.000000 0.000000
vt 0.666667 0.000000
vt 0.666667 0.333333
vt 0.333333 0.666667
vt 0.000000 0.666667
vt 0.000000 1.000000
vt 0.333333 1.000000
vn -1.0000 0.0000 0.0000
vn 0.0000 0.0000 -1.0000
vn 1.0000 0.0000 0.0000
vn 0.0000 0.0000 1.0000
vn 0.0000 1.0000 0.0000
vn 0.0000 -1.0000 0.0000
usemtl Material.001
s off
f 1025/3411/787 1027/3412/787 1028/3413/787 1026/3414/787
f 1027/3415/788 1031/3416/788 1032/3417/788 1028/3418/788
f 1031/3416/789 1029/3419/789 1030/3420/789 1032/3417/789
f 1029/3421/790 1025/3422/790 1026/3423/790 1030/3424/790
f 1027/3425/791 1025/3426/791 1029/3427/791 1031/3428/791
f 1032/3429/792 1030/3430/792 1026/3431/792 1028/3432/792
o Cube.044_Cube.050
v -0.667437 3.602082 20.490952
v -0.667437 3.982082 20.490952
v -0.667437 3.602082 20.350952
v -0.667437 3.982082 20.350952
v -0.647437 3.705945 20.452686
v -0.647437 3.878220 20.452686
v -0.647437 3.705945 20.389217
v -0.647437 3.878220 20.389217
v -0.647437 3.982082 20.350952
v -0.647437 3.602082 20.350952
v -0.647437 3.602082 20.490952
v -0.647437 3.982082 20.490952
v -0.667437 3.903714 20.490952
v -0.667437 3.903714 20.350952
v -0.647437 3.903714 20.350952
v -0.647437 3.903714 20.490952
v -0.647437 3.842691 20.389217
v -0.647437 3.842691 20.452686
v -0.598107 3.899813 20.397556
v -0.598107 3.899813 20.444347
v -0.598107 3.873620 20.397556
v -0.598107 3.873620 20.444347
v -0.578770 3.899081 20.398863
v -0.578770 3.899081 20.443041
v -0.578770 3.874352 20.398863
v -0.578770 3.874352 20.443041
v -0.554934 3.879982 20.406570
v -0.554934 3.879982 20.435333
v -0.570982 3.870867 20.402727
v -0.570982 3.870867 20.439177
v -0.550260 3.851987 20.407982
v -0.550260 3.851987 20.433922
v -0.568930 3.845146 20.407982
v -0.568930 3.845146 20.433922
v -0.556106 3.822731 20.407982
v -0.556106 3.822731 20.433922
v -0.571348 3.831552 20.407982
v -0.571348 3.831552 20.433922
v -0.573901 3.813438 20.407982
v -0.573901 3.813438 20.433922
v -0.585434 3.822259 20.407982
v -0.585434 3.822259 20.433922
v -0.636634 3.889407 20.406168
v -0.636634 3.889407 20.435736
v -0.613654 3.899466 20.410053
v -0.613654 3.899466 20.431850
v -0.629579 3.927246 20.413187
v -0.629579 3.927246 20.428717
v -0.617508 3.932529 20.415228
v -0.617508 3.932529 20.426676
vt 0.000000 0.000000
vt 1.000000 0.000000
vt 1.000000 1.000000
vt 0.000000 1.000000
vt 0.000000 0.000000
vt 1.000000 0.000000
vt 1.000000 1.000000
vt 0.000000 1.000000
vt 0.000000 0.000000
vt 1.000000 0.000000
vt 1.000000 1.000000
vt 0.000000 1.000000
vt 0.000000 0.000000
vt 1.000000 0.000000
vt 1.000000 1.000000
vt 0.000000 1.000000
vt 0.000000 0.000000
vt 1.000000 0.000000
vt 1.000000 1.000000
vt 0.000000 1.000000
vt 0.000000 0.000000
vt 0.000000 1.000000
vt 0.000000 0.000000
vt 1.000000 0.000000
vt 1.000000 1.000000
vt 0.000000 0.000000
vt 1.000000 0.000000
vt 0.000000 1.000000
vt 0.000000 0.000000
vt 1.000000 0.000000
vt 0.000000 0.000000
vt 1.000000 1.000000
vt 0.000000 1.000000
vt 0.000000 0.000000
vt 1.000000 0.000000
vt 1.000000 1.000000
vt 0.000000 1.000000
vt 1.000000 0.000000
vt 1.000000 1.000000
vt 0.000000 1.000000
vt 0.000000 0.000000
vt 1.000000 0.000000
vt 1.000000 1.000000
vt 1.000000 1.000000
vt 0.000000 1.000000
vt 1.000000 0.000000
vt 0.000000 0.000000
vt 1.000000 0.000000
vt 1.000000 1.000000
vt 0.000000 1.000000
vt 0.000000 0.000000
vt 1.000000 0.000000
vt 1.000000 1.000000
vt 0.000000 1.000000
vt 1.000000 1.000000
vt 0.000000 1.000000
vt 1.000000 1.000000
vt 0.000000 1.000000
vt 1.000000 1.000000
vt 0.000000 1.000000
vt 0.000000 0.000000
vt 1.000000 0.000000
vt 1.000000 1.000000
vt 0.000000 1.000000
vt 0.000000 0.000000
vt 1.000000 0.000000
vt 1.000000 1.000000
vt 0.000000 1.000000
vt 0.000000 0.000000
vt 1.000000 0.000000
vt 1.000000 1.000000
vt 0.000000 1.000000
vt 0.000000 0.000000
vt 1.000000 0.000000
vt 1.000000 1.000000
vt 0.000000 1.000000
vt 0.000000 0.000000
vt 1.000000 0.000000
vt 1.000000 1.000000
vt 0.000000 1.000000
vt 0.000000 0.000000
vt 1.000000 0.000000
vt 1.000000 1.000000
vt 0.000000 1.000000
vt 0.000000 0.000000
vt 1.000000 0.000000
vt 1.000000 1.000000
vt 0.000000 1.000000
vt 0.000000 0.000000
vt 1.000000 0.000000
vt 1.000000 1.000000
vt 0.000000 1.000000
vt 0.000000 0.000000
vt 1.000000 0.000000
vt 1.000000 1.000000
vt 0.000000 1.000000
vt 0.000000 0.000000
vt 1.000000 0.000000
vt 1.000000 1.000000
vt 0.000000 1.000000
vt 0.000000 0.000000
vt 1.000000 0.000000
vt 1.000000 1.000000
vt 0.000000 1.000000
vt 0.000000 0.000000
vt 1.000000 0.000000
vt 1.000000 1.000000
vt 0.000000 1.000000
vt 0.000000 0.000000
vt 1.000000 0.000000
vt 1.000000 1.000000
vt 0.000000 1.000000
vt 0.000000 0.000000
vt 1.000000 0.000000
vt 1.000000 1.000000
vt 0.000000 1.000000
vt 0.000000 0.000000
vt 1.000000 0.000000
vt 1.000000 1.000000
vt 0.000000 1.000000
vt 0.000000 0.000000
vt 1.000000 0.000000
vt 1.000000 1.000000
vt 0.000000 1.000000
vt 0.000000 0.000000
vt 1.000000 0.000000
vt 1.000000 1.000000
vt 0.000000 0.000000
vt 1.000000 0.000000
vt 1.000000 1.000000
vt 0.000000 1.000000
vt 0.000000 0.000000
vt 1.000000 0.000000
vt 1.000000 1.000000
vt 0.000000 1.000000
vt 0.000000 0.000000
vt 1.000000 0.000000
vt 0.000000 1.000000
vt 0.000000 0.000000
vt 1.000000 0.000000
vt 1.000000 1.000000
vt 0.000000 1.000000
vt 1.000000 1.000000
vt 0.000000 1.000000
vt 1.000000 1.000000
vt 0.000000 1.000000
vt 1.000000 1.000000
vt 0.000000 1.000000
vt 0.000000 0.000000
vt 1.000000 0.000000
vt 0.868616 1.000000
vt 0.131386 1.000000
vt 0.000000 0.000000
vt 1.000000 0.000000
vt 1.000000 1.000000
vt 0.000000 1.000000
vt 0.000000 0.000000
vt 1.000000 0.000000
vt 1.000000 1.000000
vt 0.000000 1.000000
vt 0.000000 0.000000
vt 1.000000 0.000000
vt 1.000000 1.000000
vt 0.000000 1.000000
vn -1.0000 0.0000 0.0000
vn 0.0000 0.0000 -1.0000
vn -0.7193 0.6947 0.0000
vn 0.0000 0.0000 1.0000
vn 0.0000 -1.0000 0.0000
vn 0.0000 1.0000 0.0000
vn 1.0000 0.0000 0.0000
vn 0.0674 0.0000 0.9977
vn 0.1667 0.0000 0.9860
vn 0.1667 0.0000 -0.9860
vn 0.5312 -0.8472 0.0000
vn -0.4084 -0.9128 0.0000
vn 0.0378 0.9993 0.0000
vn 0.0378 -0.9993 0.0000
vn 0.0674 0.0000 -0.9977
vn 0.1559 -0.1024 -0.9825
vn 0.3164 -0.0424 -0.9477
vn 0.3165 -0.0424 0.9477
vn 0.6253 0.7804 0.0000
vn 0.1560 -0.1024 0.9824
vn 0.9863 0.1647 0.0000
vn -0.9968 -0.0795 0.0000
vn -0.5507 0.8347 0.0000
vn 0.9806 -0.1960 0.0000
vn -0.9845 0.1751 0.0000
vn -0.6075 -0.7943 0.0000
vn 0.4629 -0.8864 0.0000
vn 0.0939 0.1646 0.9819
vn -0.3187 0.8717 0.3722
vn -0.0223 0.9998 0.0000
vn -0.3187 0.8717 -0.3722
vn -0.4010 0.9161 0.0000
vn -0.9831 0.1833 0.0000
vn 0.0939 0.1646 -0.9819
vn 0.9933 0.1158 0.0000
usemtl Material.003
s off
f 1045/3433/793 1034/3434/793 1036/3435/793 1046/3436/793
f 1046/3437/794 1036/3438/794 1041/3439/794 1047/3440/794
f 1040/3441/795 1038/3442/795 1076/3443/795 1075/3444/795
f 1048/3445/796 1044/3446/796 1034/3447/796 1045/3448/796
f 1035/3449/797 1042/3450/797 1043/3451/797 1033/3452/797
f 1041/3453/798 1036/3438/798 1034/3447/798 1044/3454/798
f 1049/3455/799 1039/3456/799 1042/3457/799 1047/3440/799
f 1039/3458/799 1037/3459/799 1043/3451/799 1042/3460/799
f 1038/3461/799 1040/3462/799 1041/3439/799 1044/3454/799
f 1050/3463/799 1038/3442/799 1044/3464/799 1048/3465/799
f 1037/3466/799 1050/3467/799 1048/3468/799 1043/3469/799
f 1040/3441/799 1049/3470/799 1047/3471/799 1041/3472/799
f 1043/3473/796 1048/3474/796 1045/3475/796 1033/3452/796
f 1039/3458/799 1049/3470/799 1050/3476/799 1037/3477/799
f 1035/3449/794 1046/3478/794 1047/3471/794 1042/3460/794
f 1033/3479/793 1045/3480/793 1046/3481/793 1035/3482/793
f 1052/3483/800 1054/3484/800 1058/3485/800 1056/3486/800
f 1038/3461/801 1050/3467/801 1054/3487/801 1052/3488/801
f 1049/3455/802 1040/3462/802 1051/3489/802 1053/3490/802
f 1050/3463/803 1049/3470/803 1053/3491/803 1054/3492/803
f 1058/3493/804 1057/3494/804 1061/3495/804 1062/3496/804
f 1051/3497/805 1052/3498/805 1056/3499/805 1055/3500/805
f 1054/3501/806 1053/3502/806 1057/3503/806 1058/3504/806
f 1053/3505/807 1051/3506/807 1055/3507/807 1057/3508/807
f 1061/3509/808 1059/3510/808 1063/3511/808 1065/3512/808
f 1057/3513/809 1055/3514/809 1059/3515/809 1061/3516/809
f 1056/3517/810 1058/3518/810 1062/3519/810 1060/3520/810
f 1055/3521/811 1056/3522/811 1060/3523/811 1059/3524/811
f 1064/3525/796 1066/3526/796 1070/3527/796 1068/3528/796
f 1060/3529/812 1062/3530/812 1066/3531/812 1064/3532/812
f 1059/3533/813 1060/3534/813 1064/3535/813 1063/3536/813
f 1062/3537/814 1061/3538/814 1065/3539/814 1066/3540/814
f 1070/3541/815 1069/3542/815 1073/3543/815 1074/3544/815
f 1063/3545/816 1064/3546/816 1068/3547/816 1067/3548/816
f 1066/3549/817 1065/3550/817 1069/3551/817 1070/3552/817
f 1065/3553/794 1063/3554/794 1067/3555/794 1069/3556/794
f 1073/3557/818 1071/3558/818 1072/3559/818 1074/3544/818
f 1069/3560/794 1067/3561/794 1071/3562/794 1073/3563/794
f 1068/3564/796 1070/3565/796 1074/3566/796 1072/3567/796
f 1067/3568/819 1068/3569/819 1072/3559/819 1071/3570/819
f 1076/3571/820 1078/3572/820 1082/3573/820 1080/3574/820
f 1038/3461/821 1052/3498/821 1078/3575/821 1076/3576/821
f 1052/3483/822 1051/3506/822 1077/3577/822 1078/3578/822
f 1051/3497/823 1040/3462/823 1075/3579/823 1077/3580/823
f 1079/3581/824 1080/3582/824 1082/3583/824 1081/3584/824
f 1075/3585/825 1076/3586/825 1080/3587/825 1079/3588/825
f 1077/3589/826 1075/3590/826 1079/3591/826 1081/3592/826
f 1078/3593/827 1077/3594/827 1081/3595/827 1082/3596/827
o Cube.043_Cube.049
v -0.671306 3.755730 20.918112
v -0.671306 3.935730 20.918112
v -0.671306 3.755730 20.738111
v -0.671306 3.935730 20.738111
v -0.631306 3.755730 20.918112
v -0.631306 3.935730 20.918112
v -0.631306 3.755730 20.738111
v -0.631306 3.935730 20.738111
v -0.570002 3.889798 20.784044
v -0.570002 3.801662 20.784044
v -0.570002 3.801662 20.872179
v -0.570002 3.889798 20.872179
vt 0.000000 0.000000
vt 1.000000 0.000000
vt 1.000000 1.000000
vt 0.000000 1.000000
vt 0.000000 0.000000
vt 1.000000 0.000000
vt 1.000000 1.000000
vt 0.000000 1.000000
vt 0.000000 0.000000
vt 1.000000 0.000000
vt 1.000000 1.000000
vt 0.000000 1.000000
vt 0.000000 0.000000
vt 1.000000 0.000000
vt 1.000000 1.000000
vt 0.000000 1.000000
vt 1.000000 0.000000
vt 1.000000 1.000000
vt 0.000000 0.000000
vt 0.000000 1.000000
vt 1.000000 1.000000
vt 0.000000 1.000000
vt 0.000000 0.000000
vt 1.000000 0.000000
vt 0.000000 0.000000
vt 1.000000 0.000000
vt 1.000000 1.000000
vt 0.000000 1.000000
vt 0.000000 1.000000
vt 1.000000 1.000000
vn -1.0000 0.0000 0.0000
vn 0.0000 0.0000 -1.0000
vn 0.5996 0.0000 -0.8003
vn 0.0000 0.0000 1.0000
vn 0.0000 -1.0000 0.0000
vn 0.0000 1.0000 0.0000
vn 1.0000 0.0000 0.0000
vn 0.5996 0.0000 0.8003
vn 0.5996 -0.8003 0.0000
vn 0.5996 0.8003 0.0000
usemtl Material.003
s off
f 1083/3597/828 1084/3598/828 1086/3599/828 1085/3600/828
f 1085/3601/829 1086/3602/829 1090/3603/829 1089/3604/829
f 1089/3605/830 1090/3606/830 1091/3607/830 1092/3608/830
f 1087/3609/831 1088/3610/831 1084/3611/831 1083/3612/831
f 1085/3601/832 1089/3613/832 1087/3614/832 1083/3612/832
f 1090/3615/833 1086/3602/833 1084/3611/833 1088/3616/833
f 1092/3617/834 1091/3618/834 1094/3619/834 1093/3620/834
f 1088/3621/835 1087/3622/835 1093/3623/835 1094/3624/835
f 1087/3609/836 1089/3613/836 1092/3617/836 1093/3625/836
f 1090/3615/837 1088/3610/837 1094/3626/837 1091/3618/837
o Cylinder
v -0.600623 3.864815 20.375599
v -0.600623 3.864815 20.835598
v -0.596721 3.864431 20.375599
v -0.596721 3.864431 20.835598
v -0.592969 3.863293 20.375599
v -0.592969 3.863293 20.835598
v -0.589512 3.861445 20.375599
v -0.589512 3.861445 20.835598
v -0.586481 3.858958 20.375599
v -0.586481 3.858958 20.835598
v -0.583994 3.855927 20.375599
v -0.583994 3.855927 20.835598
v -0.582145 3.852469 20.375599
v -0.582145 3.852469 20.835598
v -0.581007 3.848717 20.375599
v -0.581007 3.848717 20.835598
v -0.580623 3.844815 20.375599
v -0.580623 3.844815 20.835598
v -0.581007 3.840914 20.375599
v -0.581007 3.840914 20.835598
v -0.582145 3.837162 20.375599
v -0.582145 3.837162 20.835598
v -0.583994 3.833704 20.375599
v -0.583994 3.833704 20.835598
v -0.586481 3.830673 20.375599
v -0.586481 3.830673 20.835598
v -0.589512 3.828186 20.375599
v -0.589512 3.828186 20.835598
v -0.592969 3.826338 20.375599
v -0.592969 3.826338 20.835598
v -0.596721 3.825200 20.375599
v -0.596721 3.825200 20.835598
v -0.600623 3.824816 20.375599
v -0.600623 3.824816 20.835598
v -0.604525 3.825200 20.375599
v -0.604525 3.825200 20.835598
v -0.608277 3.826338 20.375599
v -0.608277 3.826338 20.835598
v -0.611734 3.828186 20.375599
v -0.611734 3.828186 20.835598
v -0.614765 3.830673 20.375599
v -0.614765 3.830673 20.835598
v -0.617252 3.833704 20.375599
v -0.617252 3.833704 20.835598
v -0.619101 3.837162 20.375599
v -0.619101 3.837162 20.835598
v -0.620239 3.840914 20.375599
v -0.620239 3.840914 20.835598
v -0.620623 3.844815 20.375599
v -0.620623 3.844815 20.835598
v -0.620239 3.848717 20.375599
v -0.620239 3.848717 20.835598
v -0.619101 3.852469 20.375599
v -0.619101 3.852469 20.835598
v -0.617252 3.855927 20.375599
v -0.617252 3.855927 20.835598
v -0.614765 3.858958 20.375599
v -0.614765 3.858958 20.835598
v -0.611734 3.861445 20.375599
v -0.611734 3.861445 20.835598
v -0.608277 3.863293 20.375599
v -0.608277 3.863293 20.835598
v -0.604525 3.864431 20.375599
v -0.604525 3.864431 20.835598
vt 0.119900 1.000000
vt 0.119900 0.498793
vt 0.154722 0.498793
vt 0.154722 1.000000
vt 0.188875 0.498793
vt 0.188875 1.000000
vt 0.221046 0.498793
vt 0.221046 1.000000
vt 0.250000 0.498793
vt 0.250000 1.000000
vt 0.274623 0.498793
vt 0.274623 1.000000
vt 1.000000 0.498793
vt 1.000000 1.000000
vt 0.971047 1.000000
vt 0.971047 0.498793
vt 0.938875 1.000000
vt 0.938875 0.498793
vt 0.904722 1.000000
vt 0.904722 0.498793
vt 0.869900 1.000000
vt 0.869900 0.498793
vt 0.835748 1.000000
vt 0.835748 0.498793
vt 0.803576 1.000000
vt 0.803576 0.498793
vt 0.774623 1.000000
vt 0.774623 0.498793
vt 0.745669 1.000000
vt 0.745669 0.498793
vt 0.713498 1.000000
vt 0.713498 0.498793
vt 0.679345 1.000000
vt 0.679345 0.498793
vt 0.644523 1.000000
vt 0.644523 0.498793
vt 0.610370 1.000000
vt 0.610370 0.498793
vt 0.578199 1.000000
vt 0.578199 0.498793
vt 0.549246 1.000000
vt 0.549246 0.498793
vt 0.524623 1.000000
vt 0.524623 0.498793
vt 0.495669 1.000000
vt 0.495669 0.498793
vt 0.463498 1.000000
vt 0.463498 0.498793
vt 0.429345 1.000000
vt 0.429345 0.498793
vt 0.394523 1.000000
vt 0.394523 0.498793
vt 0.360370 1.000000
vt 0.360370 0.498793
vt 0.328199 1.000000
vt 0.328199 0.498793
vt 0.299246 1.000000
vt 0.299246 0.498793
vt 0.274623 1.000000
vt 0.274623 0.498793
vt 0.000000 1.000000
vt 0.000000 0.498793
vt 0.024623 0.498793
vt 0.024623 1.000000
vt 0.053576 0.498793
vt 0.053576 1.000000
vt 0.353553 0.273960
vt 0.353553 0.224833
vt 0.360347 0.176651
vt 0.373672 0.131263
vt 0.393018 0.090416
vt 0.417641 0.055678
vt 0.446595 0.028384
vt 0.478766 0.009584
vt 0.512919 0.000000
vt 0.547741 0.000000
vt 0.581894 0.009584
vt 0.614065 0.028384
vt 0.643018 0.055678
vt 0.667641 0.090415
vt 0.686987 0.131263
vt 0.700313 0.176650
vt 0.707107 0.224833
vt 0.707107 0.273960
vt 0.700313 0.322143
vt 0.686987 0.367530
vt 0.667641 0.408378
vt 0.643019 0.443116
vt 0.614065 0.470409
vt 0.581894 0.489209
vt 0.547741 0.498793
vt 0.512919 0.498793
vt 0.478766 0.489209
vt 0.446595 0.470409
vt 0.417641 0.443116
vt 0.393019 0.408378
vt 0.373673 0.367530
vt 0.360347 0.322143
vt 0.085748 0.498793
vt 0.085748 1.000000
vt 0.159366 0.498793
vt 0.125213 0.489209
vt 0.093042 0.470409
vt 0.064088 0.443116
vt 0.039465 0.408378
vt 0.020119 0.367530
vt 0.006794 0.322143
vt 0.000000 0.273960
vt 0.000000 0.224834
vt 0.006793 0.176651
vt 0.020119 0.131263
vt 0.039465 0.090416
vt 0.064088 0.055678
vt 0.093041 0.028384
vt 0.125213 0.009584
vt 0.159366 0.000000
vt 0.194188 0.000000
vt 0.228340 0.009584
vt 0.260512 0.028384
vt 0.289465 0.055678
vt 0.314088 0.090415
vt 0.333434 0.131263
vt 0.346760 0.176650
vt 0.353553 0.224833
vt 0.353553 0.273960
vt 0.346760 0.322143
vt 0.333434 0.367530
vt 0.314088 0.408378
vt 0.289465 0.443116
vt 0.260512 0.470409
vt 0.228340 0.489209
vt 0.194188 0.498793
vn 0.0980 0.9952 0.0000
vn 0.2903 0.9570 0.0000
vn 0.4714 0.8819 0.0000
vn 0.6344 0.7730 0.0000
vn 0.7730 0.6344 0.0000
vn 0.8819 0.4714 0.0000
vn 0.9569 0.2903 0.0000
vn 0.9952 0.0980 0.0000
vn 0.9952 -0.0980 0.0000
vn 0.9569 -0.2903 0.0000
vn 0.8819 -0.4714 0.0000
vn 0.7730 -0.6344 0.0000
vn 0.6344 -0.7730 0.0000
vn 0.4714 -0.8819 0.0000
vn 0.2903 -0.9570 0.0000
vn 0.0980 -0.9952 0.0000
vn -0.0980 -0.9952 0.0000
vn -0.2903 -0.9569 0.0000
vn -0.4714 -0.8819 0.0000
vn -0.6344 -0.7730 0.0000
vn -0.7730 -0.6344 0.0000
vn -0.8819 -0.4714 0.0000
vn -0.9569 -0.2903 0.0000
vn -0.9952 -0.0980 0.0000
vn -0.9952 0.0980 0.0000
vn -0.9569 0.2903 0.0000
vn -0.8819 0.4714 0.0000
vn -0.7730 0.6344 0.0000
vn -0.6344 0.7730 0.0000
vn -0.4714 0.8819 0.0000
vn 0.0000 0.0000 1.0000
vn -0.2903 0.9570 0.0000
vn -0.0980 0.9952 0.0000
vn -0.0000 0.0000 -1.0000
usemtl Material.003
s off
f 1095/3627/838 1096/3628/838 1098/3629/838 1097/3630/838
f 1097/3630/839 1098/3629/839 1100/3631/839 1099/3632/839
f 1099/3632/840 1100/3631/840 1102/3633/840 1101/3634/840
f 1101/3634/841 1102/3633/841 1104/3635/841 1103/3636/841
f 1103/3636/842 1104/3635/842 1106/3637/842 1105/3638/842
f 1105/3639/843 1106/3640/843 1108/3641/843 1107/3642/843
f 1107/3642/844 1108/3641/844 1110/3643/844 1109/3644/844
f 1109/3644/845 1110/3643/845 1112/3645/845 1111/3646/845
f 1111/3646/846 1112/3645/846 1114/3647/846 1113/3648/846
f 1113/3648/847 1114/3647/847 1116/3649/847 1115/3650/847
f 1115/3650/848 1116/3649/848 1118/3651/848 1117/3652/848
f 1117/3652/849 1118/3651/849 1120/3653/849 1119/3654/849
f 1119/3654/850 1120/3653/850 1122/3655/850 1121/3656/850
f 1121/3656/851 1122/3655/851 1124/3657/851 1123/3658/851
f 1123/3658/852 1124/3657/852 1126/3659/852 1125/3660/852
f 1125/3660/853 1126/3659/853 1128/3661/853 1127/3662/853
f 1127/3662/854 1128/3661/854 1130/3663/854 1129/3664/854
f 1129/3664/855 1130/3663/855 1132/3665/855 1131/3666/855
f 1131/3666/856 1132/3665/856 1134/3667/856 1133/3668/856
f 1133/3668/857 1134/3667/857 1136/3669/857 1135/3670/857
f 1135/3670/858 1136/3669/858 1138/3671/858 1137/3672/858
f 1137/3672/859 1138/3671/859 1140/3673/859 1139/3674/859
f 1139/3674/860 1140/3673/860 1142/3675/860 1141/3676/860
f 1141/3676/861 1142/3675/861 1144/3677/861 1143/3678/861
f 1143/3678/862 1144/3677/862 1146/3679/862 1145/3680/862
f 1145/3680/863 1146/3679/863 1148/3681/863 1147/3682/863
f 1147/3682/864 1148/3681/864 1150/3683/864 1149/3684/864
f 1149/3684/865 1150/3683/865 1152/3685/865 1151/3686/865
f 1151/3687/866 1152/3688/866 1154/3689/866 1153/3690/866
f 1153/3690/867 1154/3689/867 1156/3691/867 1155/3692/867
f 1098/3693/868 1096/3694/868 1158/3695/868 1156/3696/868 1154/3697/868 1152/3698/868 1150/3699/868 1148/3700/868 1146/3701/868 1144/3702/868 1142/3703/868 1140/3704/868 1138/3705/868 1136/3706/868 1134/3707/868 1132/3708/868 1130/3709/868 1128/3710/868 1126/3711/868 1124/3712/868 1122/3713/868 1120/3714/868 1118/3715/868 1116/3716/868 1114/3717/868 1112/3718/868 1110/3719/868 1108/3720/868 1106/3721/868 1104/3722/868 1102/3723/868 1100/3724/868
f 1155/3692/869 1156/3691/869 1158/3725/869 1157/3726/869
f 1157/3726/870 1158/3725/870 1096/3628/870 1095/3627/870
f 1095/3727/871 1097/3728/871 1099/3729/871 1101/3730/871 1103/3731/871 1105/3732/871 1107/3733/871 1109/3734/871 1111/3735/871 1113/3736/871 1115/3737/871 1117/3738/871 1119/3739/871 1121/3740/871 1123/3741/871 1125/3742/871 1127/3743/871 1129/3744/871 1131/3745/871 1133/3746/871 1135/3747/871 1137/3748/871 1139/3749/871 1141/3750/871 1143/3751/871 1145/3752/871 1147/3753/871 1149/3754/871 1151/3755/871 1153/3756/871 1155/3757/871 1157/3758/871
o Cube.042_Cube.048
v -0.618872 0.841688 16.581118
v -0.618872 0.921749 16.581118
v -0.603884 0.801719 16.247330
v -0.603884 0.961719 16.247330
v -0.648895 0.841688 16.581118
v -0.648895 0.921749 16.581118
v -0.663884 0.801719 16.247330
v -0.663884 0.961719 16.247330
v -0.582600 0.975557 16.225012
v -0.582600 0.787881 16.225012
v -0.652978 0.787881 16.225012
v -0.652978 0.975557 16.225012
v -0.570744 1.007172 16.167774
v -0.570744 0.756266 16.167774
v -0.664834 0.756266 16.167774
v -0.664834 1.007172 16.167774
v -0.610119 0.936737 15.888857
v -0.610119 0.826700 15.888857
v -0.651382 0.826700 15.888857
v -0.651382 0.936737 15.888857
v -0.628681 0.867845 16.612253
v -0.628681 0.895592 16.612253
v -0.639086 0.895592 16.612253
v -0.639086 0.867845 16.612253
v -0.612235 0.823990 16.695501
v -0.612235 0.939448 16.695501
v -0.655532 0.939448 16.695501
v -0.655532 0.823990 16.695501
v -0.644322 0.869528 16.752520
v -0.644322 0.893909 16.752520
v -0.653465 0.893909 16.752520
v -0.653465 0.869528 16.752520
vt 0.000000 0.000000
vt 0.000000 1.000000
vt 1.000000 1.000000
vt 1.000000 0.000000
vt 0.000000 0.000000
vt 0.000000 1.000000
vt 1.000000 1.000000
vt 1.000000 0.000000
vt 0.000000 0.000000
vt 0.000000 1.000000
vt 1.000000 1.000000
vt 0.000000 0.000000
vt 0.000000 1.000000
vt 1.000000 1.000000
vt 0.000000 0.000000
vt 0.000000 1.000000
vt 1.000000 1.000000
vt 1.000000 0.000000
vt 0.000000 0.000000
vt 0.000000 1.000000
vt 1.000000 1.000000
vt 1.000000 0.000000
vt 0.000000 0.000000
vt 0.000000 1.000000
vt 1.000000 1.000000
vt 1.000000 0.000000
vt 0.000000 1.000000
vt 1.000000 1.000000
vt 0.000000 1.000000
vt 1.000000 1.000000
vt 0.000000 1.000000
vt 1.000000 1.000000
vt 1.000000 0.000000
vt 0.000000 0.000000
vt 0.000000 1.000000
vt 1.000000 1.000000
vt 1.000000 0.000000
vt 0.000000 0.000000
vt 0.000000 1.000000
vt 1.000000 1.000000
vt 1.000000 0.000000
vt 0.000000 0.000000
vt 0.000000 1.000000
vt 1.000000 1.000000
vt 1.000000 0.000000
vt 0.000000 0.000000
vt 0.000000 1.000000
vt 1.000000 1.000000
vt 1.000000 0.000000
vt 0.000000 0.000000
vt 0.000000 1.000000
vt 1.000000 0.000000
vt 0.000000 0.000000
vt 0.000000 1.000000
vt 1.000000 1.000000
vt 1.000000 0.000000
vt 0.000000 0.000000
vt 0.000000 1.000000
vt 1.000000 1.000000
vt 1.000000 0.000000
vt 0.000000 0.000000
vt 1.000000 1.000000
vt 1.000000 0.000000
vt 0.000000 0.000000
vt 0.000000 1.000000
vt 1.000000 1.000000
vt 1.000000 0.000000
vt 0.000000 0.000000
vt 0.000000 1.000000
vt 1.000000 1.000000
vt 1.000000 0.000000
vt 0.000000 0.000000
vt 0.000000 1.000000
vt 1.000000 1.000000
vt 1.000000 0.000000
vt 0.000000 1.000000
vt 1.000000 1.000000
vt 1.000000 0.000000
vt 0.000000 0.000000
vt 0.000000 1.000000
vt 1.000000 1.000000
vt 1.000000 0.000000
vt 0.000000 0.000000
vt 0.000000 1.000000
vt 1.000000 1.000000
vt 1.000000 0.000000
vt 0.000000 0.000000
vt 0.000000 1.000000
vt 1.000000 1.000000
vt 1.000000 0.000000
vt 0.000000 0.000000
vt 0.000000 1.000000
vt 1.000000 1.000000
vt 1.000000 0.000000
vt 0.000000 1.000000
vt 1.000000 1.000000
vt 1.000000 0.000000
vt 0.000000 0.000000
vt 0.000000 0.000000
vt 0.000000 1.000000
vt 1.000000 0.000000
vt 0.000000 0.000000
vt 0.000000 1.000000
vt 1.000000 1.000000
vt 1.000000 0.000000
vt 0.000000 0.000000
vt 1.000000 1.000000
vt 1.000000 0.000000
vn 0.9990 0.0000 0.0449
vn 0.0000 0.8499 0.5270
vn -0.9990 0.0000 0.0449
vn 0.0000 0.7657 0.6432
vn 0.0000 -0.9929 0.1189
vn 0.0000 0.9929 0.1189
vn 0.0000 -0.8753 0.4835
vn 0.7237 0.0000 0.6901
vn -0.8985 0.0000 -0.4390
vn 0.0000 -0.8499 0.5270
vn 0.0000 0.9696 -0.2448
vn 0.0000 0.8753 0.4835
vn 0.9792 0.0000 0.2028
vn -0.9792 0.0000 0.2028
vn 0.0000 0.0000 -1.0000
vn 0.9902 0.0000 -0.1398
vn -0.9988 0.0000 -0.0482
vn 0.0000 -0.9696 -0.2448
vn 0.0000 -0.8847 -0.4661
vn -0.9538 0.0000 0.3005
vn 0.9538 0.0000 0.3005
vn 0.0000 -0.7657 0.6432
vn 0.0000 -0.7814 0.6241
vn 0.9810 0.0000 -0.1938
vn 0.0000 0.8847 -0.4661
vn -0.9810 0.0000 -0.1938
vn 0.0000 0.0000 1.0000
vn 0.8715 0.0000 0.4904
vn 0.0000 0.7814 0.6241
vn -0.9993 0.0000 0.0362
usemtl Material.003
s off
f 1159/3759/872 1161/3760/872 1162/3761/872 1160/3762/872
f 1162/3763/873 1167/3764/873 1170/3765/873 1166/3766/873
f 1165/3767/874 1163/3768/874 1164/3769/874 1166/3766/874
f 1164/3770/875 1181/3771/875 1180/3772/875 1160/3762/875
f 1161/3773/876 1159/3774/876 1163/3775/876 1165/3776/876
f 1166/3777/877 1164/3778/877 1160/3779/877 1162/3780/877
f 1169/3781/878 1173/3782/878 1172/3783/878 1168/3784/878
f 1161/3773/879 1168/3785/879 1167/3786/879 1162/3780/879
f 1166/3777/880 1170/3787/880 1169/3788/880 1165/3776/880
f 1165/3767/881 1169/3789/881 1168/3790/881 1161/3791/881
f 1171/3792/882 1175/3793/882 1178/3794/882 1174/3795/882
f 1167/3796/883 1171/3797/883 1174/3798/883 1170/3799/883
f 1168/3800/884 1172/3801/884 1171/3802/884 1167/3803/884
f 1170/3804/885 1174/3805/885 1173/3806/885 1169/3807/885
f 1176/3808/886 1177/3809/886 1178/3794/886 1175/3810/886
f 1172/3811/887 1176/3812/887 1175/3813/887 1171/3814/887
f 1174/3815/888 1178/3816/888 1177/3817/888 1173/3818/888
f 1173/3819/889 1177/3809/889 1176/3820/889 1172/3821/889
f 1179/3822/890 1183/3823/890 1186/3824/890 1182/3825/890
f 1163/3826/891 1182/3827/891 1181/3828/891 1164/3829/891
f 1160/3830/892 1180/3831/892 1179/3832/892 1159/3833/892
f 1159/3759/893 1179/3834/893 1182/3835/893 1163/3836/893
f 1183/3837/894 1187/3838/894 1190/3839/894 1186/3840/894
f 1180/3841/895 1184/3842/895 1183/3843/895 1179/3844/895
f 1181/3845/896 1185/3846/896 1184/3847/896 1180/3848/896
f 1182/3849/897 1186/3850/897 1185/3851/897 1181/3852/897
f 1190/3853/898 1187/3854/898 1188/3855/898 1189/3856/898
f 1184/3857/899 1188/3858/899 1187/3854/899 1183/3859/899
f 1185/3860/900 1189/3861/900 1188/3862/900 1184/3863/900
f 1186/3864/901 1190/3853/901 1189/3865/901 1185/3866/901
o Cube.041_Cube.047
v -0.618872 3.773329 16.581118
v -0.618872 3.853389 16.581118
v -0.603884 3.733359 16.247330
v -0.603884 3.893359 16.247330
v -0.648895 3.773329 16.581118
v -0.648895 3.853389 16.581118
v -0.663884 3.733359 16.247330
v -0.663884 3.893359 16.247330
v -0.582600 3.907197 16.225012
v -0.582600 3.719521 16.225012
v -0.652978 3.719521 16.225012
v -0.652978 3.907197 16.225012
v -0.570744 3.938812 16.167774
v -0.570744 3.687906 16.167774
v -0.664834 3.687906 16.167774
v -0.664834 3.938812 16.167774
v -0.610119 3.868377 15.888857
v -0.610119 3.758340 15.888857
v -0.651382 3.758340 15.888857
v -0.651382 3.868377 15.888857
v -0.628681 3.799485 16.612253
v -0.628681 3.827232 16.612253
v -0.639086 3.827232 16.612253
v -0.639086 3.799485 16.612253
v -0.612235 3.755630 16.695501
v -0.612235 3.871088 16.695501
v -0.655532 3.871088 16.695501
v -0.655532 3.755630 16.695501
v -0.644322 3.801168 16.752520
v -0.644322 3.825549 16.752520
v -0.653465 3.825549 16.752520
v -0.653465 3.801168 16.752520
vt 0.000000 0.000000
vt 0.000000 1.000000
vt 1.000000 1.000000
vt 1.000000 0.000000
vt 0.000000 0.000000
vt 0.000000 1.000000
vt 1.000000 1.000000
vt 1.000000 0.000000
vt 0.000000 0.000000
vt 0.000000 1.000000
vt 1.000000 1.000000
vt 0.000000 0.000000
vt 0.000000 1.000000
vt 1.000000 1.000000
vt 0.000000 0.000000
vt 0.000000 1.000000
vt 1.000000 1.000000
vt 1.000000 0.000000
vt 0.000000 0.000000
vt 0.000000 1.000000
vt 1.000000 1.000000
vt 1.000000 0.000000
vt 0.000000 0.000000
vt 0.000000 1.000000
vt 1.000000 1.000000
vt 1.000000 0.000000
vt 0.000000 1.000000
vt 1.000000 1.000000
vt 0.000000 1.000000
vt 1.000000 1.000000
vt 0.000000 1.000000
vt 1.000000 1.000000
vt 1.000000 0.000000
vt 0.000000 0.000000
vt 0.000000 1.000000
vt 1.000000 1.000000
vt 1.000000 0.000000
vt 0.000000 0.000000
vt 0.000000 1.000000
vt 1.000000 1.000000
vt 1.000000 0.000000
vt 0.000000 0.000000
vt 0.000000 1.000000
vt 1.000000 1.000000
vt 1.000000 0.000000
vt 0.000000 0.000000
vt 0.000000 1.000000
vt 1.000000 1.000000
vt 1.000000 0.000000
vt 0.000000 0.000000
vt 0.000000 1.000000
vt 1.000000 0.000000
vt 0.000000 0.000000
vt 0.000000 1.000000
vt 1.000000 1.000000
vt 1.000000 0.000000
vt 0.000000 0.000000
vt 0.000000 1.000000
vt 1.000000 1.000000
vt 1.000000 0.000000
vt 0.000000 0.000000
vt 1.000000 1.000000
vt 1.000000 0.000000
vt 0.000000 0.000000
vt 0.000000 1.000000
vt 1.000000 1.000000
vt 1.000000 0.000000
vt 0.000000 0.000000
vt 0.000000 1.000000
vt 1.000000 1.000000
vt 1.000000 0.000000
vt 0.000000 0.000000
vt 0.000000 1.000000
vt 1.000000 1.000000
vt 1.000000 0.000000
vt 0.000000 1.000000
vt 1.000000 1.000000
vt 1.000000 0.000000
vt 0.000000 0.000000
vt 0.000000 1.000000
vt 1.000000 1.000000
vt 1.000000 0.000000
vt 0.000000 0.000000
vt 0.000000 1.000000
vt 1.000000 1.000000
vt 1.000000 0.000000
vt 0.000000 0.000000
vt 0.000000 1.000000
vt 1.000000 1.000000
vt 1.000000 0.000000
vt 0.000000 0.000000
vt 0.000000 1.000000
vt 1.000000 1.000000
vt 1.000000 0.000000
vt 0.000000 1.000000
vt 1.000000 1.000000
vt 1.000000 0.000000
vt 0.000000 0.000000
vt 0.000000 0.000000
vt 0.000000 1.000000
vt 1.000000 0.000000
vt 0.000000 0.000000
vt 0.000000 1.000000
vt 1.000000 1.000000
vt 1.000000 0.000000
vt 0.000000 0.000000
vt 1.000000 1.000000
vt 1.000000 0.000000
vn 0.9990 0.0000 0.0449
vn 0.0000 0.8499 0.5270
vn -0.9990 0.0000 0.0449
vn 0.0000 0.7657 0.6432
vn 0.0000 -0.9929 0.1189
vn 0.0000 0.9929 0.1189
vn 0.0000 -0.8753 0.4835
vn 0.7237 0.0000 0.6901
vn -0.8985 0.0000 -0.4390
vn 0.0000 -0.8499 0.5270
vn 0.0000 0.9696 -0.2448
vn 0.0000 0.8753 0.4835
vn 0.9792 0.0000 0.2028
vn -0.9792 0.0000 0.2028
vn 0.0000 0.0000 -1.0000
vn 0.9902 0.0000 -0.1398
vn -0.9988 0.0000 -0.0482
vn 0.0000 -0.9696 -0.2448
vn 0.0000 -0.8847 -0.4661
vn -0.9538 0.0000 0.3005
vn 0.9538 0.0000 0.3005
vn 0.0000 -0.7657 0.6432
vn 0.0000 -0.7814 0.6241
vn 0.9810 0.0000 -0.1938
vn 0.0000 0.8847 -0.4661
vn -0.9810 0.0000 -0.1938
vn 0.0000 0.0000 1.0000
vn 0.8715 0.0000 0.4904
vn 0.0000 0.7814 0.6241
vn -0.9993 0.0000 0.0362
usemtl Material.003
s off
f 1191/3867/902 1193/3868/902 1194/3869/902 1192/3870/902
f 1194/3871/903 1199/3872/903 1202/3873/903 1198/3874/903
f 1197/3875/904 1195/3876/904 1196/3877/904 1198/3874/904
f 1196/3878/905 1213/3879/905 1212/3880/905 1192/3870/905
f 1193/3881/906 1191/3882/906 1195/3883/906 1197/3884/906
f 1198/3885/907 1196/3886/907 1192/3887/907 1194/3888/907
f 1201/3889/908 1205/3890/908 1204/3891/908 1200/3892/908
f 1193/3881/909 1200/3893/909 1199/3894/909 1194/3888/909
f 1198/3885/910 1202/3895/910 1201/3896/910 1197/3884/910
f 1197/3875/911 1201/3897/911 1200/3898/911 1193/3899/911
f 1203/3900/912 1207/3901/912 1210/3902/912 1206/3903/912
f 1199/3904/913 1203/3905/913 1206/3906/913 1202/3907/913
f 1200/3908/914 1204/3909/914 1203/3910/914 1199/3911/914
f 1202/3912/915 1206/3913/915 1205/3914/915 1201/3915/915
f 1208/3916/916 1209/3917/916 1210/3902/916 1207/3918/916
f 1204/3919/917 1208/3920/917 1207/3921/917 1203/3922/917
f 1206/3923/918 1210/3924/918 1209/3925/918 1205/3926/918
f 1205/3927/919 1209/3917/919 1208/3928/919 1204/3929/919
f 1211/3930/920 1215/3931/920 1218/3932/920 1214/3933/920
f 1195/3934/921 1214/3935/921 1213/3936/921 1196/3937/921
f 1192/3938/922 1212/3939/922 1211/3940/922 1191/3941/922
f 1191/3867/923 1211/3942/923 1214/3943/923 1195/3944/923
f 1215/3945/924 1219/3946/924 1222/3947/924 1218/3948/924
f 1212/3949/925 1216/3950/925 1215/3951/925 1211/3952/925
f 1213/3953/926 1217/3954/926 1216/3955/926 1212/3956/926
f 1214/3957/927 1218/3958/927 1217/3959/927 1213/3960/927
f 1222/3961/928 1219/3962/928 1220/3963/928 1221/3964/928
f 1216/3965/929 1220/3966/929 1219/3962/929 1215/3967/929
f 1217/3968/930 1221/3969/930 1220/3970/930 1216/3971/930
f 1218/3972/931 1222/3961/931 1221/3973/931 1217/3974/931
o Cube.040_Cube.046
v -0.829247 1.103071 16.254255
v -0.829247 0.643071 16.254255
v -0.829247 1.103071 14.694256
v -0.829247 0.643071 14.694256
v -0.649247 1.103071 16.254255
v -0.649247 0.643071 16.254255
v -0.649247 1.103071 14.694256
v -0.649247 0.643071 14.694256
vt 0.666667 0.333333
vt 0.666667 0.000000
vt 0.333333 0.000000
vt 0.333333 0.333333
vt 0.333333 0.666667
vt 0.333333 0.333333
vt 0.000000 0.333333
vt 0.000000 0.666667
vt 0.333333 0.000000
vt 0.000000 0.000000
vt 0.333333 0.666667
vt 0.666667 0.666667
vt 0.666667 0.333333
vt 0.333333 0.333333
vt 1.000000 0.333333
vt 1.000000 0.000000
vt 0.666667 0.000000
vt 0.666667 0.333333
vt 0.333333 0.666667
vt 0.000000 0.666667
vt 0.000000 1.000000
vt 0.333333 1.000000
vn -1.0000 0.0000 0.0000
vn 0.0000 0.0000 -1.0000
vn 1.0000 0.0000 0.0000
vn 0.0000 0.0000 1.0000
vn 0.0000 1.0000 0.0000
vn 0.0000 -1.0000 0.0000
usemtl Material.001
s off
f 1223/3975/932 1225/3976/932 1226/3977/932 1224/3978/932
f 1225/3979/933 1229/3980/933 1230/3981/933 1226/3982/933
f 1229/3980/934 1227/3983/934 1228/3984/934 1230/3981/934
f 1227/3985/935 1223/3986/935 1224/3987/935 1228/3988/935
f 1225/3989/936 1223/3990/936 1227/3991/936 1229/3992/936
f 1230/3993/937 1228/3994/937 1224/3995/937 1226/3996/937
o Cube.039_Cube.045
v -0.829247 4.057229 16.278166
v -0.829247 3.597229 16.278166
v -0.829247 4.057229 14.718166
v -0.829247 3.597229 14.718166
v -0.649247 4.057229 16.278166
v -0.649247 3.597229 16.278166
v -0.649247 4.057229 14.718166
v -0.649247 3.597229 14.718166
vt 0.666667 0.333333
vt 0.666667 0.000000
vt 0.333333 0.000000
vt 0.333333 0.333333
vt 0.333333 0.666667
vt 0.333333 0.333333
vt 0.000000 0.333333
vt 0.000000 0.666667
vt 0.333333 0.000000
vt 0.000000 0.000000
vt 0.333333 0.666667
vt 0.666667 0.666667
vt 0.666667 0.333333
vt 0.333333 0.333333
vt 1.000000 0.333333
vt 1.000000 0.000000
vt 0.666667 0.000000
vt 0.666667 0.333333
vt 0.333333 0.666667
vt 0.000000 0.666667
vt 0.000000 1.000000
vt 0.333333 1.000000
vn -1.0000 0.0000 0.0000
vn 0.0000 0.0000 -1.0000
vn 1.0000 0.0000 0.0000
vn 0.0000 0.0000 1.0000
vn 0.0000 1.0000 0.0000
vn 0.0000 -1.0000 0.0000
usemtl Material.001
s off
f 1231/3997/938 1233/3998/938 1234/3999/938 1232/4000/938
f 1233/4001/939 1237/4002/939 1238/4003/939 1234/4004/939
f 1237/4002/940 1235/4005/940 1236/4006/940 1238/4003/940
f 1235/4007/941 1231/4008/941 1232/4009/941 1236/4010/941
f 1233/4011/942 1231/4012/942 1235/4013/942 1237/4014/942
f 1238/4015/943 1236/4016/943 1232/4017/943 1234/4018/943
o Cube.038_Cube.044
v -0.829247 4.057229 23.695000
v -0.829247 3.597229 23.695000
v -0.829247 4.057229 20.695000
v -0.829247 3.597229 20.695000
v -0.649247 4.057229 23.695000
v -0.649247 3.597229 23.695000
v -0.649247 4.057229 20.695000
v -0.649247 3.597229 20.695000
vt 0.666667 0.333333
vt 0.666667 0.000000
vt 0.333333 0.000000
vt 0.333333 0.333333
vt 0.333333 0.666667
vt 0.333333 0.333333
vt 0.000000 0.333333
vt 0.000000 0.666667
vt 0.333333 0.000000
vt 0.000000 0.000000
vt 0.333333 0.666667
vt 0.666667 0.666667
vt 0.666667 0.333333
vt 0.333333 0.333333
vt 1.000000 0.333333
vt 1.000000 0.000000
vt 0.666667 0.000000
vt 0.666667 0.333333
vt 0.333333 0.666667
vt 0.000000 0.666667
vt 0.000000 1.000000
vt 0.333333 1.000000
vn -1.0000 0.0000 0.0000
vn 0.0000 0.0000 -1.0000
vn 1.0000 0.0000 0.0000
vn 0.0000 0.0000 1.0000
vn 0.0000 1.0000 0.0000
vn 0.0000 -1.0000 0.0000
usemtl Material.001
s off
f 1239/4019/944 1241/4020/944 1242/4021/944 1240/4022/944
f 1241/4023/945 1245/4024/945 1246/4025/945 1242/4026/945
f 1245/4024/946 1243/4027/946 1244/4028/946 1246/4025/946
f 1243/4029/947 1239/4030/947 1240/4031/947 1244/4032/947
f 1241/4033/948 1239/4034/948 1243/4035/948 1245/4036/948
f 1246/4037/949 1244/4038/949 1240/4039/949 1242/4040/949
o Cube.035_Cube.043
v -0.829247 1.103071 23.671089
v -0.829247 0.643071 23.671089
v -0.829247 1.103071 20.671089
v -0.829247 0.643071 20.671089
v -0.649247 1.103071 23.671089
v -0.649247 0.643071 23.671089
v -0.649247 1.103071 20.671089
v -0.649247 0.643071 20.671089
vt 0.666667 0.333333
vt 0.666667 0.000000
vt 0.333333 0.000000
vt 0.333333 0.333333
vt 0.333333 0.666667
vt 0.333333 0.333333
vt 0.000000 0.333333
vt 0.000000 0.666667
vt 0.333333 0.000000
vt 0.000000 0.000000
vt 0.333333 0.666667
vt 0.666667 0.666667
vt 0.666667 0.333333
vt 0.333333 0.333333
vt 1.000000 0.333333
vt 1.000000 0.000000
vt 0.666667 0.000000
vt 0.666667 0.333333
vt 0.333333 0.666667
vt 0.000000 0.666667
vt 0.000000 1.000000
vt 0.333333 1.000000
vn -1.0000 0.0000 0.0000
vn 0.0000 0.0000 -1.0000
vn 1.0000 0.0000 0.0000
vn 0.0000 0.0000 1.0000
vn 0.0000 1.0000 0.0000
vn 0.0000 -1.0000 0.0000
usemtl Material.001
s off
f 1247/4041/950 1249/4042/950 1250/4043/950 1248/4044/950
f 1249/4045/951 1253/4046/951 1254/4047/951 1250/4048/951
f 1253/4046/952 1251/4049/952 1252/4050/952 1254/4047/952
f 1251/4051/953 1247/4052/953 1248/4053/953 1252/4054/953
f 1249/4055/954 1247/4056/954 1251/4057/954 1253/4058/954
f 1254/4059/955 1252/4060/955 1248/4061/955 1250/4062/955
o Cube.034_Cube.042
v -1.015961 0.262813 20.544773
v -1.015961 4.522813 20.544773
v -1.015961 0.262813 19.964771
v -1.015961 4.522813 19.964771
v -0.735961 0.262813 20.544773
v -0.735961 4.522813 20.544773
v -0.735961 0.262813 19.964771
v -0.735961 4.522813 19.964771
v -0.972074 4.689308 20.453863
v -0.972074 4.689308 20.055681
v -0.779848 4.689308 20.055681
v -0.779848 4.689308 20.453863
v -0.931908 4.817805 20.370663
v -0.931908 4.817805 20.138882
v -0.820014 4.817805 20.138882
v -0.820014 4.817805 20.370663
vt 0.000000 0.000000
vt 1.000000 0.000000
vt 1.000000 1.000000
vt 0.000000 1.000000
vt 0.000000 0.000000
vt 1.000000 0.000000
vt 1.000000 1.000000
vt 0.000000 1.000000
vt 0.000000 0.000000
vt 1.000000 0.000000
vt 1.000000 1.000000
vt 0.000000 1.000000
vt 0.000000 0.000000
vt 1.000000 0.000000
vt 1.000000 1.000000
vt 0.000000 1.000000
vt 1.000000 0.000000
vt 1.000000 1.000000
vt 0.000000 0.000000
vt 1.000000 1.000000
vt 0.000000 1.000000
vt 0.000000 0.000000
vt 1.000000 0.000000
vt 1.000000 1.000000
vt 0.000000 1.000000
vt 0.000000 0.000000
vt 1.000000 1.000000
vt 0.000000 1.000000
vt 0.000000 0.000000
vt 1.000000 1.000000
vt 0.000000 1.000000
vt 0.000000 0.000000
vt 1.000000 1.000000
vt 0.000000 1.000000
vt 1.000000 0.000000
vt 1.000000 1.000000
vt 0.000000 0.000000
vt 0.000000 0.000000
vt 1.000000 0.000000
vt 0.000000 1.000000
vt 0.000000 0.000000
vt 1.000000 0.000000
vt 1.000000 1.000000
vt 0.000000 1.000000
vt 0.000000 0.000000
vt 1.000000 0.000000
vt 1.000000 1.000000
vt 0.000000 1.000000
vn -1.0000 0.0000 0.0000
vn 0.0000 0.0000 -1.0000
vn 1.0000 0.0000 0.0000
vn 0.0000 0.0000 1.0000
vn 0.0000 -1.0000 0.0000
vn 0.9670 0.2549 0.0000
vn 0.0000 0.5435 0.8394
vn -0.9670 0.2549 0.0000
vn 0.0000 0.4792 0.8777
vn 0.0000 0.4792 -0.8777
vn 0.0000 1.0000 0.0000
vn 0.0000 0.5435 -0.8394
vn 0.9545 0.2983 0.0000
vn -0.9545 0.2983 0.0000
usemtl Material.001
s off
f 1255/4063/956 1256/4064/956 1258/4065/956 1257/4066/956
f 1257/4067/957 1258/4068/957 1262/4069/957 1261/4070/957
f 1261/4071/958 1262/4072/958 1260/4073/958 1259/4074/958
f 1259/4075/959 1260/4076/959 1256/4077/959 1255/4078/959
f 1257/4067/960 1261/4079/960 1259/4080/960 1255/4078/960
f 1260/4081/961 1262/4072/961 1265/4082/961 1266/4083/961
f 1263/4084/962 1266/4085/962 1270/4086/962 1267/4087/962
f 1258/4088/963 1256/4064/963 1263/4089/963 1264/4090/963
f 1256/4091/964 1260/4076/964 1266/4092/964 1263/4093/964
f 1262/4094/965 1258/4068/965 1264/4095/965 1265/4096/965
f 1269/4097/966 1268/4098/966 1267/4087/966 1270/4099/966
f 1265/4100/967 1264/4101/967 1268/4098/967 1269/4102/967
f 1266/4103/968 1265/4104/968 1269/4105/968 1270/4106/968
f 1264/4107/969 1263/4108/969 1267/4109/969 1268/4110/969
o Cube.033_Cube.041
v -1.015961 0.238940 19.812109
v -1.015961 4.298941 19.812109
v -1.015961 0.238940 19.232107
v -1.015961 4.298941 19.232107
v -0.735961 0.238940 19.812109
v -0.735961 4.298941 19.812109
v -0.735961 0.238940 19.232107
v -0.735961 4.298941 19.232107
v -0.973902 4.437849 19.724985
v -0.973902 4.437849 19.319231
v -0.778021 4.437849 19.319231
v -0.778021 4.437849 19.724985
v -0.925314 4.579760 19.624338
v -0.925314 4.579760 19.419878
v -0.826609 4.579760 19.419878
v -0.826609 4.579760 19.624338
vt 0.000000 0.000000
vt 1.000000 0.000000
vt 1.000000 1.000000
vt 0.000000 1.000000
vt 0.000000 0.000000
vt 1.000000 0.000000
vt 1.000000 1.000000
vt 0.000000 1.000000
vt 0.000000 0.000000
vt 1.000000 0.000000
vt 1.000000 1.000000
vt 0.000000 1.000000
vt 0.000000 0.000000
vt 1.000000 0.000000
vt 1.000000 1.000000
vt 0.000000 1.000000
vt 1.000000 0.000000
vt 1.000000 1.000000
vt 0.000000 0.000000
vt 1.000000 1.000000
vt 0.000000 1.000000
vt 0.000000 0.000000
vt 1.000000 0.000000
vt 1.000000 1.000000
vt 0.000000 1.000000
vt 0.000000 0.000000
vt 1.000000 1.000000
vt 0.000000 1.000000
vt 0.000000 0.000000
vt 1.000000 1.000000
vt 0.000000 1.000000
vt 0.000000 0.000000
vt 1.000000 1.000000
vt 0.000000 1.000000
vt 1.000000 0.000000
vt 1.000000 1.000000
vt 0.000000 0.000000
vt 0.000000 0.000000
vt 1.000000 0.000000
vt 0.000000 1.000000
vt 0.000000 0.000000
vt 1.000000 0.000000
vt 1.000000 1.000000
vt 0.000000 1.000000
vt 0.000000 0.000000
vt 1.000000 0.000000
vt 1.000000 1.000000
vt 0.000000 1.000000
vn -1.0000 0.0000 0.0000
vn 0.0000 0.0000 -1.0000
vn 1.0000 0.0000 0.0000
vn 0.0000 0.0000 1.0000
vn 0.0000 -1.0000 0.0000
vn 0.9571 0.2898 0.0000
vn 0.0000 0.5785 0.8157
vn -0.9571 0.2898 0.0000
vn 0.0000 0.5313 0.8472
vn 0.0000 0.5313 -0.8472
vn 0.0000 1.0000 0.0000
vn 0.0000 0.5785 -0.8157
vn 0.9461 0.3239 0.0000
vn -0.9461 0.3239 0.0000
usemtl Material.001
s off
f 1271/4111/970 1272/4112/970 1274/4113/970 1273/4114/970
f 1273/4115/971 1274/4116/971 1278/4117/971 1277/4118/971
f 1277/4119/972 1278/4120/972 1276/4121/972 1275/4122/972
f 1275/4123/973 1276/4124/973 1272/4125/973 1271/4126/973
f 1273/4115/974 1277/4127/974 1275/4128/974 1271/4126/974
f 1276/4129/975 1278/4120/975 1281/4130/975 1282/4131/975
f 1279/4132/976 1282/4133/976 1286/4134/976 1283/4135/976
f 1274/4136/977 1272/4112/977 1279/4137/977 1280/4138/977
f 1272/4139/978 1276/4124/978 1282/4140/978 1279/4141/978
f 1278/4142/979 1274/4116/979 1280/4143/979 1281/4144/979
f 1285/4145/980 1284/4146/980 1283/4135/980 1286/4147/980
f 1281/4148/981 1280/4149/981 1284/4146/981 1285/4150/981
f 1282/4151/982 1281/4152/982 1285/4153/982 1286/4154/982
f 1280/4155/983 1279/4156/983 1283/4157/983 1284/4158/983
o Cube.037_Cube.040
v -1.015961 0.255379 19.103064
v -1.015961 4.155379 19.103064
v -1.015961 0.255379 18.523062
v -1.015961 4.155379 18.523062
v -0.735961 0.255379 19.103064
v -0.735961 4.155379 19.103064
v -0.735961 0.255379 18.523062
v -0.735961 4.155379 18.523062
v -0.976984 4.259567 19.022324
v -0.976984 4.259567 18.603802
v -0.774939 4.259567 18.603802
v -0.774939 4.259567 19.022324
v -0.922911 4.394894 18.910315
v -0.922911 4.394894 18.715811
v -0.829012 4.394894 18.715811
v -0.829012 4.394894 18.910315
vt 0.000000 0.000000
vt 1.000000 0.000000
vt 1.000000 1.000000
vt 0.000000 1.000000
vt 0.000000 0.000000
vt 1.000000 0.000000
vt 1.000000 1.000000
vt 0.000000 1.000000
vt 0.000000 0.000000
vt 1.000000 0.000000
vt 1.000000 1.000000
vt 0.000000 1.000000
vt 0.000000 0.000000
vt 1.000000 0.000000
vt 1.000000 1.000000
vt 0.000000 1.000000
vt 1.000000 0.000000
vt 1.000000 1.000000
vt 0.000000 0.000000
vt 1.000000 1.000000
vt 0.000000 1.000000
vt 0.000000 0.000000
vt 1.000000 0.000000
vt 1.000000 1.000000
vt 0.000000 1.000000
vt 0.000000 0.000000
vt 1.000000 1.000000
vt 0.000000 1.000000
vt 0.000000 0.000000
vt 1.000000 1.000000
vt 0.000000 1.000000
vt 0.000000 0.000000
vt 1.000000 1.000000
vt 0.000000 1.000000
vt 0.000000 1.000000
vt 0.000000 0.000000
vt 1.000000 0.000000
vt 0.000000 0.000000
vt 1.000000 0.000000
vt 1.000000 1.000000
vt 0.000000 0.000000
vt 1.000000 0.000000
vt 1.000000 1.000000
vt 0.000000 1.000000
vt 0.000000 0.000000
vt 1.000000 0.000000
vt 1.000000 1.000000
vt 0.000000 1.000000
vn -1.0000 0.0000 0.0000
vn 0.0000 0.0000 -1.0000
vn 1.0000 0.0000 0.0000
vn 0.0000 0.0000 1.0000
vn 0.0000 -1.0000 0.0000
vn 0.9366 0.3504 0.0000
vn 0.9286 0.3710 0.0000
vn -0.9366 0.3504 0.0000
vn 0.0000 0.6125 0.7904
vn 0.0000 0.6125 -0.7904
vn 0.0000 1.0000 0.0000
vn -0.9286 0.3710 0.0000
vn 0.0000 0.6376 0.7704
vn 0.0000 0.6376 -0.7704
usemtl Material.001
s off
f 1287/4159/984 1288/4160/984 1290/4161/984 1289/4162/984
f 1289/4163/985 1290/4164/985 1294/4165/985 1293/4166/985
f 1293/4167/986 1294/4168/986 1292/4169/986 1291/4170/986
f 1291/4171/987 1292/4172/987 1288/4173/987 1287/4174/987
f 1289/4163/988 1293/4175/988 1291/4176/988 1287/4174/988
f 1292/4177/989 1294/4168/989 1297/4178/989 1298/4179/989
f 1298/4180/990 1297/4181/990 1301/4182/990 1302/4183/990
f 1290/4184/991 1288/4160/991 1295/4185/991 1296/4186/991
f 1288/4187/992 1292/4172/992 1298/4188/992 1295/4189/992
f 1294/4190/993 1290/4164/993 1296/4191/993 1297/4192/993
f 1301/4182/994 1300/4193/994 1299/4194/994 1302/4195/994
f 1296/4196/995 1295/4197/995 1299/4198/995 1300/4193/995
f 1295/4199/996 1298/4200/996 1302/4201/996 1299/4202/996
f 1297/4203/997 1296/4204/997 1300/4205/997 1301/4206/997
o Cube.036_Cube.037
v -1.140839 -0.023862 21.527964
v -1.140839 5.036138 21.527964
v -1.140839 -0.023862 20.707964
v -1.140839 5.036138 20.707964
v -0.760839 -0.023862 21.527964
v -0.760839 5.036138 21.527964
v -0.760839 -0.023862 20.707964
v -0.760839 5.036138 20.707964
v -1.026639 5.385188 21.281532
v -1.026639 5.385188 20.954395
v -0.875039 5.385188 20.954395
v -0.875039 5.385188 21.281532
v -1.026639 5.565935 21.281532
v -1.026639 5.565935 20.954395
v -0.875039 5.565935 20.954395
v -0.875039 5.565935 21.281532
v -1.093521 5.910302 21.425856
v -1.093521 5.910302 20.810072
v -0.808157 5.910302 20.810072
v -0.808157 5.910302 21.425856
v -0.994057 6.144935 21.211224
v -0.994057 6.144935 21.024704
v -0.907621 6.144935 21.024704
v -0.907621 6.144935 21.211224
vt 0.000000 0.000000
vt 1.000000 0.000000
vt 1.000000 1.000000
vt 0.000000 1.000000
vt 0.000000 0.000000
vt 1.000000 0.000000
vt 1.000000 1.000000
vt 0.000000 1.000000
vt 0.000000 0.000000
vt 1.000000 0.000000
vt 1.000000 1.000000
vt 0.000000 1.000000
vt 0.000000 0.000000
vt 1.000000 0.000000
vt 1.000000 1.000000
vt 0.000000 1.000000
vt 1.000000 0.000000
vt 1.000000 1.000000
vt 0.000000 0.000000
vt 1.000000 1.000000
vt 0.000000 1.000000
vt 0.000000 0.000000
vt 1.000000 0.000000
vt 1.000000 1.000000
vt 0.000000 1.000000
vt 0.000000 0.000000
vt 1.000000 1.000000
vt 0.000000 1.000000
vt 0.000000 0.000000
vt 1.000000 1.000000
vt 0.000000 1.000000
vt 0.000000 0.000000
vt 1.000000 1.000000
vt 0.000000 1.000000
vt 0.000000 0.000000
vt 1.000000 0.000000
vt 1.000000 1.000000
vt 0.000000 1.000000
vt 0.000000 0.000000
vt 1.000000 0.000000
vt 1.000000 1.000000
vt 0.000000 1.000000
vt 0.000000 0.000000
vt 1.000000 0.000000
vt 1.000000 1.000000
vt 0.000000 1.000000
vt 0.000000 0.000000
vt 1.000000 0.000000
vt 1.000000 1.000000
vt 0.000000 1.000000
vt 0.000000 0.000000
vt 1.000000 0.000000
vt 1.000000 1.000000
vt 0.000000 1.000000
vt 0.000000 0.000000
vt 1.000000 0.000000
vt 1.000000 1.000000
vt 0.000000 1.000000
vt 0.000000 0.000000
vt 1.000000 0.000000
vt 1.000000 1.000000
vt 0.000000 1.000000
vt 0.000000 0.000000
vt 1.000000 0.000000
vt 1.000000 1.000000
vt 0.000000 1.000000
vt 1.000000 0.000000
vt 1.000000 1.000000
vt 0.000000 1.000000
vt 0.000000 0.000000
vt 0.000000 0.000000
vt 1.000000 0.000000
vt 1.000000 1.000000
vt 0.000000 0.000000
vt 1.000000 0.000000
vt 0.000000 1.000000
vt 0.000000 0.000000
vt 1.000000 0.000000
vt 1.000000 1.000000
vt 0.000000 1.000000
vn -1.0000 0.0000 0.0000
vn 0.0000 0.0000 -1.0000
vn 1.0000 0.0000 0.0000
vn 0.0000 0.0000 1.0000
vn 0.0000 -1.0000 0.0000
vn -0.9504 0.3110 0.0000
vn 0.0000 0.5767 0.8169
vn 0.0000 0.5767 -0.8169
vn 0.9504 0.3110 0.0000
vn 0.9817 -0.1907 0.0000
vn -0.9207 0.3903 0.0000
vn -0.9817 -0.1907 0.0000
vn 0.0000 -0.3865 0.9223
vn 0.0000 -0.3865 -0.9223
vn 0.0000 1.0000 0.0000
vn 0.0000 0.6750 0.7379
vn 0.0000 0.6750 -0.7379
vn 0.9207 0.3903 0.0000
usemtl Material.001
s off
f 1303/4207/998 1304/4208/998 1306/4209/998 1305/4210/998
f 1305/4211/999 1306/4212/999 1310/4213/999 1309/4214/999
f 1309/4215/1000 1310/4216/1000 1308/4217/1000 1307/4218/1000
f 1307/4219/1001 1308/4220/1001 1304/4221/1001 1303/4222/1001
f 1305/4211/1002 1309/4223/1002 1307/4224/1002 1303/4222/1002
f 1306/4225/1003 1304/4208/1003 1311/4226/1003 1312/4227/1003
f 1311/4228/1001 1314/4229/1001 1318/4230/1001 1315/4231/1001
f 1304/4232/1004 1308/4220/1004 1314/4233/1004 1311/4234/1004
f 1310/4235/1005 1306/4212/1005 1312/4236/1005 1313/4237/1005
f 1308/4238/1006 1310/4216/1006 1313/4239/1006 1314/4240/1006
f 1318/4241/1007 1317/4242/1007 1321/4243/1007 1322/4244/1007
f 1313/4245/999 1312/4246/999 1316/4247/999 1317/4248/999
f 1314/4249/1000 1313/4250/1000 1317/4251/1000 1318/4252/1000
f 1312/4253/998 1311/4254/998 1315/4255/998 1316/4256/998
f 1320/4257/1008 1319/4258/1008 1323/4259/1008 1324/4260/1008
f 1316/4261/1009 1315/4262/1009 1319/4263/1009 1320/4264/1009
f 1315/4265/1010 1318/4266/1010 1322/4267/1010 1319/4268/1010
f 1317/4269/1011 1316/4270/1011 1320/4271/1011 1321/4272/1011
f 1325/4273/1012 1324/4274/1012 1323/4275/1012 1326/4276/1012
f 1319/4277/1013 1322/4278/1013 1326/4279/1013 1323/4275/1013
f 1321/4280/1014 1320/4281/1014 1324/4274/1014 1325/4282/1014
f 1322/4283/1015 1321/4284/1015 1325/4285/1015 1326/4286/1015
o Cube.032_Cube.033
v -1.015961 0.255379 18.400826
v -1.015961 4.155379 18.400826
v -1.015961 0.255379 17.820824
v -1.015961 4.155379 17.820824
v -0.735961 0.255379 18.400826
v -0.735961 4.155379 18.400826
v -0.735961 0.255379 17.820824
v -0.735961 4.155379 17.820824
v -0.976984 4.259567 18.320086
v -0.976984 4.259567 17.901564
v -0.774939 4.259567 17.901564
v -0.774939 4.259567 18.320086
v -0.922911 4.394894 18.208076
v -0.922911 4.394894 18.013573
v -0.829012 4.394894 18.013573
v -0.829012 4.394894 18.208076
vt 0.000000 0.000000
vt 1.000000 0.000000
vt 1.000000 1.000000
vt 0.000000 1.000000
vt 0.000000 0.000000
vt 1.000000 0.000000
vt 1.000000 1.000000
vt 0.000000 1.000000
vt 0.000000 0.000000
vt 1.000000 0.000000
vt 1.000000 1.000000
vt 0.000000 1.000000
vt 0.000000 0.000000
vt 1.000000 0.000000
vt 1.000000 1.000000
vt 0.000000 1.000000
vt 1.000000 0.000000
vt 1.000000 1.000000
vt 0.000000 0.000000
vt 1.000000 1.000000
vt 0.000000 1.000000
vt 0.000000 0.000000
vt 1.000000 0.000000
vt 1.000000 1.000000
vt 0.000000 1.000000
vt 0.000000 0.000000
vt 1.000000 1.000000
vt 0.000000 1.000000
vt 0.000000 0.000000
vt 1.000000 1.000000
vt 0.000000 1.000000
vt 0.000000 0.000000
vt 1.000000 1.000000
vt 0.000000 1.000000
vt 0.000000 1.000000
vt 0.000000 0.000000
vt 1.000000 0.000000
vt 0.000000 0.000000
vt 1.000000 0.000000
vt 1.000000 1.000000
vt 0.000000 0.000000
vt 1.000000 0.000000
vt 1.000000 1.000000
vt 0.000000 1.000000
vt 0.000000 0.000000
vt 1.000000 0.000000
vt 1.000000 1.000000
vt 0.000000 1.000000
vn -1.0000 0.0000 0.0000
vn 0.0000 0.0000 -1.0000
vn 1.0000 0.0000 0.0000
vn 0.0000 0.0000 1.0000
vn 0.0000 -1.0000 0.0000
vn 0.9366 0.3504 0.0000
vn 0.9286 0.3711 0.0000
vn -0.9366 0.3504 0.0000
vn 0.0000 0.6125 0.7904
vn 0.0000 0.6125 -0.7904
vn 0.0000 1.0000 0.0000
vn -0.9286 0.3711 0.0000
vn 0.0000 0.6376 0.7704
vn 0.0000 0.6376 -0.7704
usemtl Material.001
s off
f 1327/4287/1016 1328/4288/1016 1330/4289/1016 1329/4290/1016
f 1329/4291/1017 1330/4292/1017 1334/4293/1017 1333/4294/1017
f 1333/4295/1018 1334/4296/1018 1332/4297/1018 1331/4298/1018
f 1331/4299/1019 1332/4300/1019 1328/4301/1019 1327/4302/1019
f 1329/4291/1020 1333/4303/1020 1331/4304/1020 1327/4302/1020
f 1332/4305/1021 1334/4296/1021 1337/4306/1021 1338/4307/1021
f 1338/4308/1022 1337/4309/1022 1341/4310/1022 1342/4311/1022
f 1330/4312/1023 1328/4288/1023 1335/4313/1023 1336/4314/1023
f 1328/4315/1024 1332/4300/1024 1338/4316/1024 1335/4317/1024
f 1334/4318/1025 1330/4292/1025 1336/4319/1025 1337/4320/1025
f 1341/4310/1026 1340/4321/1026 1339/4322/1026 1342/4323/1026
f 1336/4324/1027 1335/4325/1027 1339/4326/1027 1340/4321/1027
f 1335/4327/1028 1338/4328/1028 1342/4329/1028 1339/4330/1028
f 1337/4331/1029 1336/4332/1029 1340/4333/1029 1341/4334/1029
o Cube.031_Cube.032
v -1.015961 0.238940 17.703926
v -1.015961 4.298941 17.703926
v -1.015961 0.238940 17.123924
v -1.015961 4.298941 17.123924
v -0.735961 0.238940 17.703926
v -0.735961 4.298941 17.703926
v -0.735961 0.238940 17.123924
v -0.735961 4.298941 17.123924
v -0.973902 4.437849 17.616802
v -0.973902 4.437849 17.211048
v -0.778021 4.437849 17.211048
v -0.778021 4.437849 17.616802
v -0.925314 4.579760 17.516155
v -0.925314 4.579760 17.311695
v -0.826609 4.579760 17.311695
v -0.826609 4.579760 17.516155
vt 0.000000 0.000000
vt 1.000000 0.000000
vt 1.000000 1.000000
vt 0.000000 1.000000
vt 0.000000 0.000000
vt 1.000000 0.000000
vt 1.000000 1.000000
vt 0.000000 1.000000
vt 0.000000 0.000000
vt 1.000000 0.000000
vt 1.000000 1.000000
vt 0.000000 1.000000
vt 0.000000 0.000000
vt 1.000000 0.000000
vt 1.000000 1.000000
vt 0.000000 1.000000
vt 1.000000 0.000000
vt 1.000000 1.000000
vt 0.000000 0.000000
vt 1.000000 1.000000
vt 0.000000 1.000000
vt 0.000000 0.000000
vt 1.000000 0.000000
vt 1.000000 1.000000
vt 0.000000 1.000000
vt 0.000000 0.000000
vt 1.000000 1.000000
vt 0.000000 1.000000
vt 0.000000 0.000000
vt 1.000000 1.000000
vt 0.000000 1.000000
vt 0.000000 0.000000
vt 1.000000 1.000000
vt 0.000000 1.000000
vt 1.000000 0.000000
vt 1.000000 1.000000
vt 0.000000 0.000000
vt 0.000000 0.000000
vt 1.000000 0.000000
vt 0.000000 1.000000
vt 0.000000 0.000000
vt 1.000000 0.000000
vt 1.000000 1.000000
vt 0.000000 1.000000
vt 0.000000 0.000000
vt 1.000000 0.000000
vt 1.000000 1.000000
vt 0.000000 1.000000
vn -1.0000 0.0000 0.0000
vn 0.0000 0.0000 -1.0000
vn 1.0000 0.0000 0.0000
vn 0.0000 0.0000 1.0000
vn 0.0000 -1.0000 0.0000
vn 0.9571 0.2898 0.0000
vn 0.0000 0.5785 0.8157
vn -0.9571 0.2898 0.0000
vn 0.0000 0.5313 0.8472
vn 0.0000 0.5313 -0.8472
vn 0.0000 1.0000 0.0000
vn 0.0000 0.5785 -0.8157
vn 0.9461 0.3239 0.0000
vn -0.9461 0.3239 0.0000
usemtl Material.001
s off
f 1343/4335/1030 1344/4336/1030 1346/4337/1030 1345/4338/1030
f 1345/4339/1031 1346/4340/1031 1350/4341/1031 1349/4342/1031
f 1349/4343/1032 1350/4344/1032 1348/4345/1032 1347/4346/1032
f 1347/4347/1033 1348/4348/1033 1344/4349/1033 1343/4350/1033
f 1345/4339/1034 1349/4351/1034 1347/4352/1034 1343/4350/1034
f 1348/4353/1035 1350/4344/1035 1353/4354/1035 1354/4355/1035
f 1351/4356/1036 1354/4357/1036 1358/4358/1036 1355/4359/1036
f 1346/4360/1037 1344/4336/1037 1351/4361/1037 1352/4362/1037
f 1344/4363/1038 1348/4348/1038 1354/4364/1038 1351/4365/1038
f 1350/4366/1039 1346/4340/1039 1352/4367/1039 1353/4368/1039
f 1357/4369/1040 1356/4370/1040 1355/4359/1040 1358/4371/1040
f 1353/4372/1041 1352/4373/1041 1356/4370/1041 1357/4374/1041
f 1354/4375/1042 1353/4376/1042 1357/4377/1042 1358/4378/1042
f 1352/4379/1043 1351/4380/1043 1355/4381/1043 1356/4382/1043
o Cube.030_Cube.031
v -1.015961 0.262813 17.008297
v -1.015961 4.522813 17.008297
v -1.015961 0.262813 16.428295
v -1.015961 4.522813 16.428295
v -0.735961 0.262813 17.008297
v -0.735961 4.522813 17.008297
v -0.735961 0.262813 16.428295
v -0.735961 4.522813 16.428295
v -0.972074 4.689308 16.917387
v -0.972074 4.689308 16.519205
v -0.779848 4.689308 16.519205
v -0.779848 4.689308 16.917387
v -0.931908 4.817805 16.834187
v -0.931908 4.817805 16.602406
v -0.820014 4.817805 16.602406
v -0.820014 4.817805 16.834187
vt 0.000000 0.000000
vt 1.000000 0.000000
vt 1.000000 1.000000
vt 0.000000 1.000000
vt 0.000000 0.000000
vt 1.000000 0.000000
vt 1.000000 1.000000
vt 0.000000 1.000000
vt 0.000000 0.000000
vt 1.000000 0.000000
vt 1.000000 1.000000
vt 0.000000 1.000000
vt 0.000000 0.000000
vt 1.000000 0.000000
vt 1.000000 1.000000
vt 0.000000 1.000000
vt 1.000000 0.000000
vt 1.000000 1.000000
vt 0.000000 0.000000
vt 1.000000 1.000000
vt 0.000000 1.000000
vt 0.000000 0.000000
vt 1.000000 0.000000
vt 1.000000 1.000000
vt 0.000000 1.000000
vt 0.000000 0.000000
vt 1.000000 1.000000
vt 0.000000 1.000000
vt 0.000000 0.000000
vt 1.000000 1.000000
vt 0.000000 1.000000
vt 0.000000 0.000000
vt 1.000000 1.000000
vt 0.000000 1.000000
vt 1.000000 0.000000
vt 1.000000 1.000000
vt 0.000000 0.000000
vt 0.000000 0.000000
vt 1.000000 0.000000
vt 0.000000 1.000000
vt 0.000000 0.000000
vt 1.000000 0.000000
vt 1.000000 1.000000
vt 0.000000 1.000000
vt 0.000000 0.000000
vt 1.000000 0.000000
vt 1.000000 1.000000
vt 0.000000 1.000000
vn -1.0000 0.0000 0.0000
vn 0.0000 0.0000 -1.0000
vn 1.0000 0.0000 0.0000
vn 0.0000 0.0000 1.0000
vn 0.0000 -1.0000 0.0000
vn 0.9670 0.2549 0.0000
vn 0.0000 0.5435 0.8394
vn -0.9670 0.2549 0.0000
vn 0.0000 0.4792 0.8777
vn 0.0000 0.4792 -0.8777
vn 0.0000 1.0000 0.0000
vn 0.0000 0.5435 -0.8394
vn 0.9545 0.2983 0.0000
vn -0.9545 0.2983 0.0000
usemtl Material.001
s off
f 1359/4383/1044 1360/4384/1044 1362/4385/1044 1361/4386/1044
f 1361/4387/1045 1362/4388/1045 1366/4389/1045 1365/4390/1045
f 1365/4391/1046 1366/4392/1046 1364/4393/1046 1363/4394/1046
f 1363/4395/1047 1364/4396/1047 1360/4397/1047 1359/4398/1047
f 1361/4387/1048 1365/4399/1048 1363/4400/1048 1359/4398/1048
f 1364/4401/1049 1366/4392/1049 1369/4402/1049 1370/4403/1049
f 1367/4404/1050 1370/4405/1050 1374/4406/1050 1371/4407/1050
f 1362/4408/1051 1360/4384/1051 1367/4409/1051 1368/4410/1051
f 1360/4411/1052 1364/4396/1052 1370/4412/1052 1367/4413/1052
f 1366/4414/1053 1362/4388/1053 1368/4415/1053 1369/4416/1053
f 1373/4417/1054 1372/4418/1054 1371/4407/1054 1374/4419/1054
f 1369/4420/1055 1368/4421/1055 1372/4418/1055 1373/4422/1055
f 1370/4423/1056 1369/4424/1056 1373/4425/1056 1374/4426/1056
f 1368/4427/1057 1367/4428/1057 1371/4429/1057 1372/4430/1057
o Cube.029_Cube.030
v -0.829247 1.103071 20.596699
v -0.829247 0.643071 20.596699
v -0.829247 1.103071 16.376698
v -0.829247 0.643071 16.376698
v -0.649247 1.103071 20.596699
v -0.649247 0.643071 20.596699
v -0.649247 1.103071 16.376698
v -0.649247 0.643071 16.376698
vt 0.666667 0.333333
vt 0.666667 0.000000
vt 0.333333 0.000000
vt 0.333333 0.333333
vt 0.333333 0.666667
vt 0.333333 0.333333
vt 0.000000 0.333333
vt 0.000000 0.666667
vt 0.333333 0.000000
vt 0.000000 0.000000
vt 0.333333 0.666667
vt 0.666667 0.666667
vt 0.666667 0.333333
vt 0.333333 0.333333
vt 1.000000 0.333333
vt 1.000000 0.000000
vt 0.666667 0.000000
vt 0.666667 0.333333
vt 0.333333 0.666667
vt 0.000000 0.666667
vt 0.000000 1.000000
vt 0.333333 1.000000
vn -1.0000 0.0000 0.0000
vn 0.0000 0.0000 -1.0000
vn 1.0000 0.0000 0.0000
vn 0.0000 0.0000 1.0000
vn 0.0000 1.0000 0.0000
vn 0.0000 -1.0000 0.0000
usemtl Material.001
s off
f 1375/4431/1058 1377/4432/1058 1378/4433/1058 1376/4434/1058
f 1377/4435/1059 1381/4436/1059 1382/4437/1059 1378/4438/1059
f 1381/4436/1060 1379/4439/1060 1380/4440/1060 1382/4437/1060
f 1379/4441/1061 1375/4442/1061 1376/4443/1061 1380/4444/1061
f 1377/4445/1062 1375/4446/1062 1379/4447/1062 1381/4448/1062
f 1382/4449/1063 1380/4450/1063 1376/4451/1063 1378/4452/1063
o Cube.028_Cube.029
v -0.829247 4.057229 20.603924
v -0.829247 3.597229 20.603924
v -0.829247 4.057229 16.383923
v -0.829247 3.597229 16.383923
v -0.649247 4.057229 20.603924
v -0.649247 3.597229 20.603924
v -0.649247 4.057229 16.383923
v -0.649247 3.597229 16.383923
vt 0.666667 0.333333
vt 0.666667 0.000000
vt 0.333333 0.000000
vt 0.333333 0.333333
vt 0.333333 0.666667
vt 0.333333 0.333333
vt 0.000000 0.333333
vt 0.000000 0.666667
vt 0.333333 0.000000
vt 0.000000 0.000000
vt 0.333333 0.666667
vt 0.666667 0.666667
vt 0.666667 0.333333
vt 0.333333 0.333333
vt 1.000000 0.333333
vt 1.000000 0.000000
vt 0.666667 0.000000
vt 0.666667 0.333333
vt 0.333333 0.666667
vt 0.000000 0.666667
vt 0.000000 1.000000
vt 0.333333 1.000000
vn -1.0000 0.0000 0.0000
vn 0.0000 0.0000 -1.0000
vn 1.0000 0.0000 0.0000
vn 0.0000 0.0000 1.0000
vn 0.0000 1.0000 0.0000
vn 0.0000 -1.0000 0.0000
usemtl Material.001
s off
f 1383/4453/1064 1385/4454/1064 1386/4455/1064 1384/4456/1064
f 1385/4457/1065 1389/4458/1065 1390/4459/1065 1386/4460/1065
f 1389/4458/1066 1387/4461/1066 1388/4462/1066 1390/4459/1066
f 1387/4463/1067 1383/4464/1067 1384/4465/1067 1388/4466/1067
f 1385/4467/1068 1383/4468/1068 1387/4469/1068 1389/4470/1068
f 1390/4471/1069 1388/4472/1069 1384/4473/1069 1386/4474/1069
o Cube.027_Cube.028
v -1.140839 -0.023862 22.907333
v -1.140839 5.036138 22.907333
v -1.140839 -0.023862 22.087334
v -1.140839 5.036138 22.087334
v -0.760839 -0.023862 22.907333
v -0.760839 5.036138 22.907333
v -0.760839 -0.023862 22.087334
v -0.760839 5.036138 22.087334
v -1.026639 5.385188 22.660902
v -1.026639 5.385188 22.333765
v -0.875039 5.385188 22.333765
v -0.875039 5.385188 22.660902
v -1.026639 5.565935 22.660902
v -1.026639 5.565935 22.333765
v -0.875039 5.565935 22.333765
v -0.875039 5.565935 22.660902
v -1.093521 5.910302 22.805225
v -1.093521 5.910302 22.189442
v -0.808157 5.910302 22.189442
v -0.808157 5.910302 22.805225
v -0.994057 6.144935 22.590593
v -0.994057 6.144935 22.404074
v -0.907621 6.144935 22.404074
v -0.907621 6.144935 22.590593
vt 0.000000 0.000000
vt 1.000000 0.000000
vt 1.000000 1.000000
vt 0.000000 1.000000
vt 0.000000 0.000000
vt 1.000000 0.000000
vt 1.000000 1.000000
vt 0.000000 1.000000
vt 0.000000 0.000000
vt 1.000000 0.000000
vt 1.000000 1.000000
vt 0.000000 1.000000
vt 0.000000 0.000000
vt 1.000000 0.000000
vt 1.000000 1.000000
vt 0.000000 1.000000
vt 1.000000 0.000000
vt 1.000000 1.000000
vt 0.000000 0.000000
vt 1.000000 1.000000
vt 0.000000 1.000000
vt 0.000000 0.000000
vt 1.000000 0.000000
vt 1.000000 1.000000
vt 0.000000 1.000000
vt 0.000000 0.000000
vt 1.000000 1.000000
vt 0.000000 1.000000
vt 0.000000 0.000000
vt 1.000000 1.000000
vt 0.000000 1.000000
vt 0.000000 0.000000
vt 1.000000 1.000000
vt 0.000000 1.000000
vt 0.000000 0.000000
vt 1.000000 0.000000
vt 1.000000 1.000000
vt 0.000000 1.000000
vt 0.000000 0.000000
vt 1.000000 0.000000
vt 1.000000 1.000000
vt 0.000000 1.000000
vt 0.000000 0.000000
vt 1.000000 0.000000
vt 1.000000 1.000000
vt 0.000000 1.000000
vt 0.000000 0.000000
vt 1.000000 0.000000
vt 1.000000 1.000000
vt 0.000000 1.000000
vt 0.000000 0.000000
vt 1.000000 0.000000
vt 1.000000 1.000000
vt 0.000000 1.000000
vt 0.000000 0.000000
vt 1.000000 0.000000
vt 1.000000 1.000000
vt 0.000000 1.000000
vt 0.000000 0.000000
vt 1.000000 0.000000
vt 1.000000 1.000000
vt 0.000000 1.000000
vt 0.000000 0.000000
vt 1.000000 0.000000
vt 1.000000 1.000000
vt 0.000000 1.000000
vt 1.000000 0.000000
vt 1.000000 1.000000
vt 0.000000 1.000000
vt 0.000000 0.000000
vt 0.000000 0.000000
vt 1.000000 0.000000
vt 1.000000 1.000000
vt 0.000000 0.000000
vt 1.000000 0.000000
vt 0.000000 1.000000
vt 0.000000 0.000000
vt 1.000000 0.000000
vt 1.000000 1.000000
vt 0.000000 1.000000
vn -1.0000 0.0000 0.0000
vn 0.0000 0.0000 -1.0000
vn 1.0000 0.0000 0.0000
vn 0.0000 0.0000 1.0000
vn 0.0000 -1.0000 0.0000
vn -0.9504 0.3110 0.0000
vn 0.0000 0.5767 0.8169
vn 0.0000 0.5767 -0.8169
vn 0.9504 0.3110 0.0000
vn 0.9817 -0.1907 0.0000
vn -0.9207 0.3903 0.0000
vn -0.9817 -0.1907 0.0000
vn 0.0000 -0.3865 0.9223
vn 0.0000 -0.3865 -0.9223
vn 0.0000 1.0000 0.0000
vn 0.0000 0.6750 0.7379
vn 0.0000 0.6750 -0.7379
vn 0.9207 0.3903 0.0000
usemtl Material.001
s off
f 1391/4475/1070 1392/4476/1070 1394/4477/1070 1393/4478/1070
f 1393/4479/1071 1394/4480/1071 1398/4481/1071 1397/4482/1071
f 1397/4483/1072 1398/4484/1072 1396/4485/1072 1395/4486/1072
f 1395/4487/1073 1396/4488/1073 1392/4489/1073 1391/4490/1073
f 1393/4479/1074 1397/4491/1074 1395/4492/1074 1391/4490/1074
f 1394/4493/1075 1392/4476/1075 1399/4494/1075 1400/4495/1075
f 1399/4496/1073 1402/4497/1073 1406/4498/1073 1403/4499/1073
f 1392/4500/1076 1396/4488/1076 1402/4501/1076 1399/4502/1076
f 1398/4503/1077 1394/4480/1077 1400/4504/1077 1401/4505/1077
f 1396/4506/1078 1398/4484/1078 1401/4507/1078 1402/4508/1078
f 1406/4509/1079 1405/4510/1079 1409/4511/1079 1410/4512/1079
f 1401/4513/1071 1400/4514/1071 1404/4515/1071 1405/4516/1071
f 1402/4517/1072 1401/4518/1072 1405/4519/1072 1406/4520/1072
f 1400/4521/1070 1399/4522/1070 1403/4523/1070 1404/4524/1070
f 1408/4525/1080 1407/4526/1080 1411/4527/1080 1412/4528/1080
f 1404/4529/1081 1403/4530/1081 1407/4531/1081 1408/4532/1081
f 1403/4533/1082 1406/4534/1082 1410/4535/1082 1407/4536/1082
f 1405/4537/1083 1404/4538/1083 1408/4539/1083 1409/4540/1083
f 1413/4541/1084 1412/4542/1084 1411/4543/1084 1414/4544/1084
f 1407/4545/1085 1410/4546/1085 1414/4547/1085 1411/4543/1085
f 1409/4548/1086 1408/4549/1086 1412/4542/1086 1413/4550/1086
f 1410/4551/1087 1409/4552/1087 1413/4553/1087 1414/4554/1087
o Cube.026_Cube.027
v -1.140839 -0.023862 16.201097
v -1.140839 5.036138 16.201097
v -1.140839 -0.023862 15.381098
v -1.140839 5.036138 15.381098
v -0.760839 -0.023862 16.201097
v -0.760839 5.036138 16.201097
v -0.760839 -0.023862 15.381098
v -0.760839 5.036138 15.381098
v -1.026639 5.385188 15.954666
v -1.026639 5.385188 15.627529
v -0.875039 5.385188 15.627529
v -0.875039 5.385188 15.954666
v -1.026639 5.565935 15.954666
v -1.026639 5.565935 15.627529
v -0.875039 5.565935 15.627529
v -0.875039 5.565935 15.954666
v -1.093521 5.910302 16.098989
v -1.093521 5.910302 15.483205
v -0.808157 5.910302 15.483205
v -0.808157 5.910302 16.098989
v -0.994057 6.144935 15.884356
v -0.994057 6.144935 15.697839
v -0.907621 6.144935 15.697839
v -0.907621 6.144935 15.884356
vt 0.000000 0.000000
vt 1.000000 0.000000
vt 1.000000 1.000000
vt 0.000000 1.000000
vt 0.000000 0.000000
vt 1.000000 0.000000
vt 1.000000 1.000000
vt 0.000000 1.000000
vt 0.000000 0.000000
vt 1.000000 0.000000
vt 1.000000 1.000000
vt 0.000000 1.000000
vt 0.000000 0.000000
vt 1.000000 0.000000
vt 1.000000 1.000000
vt 0.000000 1.000000
vt 1.000000 0.000000
vt 1.000000 1.000000
vt 0.000000 0.000000
vt 1.000000 1.000000
vt 0.000000 1.000000
vt 0.000000 0.000000
vt 1.000000 0.000000
vt 1.000000 1.000000
vt 0.000000 1.000000
vt 0.000000 0.000000
vt 1.000000 1.000000
vt 0.000000 1.000000
vt 0.000000 0.000000
vt 1.000000 1.000000
vt 0.000000 1.000000
vt 0.000000 0.000000
vt 1.000000 1.000000
vt 0.000000 1.000000
vt 0.000000 0.000000
vt 1.000000 0.000000
vt 1.000000 1.000000
vt 0.000000 1.000000
vt 0.000000 0.000000
vt 1.000000 0.000000
vt 1.000000 1.000000
vt 0.000000 1.000000
vt 0.000000 0.000000
vt 1.000000 0.000000
vt 1.000000 1.000000
vt 0.000000 1.000000
vt 0.000000 0.000000
vt 1.000000 0.000000
vt 1.000000 1.000000
vt 0.000000 1.000000
vt 0.000000 0.000000
vt 1.000000 0.000000
vt 1.000000 1.000000
vt 0.000000 1.000000
vt 0.000000 0.000000
vt 1.000000 0.000000
vt 1.000000 1.000000
vt 0.000000 1.000000
vt 0.000000 0.000000
vt 1.000000 0.000000
vt 1.000000 1.000000
vt 0.000000 1.000000
vt 0.000000 0.000000
vt 1.000000 0.000000
vt 1.000000 1.000000
vt 0.000000 1.000000
vt 1.000000 0.000000
vt 1.000000 1.000000
vt 0.000000 1.000000
vt 0.000000 0.000000
vt 0.000000 0.000000
vt 1.000000 0.000000
vt 1.000000 1.000000
vt 0.000000 0.000000
vt 1.000000 0.000000
vt 0.000000 1.000000
vt 0.000000 0.000000
vt 1.000000 0.000000
vt 1.000000 1.000000
vt 0.000000 1.000000
vn -1.0000 0.0000 0.0000
vn 0.0000 0.0000 -1.0000
vn 1.0000 0.0000 0.0000
vn 0.0000 0.0000 1.0000
vn 0.0000 -1.0000 0.0000
vn -0.9504 0.3110 0.0000
vn 0.0000 0.5767 0.8169
vn 0.0000 0.5767 -0.8169
vn 0.9504 0.3110 0.0000
vn 0.9817 -0.1907 0.0000
vn -0.9207 0.3903 0.0000
vn -0.9817 -0.1907 0.0000
vn 0.0000 -0.3865 0.9223
vn 0.0000 -0.3865 -0.9223
vn 0.0000 1.0000 0.0000
vn 0.0000 0.6750 0.7379
vn 0.0000 0.6750 -0.7379
vn 0.9207 0.3903 0.0000
usemtl Material.001
s off
f 1415/4555/1088 1416/4556/1088 1418/4557/1088 1417/4558/1088
f 1417/4559/1089 1418/4560/1089 1422/4561/1089 1421/4562/1089
f 1421/4563/1090 1422/4564/1090 1420/4565/1090 1419/4566/1090
f 1419/4567/1091 1420/4568/1091 1416/4569/1091 1415/4570/1091
f 1417/4559/1092 1421/4571/1092 1419/4572/1092 1415/4570/1092
f 1418/4573/1093 1416/4556/1093 1423/4574/1093 1424/4575/1093
f 1423/4576/1091 1426/4577/1091 1430/4578/1091 1427/4579/1091
f 1416/4580/1094 1420/4568/1094 1426/4581/1094 1423/4582/1094
f 1422/4583/1095 1418/4560/1095 1424/4584/1095 1425/4585/1095
f 1420/4586/1096 1422/4564/1096 1425/4587/1096 1426/4588/1096
f 1430/4589/1097 1429/4590/1097 1433/4591/1097 1434/4592/1097
f 1425/4593/1089 1424/4594/1089 1428/4595/1089 1429/4596/1089
f 1426/4597/1090 1425/4598/1090 1429/4599/1090 1430/4600/1090
f 1424/4601/1088 1423/4602/1088 1427/4603/1088 1428/4604/1088
f 1432/4605/1098 1431/4606/1098 1435/4607/1098 1436/4608/1098
f 1428/4609/1099 1427/4610/1099 1431/4611/1099 1432/4612/1099
f 1427/4613/1100 1430/4614/1100 1434/4615/1100 1431/4616/1100
f 1429/4617/1101 1428/4618/1101 1432/4619/1101 1433/4620/1101
f 1437/4621/1102 1436/4622/1102 1435/4623/1102 1438/4624/1102
f 1431/4625/1103 1434/4626/1103 1438/4627/1103 1435/4623/1103
f 1433/4628/1104 1432/4629/1104 1436/4622/1104 1437/4630/1104
f 1434/4631/1105 1433/4632/1105 1437/4633/1105 1438/4634/1105
o Cube.025_Cube.026
v -1.217753 -0.010356 24.201550
v -1.217753 6.429644 24.201550
v -1.217753 -0.010356 23.521549
v -1.217753 6.429644 23.521549
v -0.457753 -0.010356 24.201550
v -0.457753 6.429644 24.201550
v -0.457753 -0.010356 23.521549
v -0.457753 6.429644 23.521549
v -1.308021 6.494964 24.282316
v -1.308021 6.494964 23.440783
v -0.367484 6.494964 23.440783
v -0.367484 6.494964 24.282316
v -1.308021 6.583341 24.282316
v -1.308021 6.583341 23.440783
v -0.367484 6.583341 23.440783
v -0.367484 6.583341 24.282316
v -1.219489 6.652049 24.203104
v -1.219489 6.652049 23.519995
v -0.456016 6.652049 23.519995
v -0.456016 6.652049 24.203104
v -1.035393 6.735628 24.038385
v -1.035393 6.735628 23.684713
v -0.640112 6.735628 23.684713
v -0.640112 6.735628 24.038385
v -0.936221 6.928965 23.949652
v -0.936221 6.928965 23.773447
v -0.739284 6.928965 23.773447
v -0.739284 6.928965 23.949652
v -1.121074 7.188838 24.115047
v -1.121074 7.188838 23.608051
v -0.554431 7.188838 23.608051
v -0.554431 7.188838 24.115047
v -0.864924 7.584490 23.885860
v -0.864924 7.584490 23.837238
v -0.810581 7.584490 23.837238
v -0.810581 7.584490 23.885860
vt 0.000000 0.000000
vt 1.000000 0.000000
vt 1.000000 1.000000
vt 0.000000 1.000000
vt 0.000000 0.000000
vt 1.000000 0.000000
vt 1.000000 1.000000
vt 0.000000 1.000000
vt 0.000000 0.000000
vt 1.000000 0.000000
vt 1.000000 1.000000
vt 0.000000 1.000000
vt 0.000000 0.000000
vt 1.000000 0.000000
vt 1.000000 1.000000
vt 0.000000 1.000000
vt 1.000000 0.000000
vt 1.000000 1.000000
vt 0.000000 0.000000
vt 1.000000 1.000000
vt 0.000000 1.000000
vt 0.000000 0.000000
vt 1.000000 0.000000
vt 1.000000 1.000000
vt 0.000000 1.000000
vt 0.000000 0.000000
vt 1.000000 1.000000
vt 0.000000 1.000000
vt 0.000000 0.000000
vt 1.000000 1.000000
vt 0.000000 1.000000
vt 0.000000 0.000000
vt 1.000000 1.000000
vt 0.000000 1.000000
vt 0.000000 0.000000
vt 1.000000 0.000000
vt 1.000000 1.000000
vt 0.000000 1.000000
vt 0.000000 0.000000
vt 1.000000 0.000000
vt 1.000000 1.000000
vt 0.000000 1.000000
vt 0.000000 0.000000
vt 1.000000 0.000000
vt 1.000000 1.000000
vt 0.000000 1.000000
vt 0.000000 0.000000
vt 1.000000 0.000000
vt 1.000000 1.000000
vt 0.000000 1.000000
vt 0.000000 0.000000
vt 1.000000 0.000000
vt 1.000000 1.000000
vt 0.000000 1.000000
vt 0.000000 0.000000
vt 1.000000 0.000000
vt 1.000000 1.000000
vt 0.000000 1.000000
vt 0.000000 0.000000
vt 1.000000 0.000000
vt 1.000000 1.000000
vt 0.000000 1.000000
vt 0.000000 0.000000
vt 1.000000 0.000000
vt 1.000000 1.000000
vt 0.000000 1.000000
vt 0.000000 0.000000
vt 1.000000 0.000000
vt 1.000000 1.000000
vt 0.000000 1.000000
vt 0.000000 0.000000
vt 1.000000 0.000000
vt 1.000000 1.000000
vt 0.000000 1.000000
vt 0.000000 0.000000
vt 1.000000 0.000000
vt 1.000000 1.000000
vt 0.000000 1.000000
vt 0.000000 0.000000
vt 1.000000 0.000000
vt 1.000000 1.000000
vt 0.000000 1.000000
vt 0.000000 0.000000
vt 1.000000 0.000000
vt 1.000000 1.000000
vt 0.000000 1.000000
vt 0.000000 0.000000
vt 1.000000 0.000000
vt 1.000000 1.000000
vt 0.000000 1.000000
vt 0.000000 0.000000
vt 1.000000 0.000000
vt 1.000000 1.000000
vt 0.000000 1.000000
vt 0.000000 0.000000
vt 1.000000 0.000000
vt 1.000000 1.000000
vt 0.000000 1.000000
vt 0.000000 0.000000
vt 1.000000 0.000000
vt 1.000000 1.000000
vt 0.000000 1.000000
vt 0.000000 0.000000
vt 1.000000 0.000000
vt 1.000000 1.000000
vt 0.000000 1.000000
vt 0.000000 0.000000
vt 1.000000 0.000000
vt 1.000000 1.000000
vt 0.000000 1.000000
vt 0.000000 0.000000
vt 1.000000 0.000000
vt 1.000000 1.000000
vt 0.000000 1.000000
vt 1.000000 0.000000
vt 0.000000 1.000000
vt 0.000000 0.000000
vt 0.000000 0.000000
vt 1.000000 0.000000
vt 1.000000 1.000000
vt 0.000000 1.000000
vt 0.000000 0.000000
vt 1.000000 0.000000
vt 1.000000 1.000000
vt 0.000000 1.000000
vt 0.000000 0.000000
vt 1.000000 0.000000
vt 1.000000 1.000000
vn -1.0000 0.0000 0.0000
vn 0.0000 0.0000 -1.0000
vn 1.0000 0.0000 0.0000
vn 0.0000 0.0000 1.0000
vn 0.0000 -1.0000 0.0000
vn 0.0000 -0.7775 -0.6288
vn 0.5862 -0.8101 0.0000
vn -0.5862 -0.8101 0.0000
vn 0.0000 -0.7775 0.6288
vn -0.6131 0.7900 0.0000
vn 0.0000 0.8918 0.4525
vn 0.0000 0.7554 0.6552
vn 0.0000 0.7554 -0.6552
vn 0.6131 0.7900 0.0000
vn 0.8898 0.4564 0.0000
vn 0.0000 0.8918 -0.4525
vn 0.4134 0.9106 0.0000
vn -0.4134 0.9106 0.0000
vn 0.0000 -0.5369 0.8436
vn -0.8898 0.4564 0.0000
vn 0.0000 0.4171 0.9088
vn 0.0000 0.4171 -0.9088
vn 0.0000 0.5012 -0.8653
vn 0.0000 -0.5369 -0.8436
vn 0.8149 -0.5796 0.0000
vn -0.8149 -0.5796 0.0000
vn 0.0000 1.0000 0.0000
vn 0.8394 0.5435 0.0000
vn -0.8394 0.5435 0.0000
vn 0.0000 0.5012 0.8653
usemtl Material.001
s off
f 1439/4635/1106 1440/4636/1106 1442/4637/1106 1441/4638/1106
f 1441/4639/1107 1442/4640/1107 1446/4641/1107 1445/4642/1107
f 1445/4643/1108 1446/4644/1108 1444/4645/1108 1443/4646/1108
f 1443/4647/1109 1444/4648/1109 1440/4649/1109 1439/4650/1109
f 1441/4639/1110 1445/4651/1110 1443/4652/1110 1439/4650/1110
f 1446/4653/1111 1442/4640/1111 1448/4654/1111 1449/4655/1111
f 1450/4656/1108 1449/4657/1108 1453/4658/1108 1454/4659/1108
f 1444/4660/1112 1446/4644/1112 1449/4661/1112 1450/4662/1112
f 1442/4663/1113 1440/4636/1113 1447/4664/1113 1448/4665/1113
f 1440/4666/1114 1444/4648/1114 1450/4667/1114 1447/4668/1114
f 1452/4669/1115 1451/4670/1115 1455/4671/1115 1456/4672/1115
f 1448/4673/1106 1447/4674/1106 1451/4675/1106 1452/4676/1106
f 1447/4677/1109 1450/4678/1109 1454/4679/1109 1451/4680/1109
f 1449/4681/1107 1448/4682/1107 1452/4683/1107 1453/4684/1107
f 1455/4685/1116 1458/4686/1116 1462/4687/1116 1459/4688/1116
f 1451/4689/1117 1454/4690/1117 1458/4691/1117 1455/4692/1117
f 1453/4693/1118 1452/4694/1118 1456/4695/1118 1457/4696/1118
f 1454/4697/1119 1453/4698/1119 1457/4699/1119 1458/4700/1119
f 1462/4701/1120 1461/4702/1120 1465/4703/1120 1466/4704/1120
f 1457/4705/1121 1456/4706/1121 1460/4707/1121 1461/4708/1121
f 1458/4709/1122 1457/4710/1122 1461/4711/1122 1462/4712/1122
f 1456/4713/1123 1455/4714/1123 1459/4715/1123 1460/4716/1123
f 1463/4717/1124 1466/4718/1124 1470/4719/1124 1467/4720/1124
f 1460/4721/1125 1459/4722/1125 1463/4723/1125 1464/4724/1125
f 1459/4725/1126 1462/4726/1126 1466/4727/1126 1463/4728/1126
f 1461/4729/1127 1460/4730/1127 1464/4731/1127 1465/4732/1127
f 1469/4733/1128 1468/4734/1128 1472/4735/1128 1473/4736/1128
f 1465/4737/1129 1464/4738/1129 1468/4739/1129 1469/4740/1129
f 1466/4741/1130 1465/4742/1130 1469/4743/1130 1470/4744/1130
f 1464/4745/1131 1463/4746/1131 1467/4747/1131 1468/4748/1131
f 1473/4749/1132 1472/4735/1132 1471/4750/1132 1474/4751/1132
f 1470/4752/1133 1469/4753/1133 1473/4754/1133 1474/4755/1133
f 1468/4756/1134 1467/4757/1134 1471/4758/1134 1472/4759/1134
f 1467/4760/1135 1470/4761/1135 1474/4762/1135 1471/4750/1135
o Cube.024_Cube.025
v -1.217753 -0.010356 14.793468
v -1.217753 6.429644 14.793468
v -1.217753 -0.010356 14.113467
v -1.217753 6.429644 14.113467
v -0.457753 -0.010356 14.793468
v -0.457753 6.429644 14.793468
v -0.457753 -0.010356 14.113467
v -0.457753 6.429644 14.113467
v -1.308021 6.494964 14.874234
v -1.308021 6.494964 14.032701
v -0.367484 6.494964 14.032701
v -0.367484 6.494964 14.874234
v -1.308021 6.583341 14.874234
v -1.308021 6.583341 14.032701
v -0.367484 6.583341 14.032701
v -0.367484 6.583341 14.874234
v -1.219489 6.652049 14.795021
v -1.219489 6.652049 14.111914
v -0.456016 6.652049 14.111914
v -0.456016 6.652049 14.795021
v -1.035393 6.735628 14.630303
v -1.035393 6.735628 14.276631
v -0.640112 6.735628 14.276631
v -0.640112 6.735628 14.630303
v -0.936221 6.928965 14.541571
v -0.936221 6.928965 14.365364
v -0.739284 6.928965 14.365364
v -0.739284 6.928965 14.541571
v -1.121074 7.188838 14.706965
v -1.121074 7.188838 14.199969
v -0.554431 7.188838 14.199969
v -0.554431 7.188838 14.706965
v -0.864924 7.584490 14.477778
v -0.864924 7.584490 14.429156
v -0.810581 7.584490 14.429156
v -0.810581 7.584490 14.477778
vt 0.000000 0.000000
vt 1.000000 0.000000
vt 1.000000 1.000000
vt 0.000000 1.000000
vt 0.000000 0.000000
vt 1.000000 0.000000
vt 1.000000 1.000000
vt 0.000000 1.000000
vt 0.000000 0.000000
vt 1.000000 0.000000
vt 1.000000 1.000000
vt 0.000000 1.000000
vt 0.000000 0.000000
vt 1.000000 0.000000
vt 1.000000 1.000000
vt 0.000000 1.000000
vt 1.000000 0.000000
vt 1.000000 1.000000
vt 0.000000 0.000000
vt 1.000000 1.000000
vt 0.000000 1.000000
vt 0.000000 0.000000
vt 1.000000 0.000000
vt 1.000000 1.000000
vt 0.000000 1.000000
vt 0.000000 0.000000
vt 1.000000 1.000000
vt 0.000000 1.000000
vt 0.000000 0.000000
vt 1.000000 1.000000
vt 0.000000 1.000000
vt 0.000000 0.000000
vt 1.000000 1.000000
vt 0.000000 1.000000
vt 0.000000 0.000000
vt 1.000000 0.000000
vt 1.000000 1.000000
vt 0.000000 1.000000
vt 0.000000 0.000000
vt 1.000000 0.000000
vt 1.000000 1.000000
vt 0.000000 1.000000
vt 0.000000 0.000000
vt 1.000000 0.000000
vt 1.000000 1.000000
vt 0.000000 1.000000
vt 0.000000 0.000000
vt 1.000000 0.000000
vt 1.000000 1.000000
vt 0.000000 1.000000
vt 0.000000 0.000000
vt 1.000000 0.000000
vt 1.000000 1.000000
vt 0.000000 1.000000
vt 0.000000 0.000000
vt 1.000000 0.000000
vt 1.000000 1.000000
vt 0.000000 1.000000
vt 0.000000 0.000000
vt 1.000000 0.000000
vt 1.000000 1.000000
vt 0.000000 1.000000
vt 0.000000 0.000000
vt 1.000000 0.000000
vt 1.000000 1.000000
vt 0.000000 1.000000
vt 0.000000 0.000000
vt 1.000000 0.000000
vt 1.000000 1.000000
vt 0.000000 1.000000
vt 0.000000 0.000000
vt 1.000000 0.000000
vt 1.000000 1.000000
vt 0.000000 1.000000
vt 0.000000 0.000000
vt 1.000000 0.000000
vt 1.000000 1.000000
vt 0.000000 1.000000
vt 0.000000 0.000000
vt 1.000000 0.000000
vt 1.000000 1.000000
vt 0.000000 1.000000
vt 0.000000 0.000000
vt 1.000000 0.000000
vt 1.000000 1.000000
vt 0.000000 1.000000
vt 0.000000 0.000000
vt 1.000000 0.000000
vt 1.000000 1.000000
vt 0.000000 1.000000
vt 0.000000 0.000000
vt 1.000000 0.000000
vt 1.000000 1.000000
vt 0.000000 1.000000
vt 0.000000 0.000000
vt 1.000000 0.000000
vt 1.000000 1.000000
vt 0.000000 1.000000
vt 0.000000 0.000000
vt 1.000000 0.000000
vt 1.000000 1.000000
vt 0.000000 1.000000
vt 0.000000 0.000000
vt 1.000000 0.000000
vt 1.000000 1.000000
vt 0.000000 1.000000
vt 0.000000 0.000000
vt 1.000000 0.000000
vt 1.000000 1.000000
vt 0.000000 1.000000
vt 0.000000 0.000000
vt 1.000000 0.000000
vt 1.000000 1.000000
vt 0.000000 1.000000
vt 1.000000 0.000000
vt 0.000000 1.000000
vt 0.000000 0.000000
vt 0.000000 0.000000
vt 1.000000 0.000000
vt 1.000000 1.000000
vt 0.000000 1.000000
vt 0.000000 0.000000
vt 1.000000 0.000000
vt 1.000000 1.000000
vt 0.000000 1.000000
vt 0.000000 0.000000
vt 1.000000 0.000000
vt 1.000000 1.000000
vn -1.0000 0.0000 0.0000
vn 0.0000 0.0000 -1.0000
vn 1.0000 0.0000 0.0000
vn 0.0000 0.0000 1.0000
vn 0.0000 -1.0000 0.0000
vn 0.0000 -0.7775 -0.6288
vn 0.5862 -0.8101 0.0000
vn -0.5862 -0.8101 0.0000
vn 0.0000 -0.7775 0.6288
vn -0.6131 0.7900 0.0000
vn 0.0000 0.8918 0.4525
vn 0.0000 0.7554 0.6552
vn 0.0000 0.7554 -0.6552
vn 0.6131 0.7900 0.0000
vn 0.8898 0.4564 0.0000
vn 0.0000 0.8918 -0.4525
vn 0.4134 0.9106 0.0000
vn -0.4134 0.9106 0.0000
vn 0.0000 -0.5369 0.8436
vn -0.8898 0.4564 0.0000
vn 0.0000 0.4171 0.9089
vn 0.0000 0.4171 -0.9089
vn 0.0000 0.5012 -0.8653
vn 0.0000 -0.5369 -0.8436
vn 0.8149 -0.5796 0.0000
vn -0.8149 -0.5796 0.0000
vn 0.0000 1.0000 0.0000
vn 0.8394 0.5435 0.0000
vn -0.8394 0.5435 0.0000
vn 0.0000 0.5012 0.8653
usemtl Material.001
s off
f 1475/4763/1136 1476/4764/1136 1478/4765/1136 1477/4766/1136
f 1477/4767/1137 1478/4768/1137 1482/4769/1137 1481/4770/1137
f 1481/4771/1138 1482/4772/1138 1480/4773/1138 1479/4774/1138
f 1479/4775/1139 1480/4776/1139 1476/4777/1139 1475/4778/1139
f 1477/4767/1140 1481/4779/1140 1479/4780/1140 1475/4778/1140
f 1482/4781/1141 1478/4768/1141 1484/4782/1141 1485/4783/1141
f 1486/4784/1138 1485/4785/1138 1489/4786/1138 1490/4787/1138
f 1480/4788/1142 1482/4772/1142 1485/4789/1142 1486/4790/1142
f 1478/4791/1143 1476/4764/1143 1483/4792/1143 1484/4793/1143
f 1476/4794/1144 1480/4776/1144 1486/4795/1144 1483/4796/1144
f 1488/4797/1145 1487/4798/1145 1491/4799/1145 1492/4800/1145
f 1484/4801/1136 1483/4802/1136 1487/4803/1136 1488/4804/1136
f 1483/4805/1139 1486/4806/1139 1490/4807/1139 1487/4808/1139
f 1485/4809/1137 1484/4810/1137 1488/4811/1137 1489/4812/1137
f 1491/4813/1146 1494/4814/1146 1498/4815/1146 1495/4816/1146
f 1487/4817/1147 1490/4818/1147 1494/4819/1147 1491/4820/1147
f 1489/4821/1148 1488/4822/1148 1492/4823/1148 1493/4824/1148
f 1490/4825/1149 1489/4826/1149 1493/4827/1149 1494/4828/1149
f 1498/4829/1150 1497/4830/1150 1501/4831/1150 1502/4832/1150
f 1493/4833/1151 1492/4834/1151 1496/4835/1151 1497/4836/1151
f 1494/4837/1152 1493/4838/1152 1497/4839/1152 1498/4840/1152
f 1492/4841/1153 1491/4842/1153 1495/4843/1153 1496/4844/1153
f 1499/4845/1154 1502/4846/1154 1506/4847/1154 1503/4848/1154
f 1496/4849/1155 1495/4850/1155 1499/4851/1155 1500/4852/1155
f 1495/4853/1156 1498/4854/1156 1502/4855/1156 1499/4856/1156
f 1497/4857/1157 1496/4858/1157 1500/4859/1157 1501/4860/1157
f 1505/4861/1158 1504/4862/1158 1508/4863/1158 1509/4864/1158
f 1501/4865/1159 1500/4866/1159 1504/4867/1159 1505/4868/1159
f 1502/4869/1160 1501/4870/1160 1505/4871/1160 1506/4872/1160
f 1500/4873/1161 1499/4874/1161 1503/4875/1161 1504/4876/1161
f 1509/4877/1162 1508/4863/1162 1507/4878/1162 1510/4879/1162
f 1506/4880/1163 1505/4881/1163 1509/4882/1163 1510/4883/1163
f 1504/4884/1164 1503/4885/1164 1507/4886/1164 1508/4887/1164
f 1503/4888/1165 1506/4889/1165 1510/4890/1165 1507/4878/1165
