# File produced by Open Asset Import Library (http://www.assimp.sf.net)
# (assimp v3.1.193236683)

mtllib ghostSheild.mtl

# 3146 vertex positions
v  3.72308 -39.2678 23.9673
v  1.94152 -39.4047 24.2804
v  4.91409 -65.3649 26.0372
v  9.82817 -65.3649 23.204
v  5.1951 -39.26 23.7324
v  14.7423 -65.3649 20.3781
v  6.69967 -39.2858 23.5689
v  19.6563 -65.3649 17.5515
v  8.6443 -38.7991 23.3331
v  24.5704 -65.3649 14.7252
v  10.9338 -37.8181 22.7831
v  29.4845 -65.3649 11.899
v  12.4713 -36.7666 20.9136
v  34.3986 -65.3649 9.07298
v  14.6733 -34.843 19.4442
v  39.3127 -65.3649 6.24703
v  16.0814 -32.8412 18.1746
v  39.3127 -56.9727 6.24703
v  18.5415 41.1532 9.18072
v  20.4557 37.4151 9.30386
v  39.3127 61.9085 6.24703
v  39.3127 66.436 6.24703
v  15.6234 -15.0312 14.888
v  15.5253 -16.1499 14.7424
v  39.3127 -14.5522 6.24703
v  39.3127 -13.8247 6.24703
v  28.6654 11.513 11.8897
v  29.4715 8.84048 12.5288
v  39.3127 11.8271 6.24703
v  39.3127 16.3912 6.24703
v  17.3718 -23.2824 16.0356
v  17.7959 -24.9152 16.3154
v  39.3127 -31.7278 6.24703
v  39.3127 -27.1413 6.24703
v  15.783 -14.0717 14.9762
v  39.3127 -13.0971 6.24703
v  27.4951 13.7099 11.5161
v  39.3127 20.9554 6.24703
v  16.2752 -22.2932 15.9549
v  39.3127 -22.5549 6.24703
v  24.3883 19.5816 11.1427
v  25.7811 15.6982 11.4955
v  39.3127 25.5195 6.24703
v  39.3127 30.0836 6.24703
v  15.362 -21.832 15.9444
v  39.3127 -21.8274 6.24703
v  23.7027 28.2376 9.96672
v  24.1045 25.5217 10.262
v  39.3127 39.2104 6.24703
v  39.3127 43.7638 6.24703
v  14.6512 -21.6301 15.9906
v  39.3127 -21.0998 6.24703
v  24.3531 22.9693 10.5886
v  39.3127 34.6477 6.24703
v  23.4218 30.0441 9.81957
v  39.3127 48.3086 6.24703
v  14.7877 -21.3772 15.8756
v  39.3127 -20.3723 6.24703
v  16.0883 -12.8774 15.1083
v  39.3127 -12.3696 6.24703
v  22.6672 32.2372 9.76802
v  39.3127 52.8465 6.24703
v  14.8078 -21.045 15.7696
v  39.3127 -19.6448 6.24703
v  16.5707 -11.7276 15.3239
v  39.3127 -11.6421 6.24703
v  25.7027 -0.0626647 15.1715
v  22.4063 -2.86833 15.7202
v  39.3127 -0.527389 6.24703
v  39.3127 2.06941 6.24703
v  21.4919 35.1552 9.51075
v  39.3127 57.3792 6.24703
v  14.8232 -20.3962 15.5326
v  39.3127 -18.9173 6.24703
v  18.1173 -7.86423 16.0126
v  17.2326 -10.9146 15.3992
v  39.3127 -10.9054 6.24703
v  39.3127 -8.31762 6.24703
v  19.5942 -4.89093 16.2629
v  39.3127 -3.12418 6.24703
v  14.6896 -19.8031 15.427
v  39.3127 -18.1898 6.24703
v  18.6417 -5.92646 16.2845
v  39.3127 -5.72097 6.24703
v  14.4646 -19.2725 15.4001
v  39.3127 -17.4623 6.24703
v  14.8067 -18.6081 15.0798
v  39.3127 -16.7347 6.24703
v  15.1685 -17.8157 14.825
v  39.3127 -16.0072 6.24703
v  29.6794 7.263 13.0011
v  28.8593 3.78198 14.049
v  39.3127 4.66643 6.24703
v  39.3127 7.27252 6.24703
v  17.4922 -29.3848 17.0931
v  39.3127 -48.5736 6.24703
v  15.3491 -16.9989 14.7357
v  39.3127 -15.2797 6.24703
v  17.955 -27.0394 16.5064
v  39.3127 -40.1609 6.24703
v  16.6477 43.5888 9.18595
v  33.6967 66.3866 6.24703
v  8.00343e-07 49.3679 9.15486
v  2.49014 49.3127 9.13316
v  5.61615 66.3165 6.24704
v  5.46133e-07 66.3165 6.24704
v  5.66606 48.8922 9.09861
v  8.45626 48.1367 9.20894
v  16.8485 66.3166 6.24703
v  11.2323 66.3165 6.24704
v  11.1337 47.0295 9.31987
v  13.953 45.7233 9.25958
v  28.0807 66.3453 6.24703
v  22.4646 66.3202 6.24703
v  2.13425e-06 -39.566 24.413
v  2.52275e-06 -65.3649 28.8569
v  22.4646 66.3202 8.9919
v  28.0807 66.3453 8.9919
v  5.61615 66.3165 8.9919
v  11.2323 66.3165 8.9919
v  7.86097e-07 66.3165 8.9919
v  33.6967 66.3866 8.9919
v  5.6106 76.4071 8.9919
v  5.6106 76.4071 6.24704
v  5.46133e-07 76.4071 6.24704
v  7.86097e-07 76.4071 8.9919
v  16.8485 66.3166 8.9919
v  39.3127 66.436 8.9919
v  44.8848 66.436 6.24703
v  44.8848 66.436 8.9919
v  44.8848 76.4071 6.24703
v  44.8848 76.4071 8.9919
v  24.5704 -65.3649 18.4954
v  19.6563 -65.3649 21.3218
v  14.7423 -65.3649 24.1484
v  9.82817 -65.3649 26.9743
v  39.3127 -65.3649 10.0173
v  34.3986 -65.3649 12.8432
v  34.3986 -74.0538 12.8432
v  29.4845 -65.3649 15.6692
v  29.4845 -74.0538 15.6692
v  9.82817 -74.0538 26.9743
v  4.91409 -65.3649 29.8075
v  4.91409 -74.0538 29.8075
v  2.85236e-06 -65.3649 32.6271
v  45.1783 -65.3496 6.64379
v  39.3127 -74.0538 10.0173
v  45.1783 -74.0384 6.64379
v  24.5704 -74.0538 18.4954
v  14.7423 -74.0538 24.1484
v  45.1783 -65.3496 2.87354
v  2.85236e-06 -74.0538 32.6271
v  19.6563 -74.0538 21.3218
v  45.1783 -74.0384 2.87354
v  44.8848 76.4071 -0.211596
v  44.8848 66.436 -0.211596
v  39.3127 25.5195 -0.211596
v  39.3127 20.9554 -0.211596
v  39.3127 -18.1898 -0.211596
v  39.3127 -18.9173 -0.211596
v  39.3127 -21.8274 -0.211596
v  39.3127 -22.5549 -0.211596
v  39.3127 66.436 -0.211596
v  39.3127 61.9085 -0.211596
v  39.3127 30.0836 -0.211596
v  39.3127 -19.6448 -0.211596
v  39.3127 -27.1413 -0.211596
v  39.3127 16.3912 -0.211596
v  39.3127 -20.3723 -0.211596
v  39.3127 -31.7278 -0.211596
v  39.3127 11.8271 -0.211596
v  39.3127 -21.0998 -0.211596
v  45.1783 -65.3496 -3.58509
v  45.1783 -74.0384 -3.58509
v  39.3127 -40.1609 -0.211596
v  39.3127 4.66643 -0.211596
v  39.3127 2.06941 -0.211596
v  39.3127 -56.9727 -0.211596
v  39.3127 -65.3649 -0.211596
v  39.3127 -0.527389 -0.211596
v  39.3127 -3.12418 -0.211596
v  39.3127 -48.5736 -0.211596
v  39.3127 7.27252 -0.211596
v  39.3127 34.6477 -0.211596
v  39.3127 -13.0971 -0.211596
v  39.3127 -13.8247 -0.211596
v  39.3127 -5.72097 -0.211596
v  39.3127 39.2104 -0.211596
v  39.3127 -14.5522 -0.211596
v  39.3127 -10.9054 -0.211596
v  39.3127 -11.6421 -0.211596
v  39.3127 43.7638 -0.211596
v  39.3127 -15.2797 -0.211596
v  39.3127 -8.31762 -0.211596
v  39.3127 57.3792 -0.211596
v  39.3127 -16.0072 -0.211596
v  39.3127 52.8465 -0.211596
v  39.3127 -16.7347 -0.211596
v  39.3127 -12.3696 -0.211596
v  39.3127 48.3086 -0.211596
v  39.3127 -17.4623 -0.211596
v  39.2742 76.4071 6.24703
v  39.2742 76.4071 8.9919
v  33.6636 76.4071 6.24704
v  33.6636 76.4071 8.9919
v  28.053 76.4071 6.24704
v  28.053 76.4071 8.9919
v  22.4424 76.4071 6.24704
v  22.4424 76.4071 8.9919
v  16.8318 76.4071 6.24704
v  16.8318 76.4071 8.9919
v  11.2212 76.4071 6.24704
v  11.2212 76.4071 8.9919
v  39.2742 76.4071 -0.211596
v  33.6636 76.4071 0.17824
v  28.053 76.4071 2.48424
v  22.4424 76.4071 2.91265
v  16.8318 76.4071 3.18703
v  11.2212 76.4071 3.36344
v  5.6106 76.4071 3.46326
v  3.056e-07 76.4071 3.49566
v  11.2212 -74.0384 3.36344
v  11.2212 -65.3649 3.36344
v  16.8318 -65.3649 3.18703
v  16.8318 -74.0384 3.18703
v  22.4424 -74.0384 2.91265
v  22.4424 -65.3649 2.91265
v  28.053 -65.3649 2.48424
v  28.053 -74.0384 2.48424
v  3.056e-07 -74.0384 3.49566
v  3.056e-07 -65.3649 3.49566
v  5.6106 -65.3649 3.46326
v  5.6106 -74.0384 3.46326
v  33.6636 -65.3649 0.17824
v  33.6636 -74.0384 0.17824
v  28.053 66.436 2.48424
v  33.6636 66.436 0.17824
v  16.8318 66.436 3.18703
v  22.4424 66.436 2.91265
v  5.6106 66.436 3.46326
v  11.2212 66.436 3.36344
v  3.056e-07 66.436 3.49566
v  39.3127 -74.0384 -0.211596
v  5.6106 61.9085 3.46326
v  3.056e-07 61.9085 3.49566
v  5.6106 57.3792 3.46326
v  3.056e-07 57.3792 3.49566
v  5.6106 52.8465 3.46326
v  3.056e-07 52.8465 3.49566
v  5.6106 48.3086 3.46326
v  3.056e-07 48.3086 3.49566
v  5.6106 43.7638 3.46326
v  3.056e-07 43.7638 3.49566
v  5.6106 39.2104 3.46326
v  3.056e-07 39.2104 3.49566
v  5.6106 34.6477 3.46326
v  3.056e-07 34.6477 3.49566
v  5.6106 30.0836 3.46326
v  3.056e-07 30.0836 3.49566
v  5.6106 25.5195 3.46326
v  3.056e-07 25.5195 3.49566
v  5.6106 20.9554 3.46326
v  3.056e-07 20.9554 3.49566
v  5.6106 16.3912 3.46326
v  3.056e-07 16.3912 3.49566
v  5.6106 11.8271 3.46326
v  3.056e-07 11.8271 3.49566
v  5.6106 7.27252 3.46326
v  3.056e-07 7.27252 3.49566
v  5.6106 4.66643 3.46326
v  3.056e-07 4.66643 3.49566
v  5.6106 2.06941 3.46326
v  3.056e-07 2.06941 3.49566
v  5.6106 -0.527389 3.46326
v  3.056e-07 -0.527389 3.49566
v  5.6106 -3.12418 3.46326
v  3.056e-07 -3.12418 3.49566
v  5.6106 -5.72097 3.46326
v  3.056e-07 -5.72097 3.49566
v  5.6106 -8.31762 3.46326
v  3.056e-07 -8.31762 3.49566
v  5.6106 -10.9054 3.46326
v  3.056e-07 -10.9054 3.49566
v  5.6106 -11.6421 3.46326
v  3.056e-07 -11.6421 3.49566
v  5.6106 -12.3696 3.46326
v  3.056e-07 -12.3696 3.49566
v  5.6106 -13.0971 3.46326
v  3.056e-07 -13.0971 3.49566
v  5.6106 -13.8247 3.46326
v  3.056e-07 -13.8247 3.49566
v  5.6106 -14.5522 3.46326
v  3.056e-07 -14.5522 3.49566
v  5.6106 -15.2797 3.46326
v  3.056e-07 -15.2797 3.49566
v  5.6106 -16.0072 3.46326
v  3.056e-07 -16.0072 3.49566
v  5.6106 -16.7347 3.46326
v  3.056e-07 -16.7347 3.49566
v  5.6106 -17.4623 3.46326
v  3.056e-07 -17.4623 3.49566
v  5.6106 -18.1898 3.46326
v  3.056e-07 -18.1898 3.49566
v  5.6106 -18.9173 3.46326
v  3.056e-07 -18.9173 3.49566
v  5.6106 -19.6448 3.46326
v  3.056e-07 -19.6448 3.49566
v  5.6106 -20.3723 3.46326
v  3.056e-07 -20.3723 3.49566
v  5.6106 -21.0998 3.46326
v  3.056e-07 -21.0998 3.49566
v  5.6106 -21.8274 3.46326
v  3.056e-07 -21.8274 3.49566
v  5.6106 -22.5549 3.46326
v  3.056e-07 -22.5549 3.49566
v  5.6106 -27.1413 3.46326
v  3.056e-07 -27.1413 3.49566
v  5.6106 -31.7278 3.46326
v  3.056e-07 -31.7278 3.49566
v  5.6106 -40.1609 3.46326
v  3.056e-07 -40.1609 3.49566
v  5.6106 -48.5736 3.46326
v  3.056e-07 -48.5736 3.49566
v  5.6106 -56.9727 3.46326
v  3.056e-07 -56.9727 3.49566
v  11.2212 61.9085 3.36344
v  11.2212 57.3792 3.36344
v  11.2212 52.8465 3.36344
v  11.2212 48.3086 3.36344
v  11.2212 43.7638 3.36344
v  11.2212 39.2104 3.36344
v  11.2212 34.6477 3.36344
v  11.2212 30.0836 3.36344
v  11.2212 25.5195 3.36344
v  11.2212 20.9554 3.36344
v  11.2212 11.8271 3.36344
v  11.2212 7.27252 3.36344
v  11.2212 4.66643 3.36344
v  11.2212 2.06941 3.36344
v  11.2212 -0.527389 3.36344
v  11.2212 -3.12418 3.36344
v  11.2212 -5.72097 3.36344
v  11.2212 -8.31762 3.36344
v  11.2212 -10.9054 3.36344
v  11.2212 -18.1898 3.36344
v  11.2212 -18.9173 3.36344
v  11.2212 -19.6448 3.36344
v  11.2212 -20.3723 3.36344
v  11.2212 -21.0998 3.36344
v  11.2212 -21.8274 3.36344
v  11.2212 -22.5549 3.36344
v  11.2212 -27.1413 3.36344
v  11.2212 -31.7278 3.36344
v  11.2212 -40.1609 3.36344
v  11.2212 -48.5736 3.36344
v  11.2212 -56.9727 3.36344
v  16.8318 61.9085 3.18703
v  16.8318 57.3792 3.18703
v  16.8318 52.8465 3.18703
v  16.8318 48.3086 3.18703
v  16.8318 43.7638 3.18703
v  16.8318 39.2104 3.18703
v  16.8318 34.6477 3.18703
v  16.8318 30.0836 3.18703
v  16.8318 25.5195 3.18703
v  16.8318 20.9554 3.18703
v  16.8318 11.8271 3.18703
v  16.8318 7.27252 3.18703
v  16.8318 4.66642 3.18703
v  16.8318 2.06941 3.18703
v  16.8318 -0.527389 3.18703
v  16.8318 -3.12418 3.18703
v  16.8318 -5.72097 3.18703
v  16.8318 -8.31762 3.18703
v  16.8318 -10.9054 3.18703
v  16.8318 -18.1898 3.18703
v  16.8318 -18.9173 3.18703
v  16.8318 -19.6448 3.18703
v  16.8318 -20.3723 3.18703
v  16.8318 -21.0998 3.18703
v  16.8318 -21.8274 3.18703
v  16.8318 -22.5549 3.18703
v  16.8318 -27.1413 3.18703
v  16.8318 -31.7278 3.18703
v  16.8318 -40.1609 3.18703
v  16.8318 -48.5736 3.18703
v  16.8318 -56.9727 3.18703
v  22.4424 61.9085 2.91265
v  22.4424 57.3792 2.91265
v  22.4424 52.8465 2.91265
v  22.4424 48.3086 2.91265
v  22.4424 43.7638 2.91265
v  22.4424 39.2104 2.91265
v  22.4424 34.6477 2.91265
v  22.4424 30.0836 2.91265
v  22.4424 25.5195 2.91265
v  22.4424 20.9554 2.91265
v  22.4424 16.3912 2.91265
v  16.8318 16.3912 3.18703
v  22.4424 11.8271 2.91265
v  22.4424 7.27252 2.91265
v  22.4424 4.66643 2.91265
v  22.4424 2.06941 2.91265
v  22.4424 -0.527389 2.91265
v  22.4424 -3.12418 2.91265
v  22.4424 -5.72097 2.91265
v  22.4424 -8.31762 2.91265
v  22.4424 -10.9054 2.91265
v  22.4424 -11.6421 2.91265
v  16.8318 -11.6421 3.18703
v  22.4424 -12.3696 2.91265
v  16.8318 -12.3696 3.18703
v  22.4424 -13.0971 2.91265
v  16.8318 -13.0971 3.18703
v  22.4424 -13.8247 2.91265
v  16.8318 -13.8247 3.18703
v  22.4424 -14.5522 2.91265
v  16.8318 -14.5522 3.18703
v  22.4424 -15.2797 2.91265
v  16.8318 -15.2797 3.18703
v  22.4424 -16.0072 2.91265
v  16.8318 -16.0072 3.18703
v  22.4424 -16.7347 2.91265
v  16.8318 -16.7347 3.18703
v  22.4424 -17.4623 2.91265
v  16.8318 -17.4623 3.18703
v  22.4424 -18.1898 2.91265
v  22.4424 -18.9173 2.91265
v  22.4424 -19.6448 2.91265
v  22.4424 -20.3723 2.91265
v  22.4424 -21.0998 2.91265
v  22.4424 -21.8274 2.91265
v  22.4424 -22.5549 2.91265
v  22.4424 -27.1413 2.91265
v  22.4424 -31.7278 2.91265
v  22.4424 -40.1609 2.91265
v  22.4424 -48.5736 2.91265
v  22.4424 -56.9727 2.91265
v  28.053 61.9085 2.48424
v  28.053 57.3792 2.48424
v  28.053 52.8465 2.48424
v  28.053 48.3086 2.48424
v  28.053 43.7638 2.48424
v  28.053 39.2104 2.48424
v  28.053 34.6477 2.48424
v  28.053 30.0836 2.48424
v  28.053 25.5195 2.48424
v  28.053 20.9554 2.48424
v  28.053 16.3912 2.48424
v  28.053 11.8271 2.48424
v  28.053 7.27252 2.48424
v  28.053 4.66643 2.48424
v  28.053 2.06941 2.48424
v  28.053 -0.527389 2.48424
v  28.053 -3.12418 2.48424
v  28.053 -5.72097 2.48424
v  28.053 -8.31762 2.48424
v  28.053 -10.9054 2.48424
v  28.053 -11.6421 2.48424
v  28.053 -12.3696 2.48424
v  28.053 -13.0971 2.48424
v  28.053 -13.8247 2.48424
v  28.053 -14.5522 2.48424
v  28.053 -15.2797 2.48424
v  28.053 -16.0072 2.48424
v  28.053 -16.7347 2.48424
v  28.053 -17.4623 2.48424
v  28.053 -18.1898 2.48424
v  28.053 -18.9173 2.48424
v  28.053 -19.6448 2.48424
v  28.053 -20.3723 2.48424
v  28.053 -21.0998 2.48424
v  28.053 -21.8274 2.48424
v  28.053 -22.5549 2.48424
v  28.053 -27.1413 2.48424
v  28.053 -31.7278 2.48424
v  28.053 -40.1609 2.48424
v  28.053 -48.5736 2.48424
v  28.053 -56.9727 2.48424
v  33.6636 61.9085 0.17824
v  33.6636 57.3792 0.17824
v  33.6636 52.8465 0.17824
v  33.6636 48.3086 0.17824
v  33.6636 43.7638 0.17824
v  33.6636 39.2104 0.17824
v  33.6636 34.6477 0.17824
v  33.6636 30.0836 0.17824
v  33.6636 25.5195 0.17824
v  33.6636 20.9554 0.17824
v  33.6636 16.3912 0.17824
v  33.6636 11.8271 0.17824
v  33.6636 7.27252 0.17824
v  33.6636 4.66643 0.17824
v  33.6636 2.06941 0.17824
v  33.6636 -0.527389 0.17824
v  33.6636 -3.12418 0.17824
v  33.6636 -5.72097 0.17824
v  33.6636 -8.31762 0.17824
v  33.6636 -10.9054 0.17824
v  33.6636 -11.6421 0.17824
v  33.6636 -12.3696 0.17824
v  33.6636 -13.0971 0.17824
v  33.6636 -13.8247 0.17824
v  33.6636 -14.5522 0.17824
v  33.6636 -15.2797 0.17824
v  33.6636 -16.0072 0.17824
v  33.6636 -16.7347 0.17824
v  33.6636 -17.4623 0.17824
v  33.6636 -18.1898 0.17824
v  33.6636 -18.9173 0.17824
v  33.6636 -19.6448 0.17824
v  33.6636 -20.3723 0.17824
v  33.6636 -21.0998 0.17824
v  33.6636 -21.8274 0.17824
v  33.6636 -22.5549 0.17824
v  33.6636 -27.1413 0.17824
v  33.6636 -31.7278 0.17824
v  33.6636 -40.1609 0.17824
v  33.6636 -48.5736 0.17824
v  33.6636 -56.9727 0.17824
v  39.3127 -74.0479 6.09768
v  34.1062 -74.0477 7.80521
v  28.8942 -74.0474 10.2319
v  23.6618 -74.0472 11.8417
v  20.8866 -74.047 13.1924
v  15.6955 -74.0468 14.5859
v  10.484 -74.0465 15.8584
v  5.25217 -74.0463 17.02
v  1.57898e-06 -74.0461 18.0614
v  14.0496 19.2197 3.36344
v  11.2212 20.3912 3.36344
v  8.39277 19.2197 3.36344
v  7.2212 16.3912 3.36344
v  8.39277 13.5628 3.36344
v  11.2212 12.3912 3.36344
v  14.0496 13.5628 3.36344
v  15.2212 16.3912 3.36344
v  13.3425 -12.4309 3.36344
v  11.2212 -11.5522 3.36344
v  9.09987 -12.4309 3.36344
v  11.2212 -17.5522 3.36344
v  13.3425 -16.6735 3.36344
v  9.09987 -16.6735 3.36344
v  8.2212 -14.5522 3.36344
v  14.2212 -14.5522 3.36344
v  -4.91408 -65.3649 26.0372
v  -1.94152 -39.4047 24.2804
v  -3.72307 -39.2678 23.9673
v  -9.82817 -65.3649 23.204
v  -5.19509 -39.26 23.7324
v  -14.7423 -65.3649 20.3781
v  -6.69966 -39.2858 23.5689
v  -19.6563 -65.3649 17.5515
v  -8.64429 -38.7991 23.3331
v  -24.5704 -65.3649 14.7252
v  -10.9338 -37.8181 22.7831
v  -29.4845 -65.3649 11.899
v  -12.4713 -36.7666 20.9136
v  -34.3986 -65.3649 9.07299
v  -14.6733 -34.843 19.4442
v  -39.3127 -65.3649 6.24704
v  -16.0814 -32.8412 18.1747
v  -39.3127 -56.9727 6.24704
v  -20.4557 37.4151 9.30386
v  -18.5415 41.1532 9.18072
v  -39.3127 66.436 6.24704
v  -39.3127 61.9085 6.24704
v  -39.3127 -14.5522 6.24704
v  -15.5253 -16.1499 14.7424
v  -15.6234 -15.0312 14.888
v  -39.3127 -13.8247 6.24704
v  -39.3127 11.8271 6.24704
v  -29.4715 8.84048 12.5288
v  -28.6654 11.513 11.8897
v  -39.3127 16.3912 6.24704
v  -39.3127 -31.7278 6.24704
v  -17.7959 -24.9152 16.3154
v  -17.3718 -23.2824 16.0356
v  -39.3127 -27.1413 6.24704
v  -15.783 -14.0717 14.9762
v  -39.3127 -13.0971 6.24704
v  -27.4951 13.7099 11.5161
v  -39.3127 20.9554 6.24704
v  -16.2752 -22.2932 15.9549
v  -39.3127 -22.5549 6.24704
v  -39.3127 25.5195 6.24704
v  -25.7811 15.6982 11.4956
v  -24.3883 19.5816 11.1427
v  -39.3127 30.0836 6.24704
v  -15.362 -21.832 15.9444
v  -39.3127 -21.8274 6.24704
v  -39.3127 39.2104 6.24704
v  -24.1045 25.5217 10.262
v  -23.7027 28.2376 9.96673
v  -39.3127 43.7638 6.24704
v  -14.6512 -21.6301 15.9906
v  -39.3127 -21.0998 6.24704
v  -39.3127 34.6477 6.24704
v  -24.3531 22.9693 10.5886
v  -23.4218 30.0441 9.81958
v  -39.3127 48.3086 6.24704
v  -14.7877 -21.3772 15.8756
v  -39.3127 -20.3723 6.24704
v  -16.0883 -12.8774 15.1083
v  -39.3127 -12.3696 6.24704
v  -22.6672 32.2372 9.76802
v  -39.3127 52.8465 6.24704
v  -14.8078 -21.045 15.7696
v  -39.3127 -19.6448 6.24704
v  -16.5707 -11.7276 15.3239
v  -39.3127 -11.6421 6.24704
v  -39.3127 -0.527389 6.24704
v  -22.4063 -2.86833 15.7202
v  -25.7027 -0.0626647 15.1715
v  -39.3127 2.06941 6.24704
v  -21.4919 35.1552 9.51076
v  -39.3127 57.3792 6.24704
v  -14.8232 -20.3962 15.5326
v  -39.3127 -18.9173 6.24704
v  -39.3127 -10.9054 6.24704
v  -17.2326 -10.9146 15.3992
v  -18.1173 -7.86423 16.0126
v  -39.3127 -8.31762 6.24704
v  -39.3127 -3.12418 6.24704
v  -19.5942 -4.89093 16.2629
v  -14.6896 -19.8031 15.427
v  -39.3127 -18.1898 6.24704
v  -18.6417 -5.92646 16.2845
v  -39.3127 -5.72097 6.24704
v  -14.4646 -19.2725 15.4001
v  -39.3127 -17.4623 6.24704
v  -14.8067 -18.6081 15.0798
v  -39.3127 -16.7347 6.24704
v  -15.1685 -17.8157 14.825
v  -39.3127 -16.0072 6.24704
v  -39.3127 4.66643 6.24704
v  -28.8592 3.78198 14.049
v  -29.6794 7.263 13.0011
v  -39.3127 7.27252 6.24704
v  -17.4922 -29.3848 17.0931
v  -39.3127 -48.5736 6.24704
v  -15.3491 -16.9989 14.7357
v  -39.3127 -15.2797 6.24704
v  -17.955 -27.0394 16.5064
v  -39.3127 -40.1609 6.24704
v  -16.6477 43.5888 9.18595
v  -33.6967 66.3866 6.24704
v  -2.49014 49.3127 9.13316
v  -5.61615 66.3165 6.24704
v  -8.45626 48.1367 9.20894
v  -5.66606 48.8922 9.09861
v  -11.2323 66.3165 6.24704
v  -16.8485 66.3166 6.24704
v  -28.0807 66.3453 6.24704
v  -13.953 45.7233 9.25958
v  -11.1337 47.0295 9.31987
v  -22.4646 66.3202 6.24704
v  -22.4646 66.3202 8.99191
v  -28.0807 66.3453 8.99191
v  -5.61615 66.3165 8.99191
v  -11.2323 66.3165 8.99191
v  -33.6967 66.3866 8.99191
v  -5.6106 76.4071 6.24704
v  -5.6106 76.4071 8.99191
v  -16.8485 66.3166 8.99191
v  -44.8848 66.436 6.24704
v  -39.3127 66.436 8.99191
v  -44.8848 66.436 8.99191
v  -44.8848 76.4071 6.24704
v  -44.8848 76.4071 8.99191
v  -24.5704 -65.3649 18.4954
v  -19.6563 -65.3649 21.3218
v  -14.7423 -65.3649 24.1484
v  -9.82817 -65.3649 26.9743
v  -39.3127 -65.3649 10.0173
v  -34.3986 -65.3649 12.8432
v  -29.4845 -65.3649 15.6693
v  -34.3986 -74.0538 12.8432
v  -29.4845 -74.0538 15.6693
v  -4.91408 -65.3649 29.8075
v  -9.82817 -74.0538 26.9743
v  -4.91408 -74.0538 29.8075
v  -39.3127 -74.0538 10.0173
v  -45.1783 -65.3496 6.64379
v  -45.1783 -74.0384 6.64379
v  -24.5704 -74.0538 18.4954
v  -14.7423 -74.0538 24.1484
v  -45.1783 -65.3496 2.87355
v  -19.6563 -74.0538 21.3218
v  -45.1783 -74.0384 2.87355
v  -44.8848 76.4071 -0.211588
v  -44.8848 66.436 -0.211588
v  -39.3127 25.5195 -0.211589
v  -39.3127 20.9554 -0.211589
v  -39.3127 -18.1898 -0.211589
v  -39.3127 -18.9173 -0.211589
v  -39.3127 -21.8274 -0.211589
v  -39.3127 -22.5549 -0.211589
v  -39.3127 66.436 -0.211589
v  -39.3127 61.9085 -0.211589
v  -39.3127 30.0836 -0.211589
v  -39.3127 -19.6448 -0.211589
v  -39.3127 -27.1413 -0.211589
v  -39.3127 16.3912 -0.211589
v  -39.3127 -20.3723 -0.211589
v  -39.3127 -31.7278 -0.211589
v  -39.3127 11.8271 -0.211589
v  -39.3127 -21.0998 -0.211589
v  -45.1783 -65.3496 -3.58508
v  -45.1783 -74.0384 -3.58508
v  -39.3127 -40.1609 -0.211589
v  -39.3127 4.66643 -0.211589
v  -39.3127 2.06941 -0.211589
v  -39.3127 -56.9727 -0.211589
v  -39.3127 -65.3649 -0.211589
v  -39.3127 -0.527389 -0.211589
v  -39.3127 -3.12418 -0.211589
v  -39.3127 -48.5736 -0.211589
v  -39.3127 7.27252 -0.211589
v  -39.3127 34.6477 -0.211589
v  -39.3127 -13.0971 -0.211589
v  -39.3127 -13.8247 -0.211589
v  -39.3127 -5.72097 -0.211589
v  -39.3127 39.2104 -0.211589
v  -39.3127 -14.5522 -0.211589
v  -39.3127 -10.9054 -0.211589
v  -39.3127 -11.6421 -0.211589
v  -39.3127 43.7638 -0.211589
v  -39.3127 -15.2797 -0.211589
v  -39.3127 -8.31762 -0.211589
v  -39.3127 57.3792 -0.211589
v  -39.3127 -16.0072 -0.211589
v  -39.3127 52.8465 -0.211589
v  -39.3127 -16.7347 -0.211589
v  -39.3127 -12.3696 -0.211589
v  -39.3127 48.3086 -0.211589
v  -39.3127 -17.4623 -0.211589
v  -39.2742 76.4071 6.24704
v  -39.2742 76.4071 8.99191
v  -33.6636 76.4071 6.24704
v  -33.6636 76.4071 8.99191
v  -28.053 76.4071 6.24704
v  -28.053 76.4071 8.99191
v  -22.4424 76.4071 6.24704
v  -22.4424 76.4071 8.99191
v  -16.8318 76.4071 6.24704
v  -16.8318 76.4071 8.99191
v  -11.2212 76.4071 6.24704
v  -11.2212 76.4071 8.99191
v  -39.2742 76.4071 -0.211589
v  -33.6636 76.4071 0.178246
v  -28.053 76.4071 2.48425
v  -22.4424 76.4071 2.91266
v  -16.8318 76.4071 3.18703
v  -11.2212 76.4071 3.36345
v  -5.6106 76.4071 3.46326
v  -16.8318 -65.3649 3.18703
v  -11.2212 -65.3649 3.36345
v  -11.2212 -74.0384 3.36345
v  -16.8318 -74.0384 3.18703
v  -28.053 -65.3649 2.48425
v  -22.4424 -65.3649 2.91266
v  -22.4424 -74.0384 2.91266
v  -28.053 -74.0384 2.48425
v  -5.6106 -65.3649 3.46326
v  -5.6106 -74.0384 3.46326
v  -33.6636 -65.3649 0.178246
v  -33.6636 -74.0384 0.178246
v  -28.053 66.436 2.48425
v  -33.6636 66.436 0.178246
v  -16.8318 66.436 3.18703
v  -22.4424 66.436 2.91266
v  -5.6106 66.436 3.46326
v  -11.2212 66.436 3.36345
v  -39.3127 -74.0384 -0.211589
v  -5.6106 61.9085 3.46326
v  -5.6106 57.3792 3.46326
v  -5.6106 52.8465 3.46326
v  -5.6106 48.3086 3.46326
v  -5.6106 43.7638 3.46326
v  -5.6106 39.2104 3.46326
v  -5.6106 34.6477 3.46326
v  -5.6106 30.0836 3.46326
v  -5.6106 25.5195 3.46326
v  -5.6106 20.9554 3.46326
v  -5.6106 16.3912 3.46326
v  -5.6106 11.8271 3.46326
v  -5.6106 7.27252 3.46326
v  -5.6106 4.66643 3.46326
v  -5.6106 2.06941 3.46326
v  -5.6106 -0.527389 3.46326
v  -5.6106 -3.12418 3.46326
v  -5.6106 -5.72097 3.46326
v  -5.6106 -8.31762 3.46326
v  -5.6106 -10.9054 3.46326
v  -5.6106 -11.6421 3.46326
v  -5.6106 -12.3696 3.46326
v  -5.6106 -13.0971 3.46326
v  -5.6106 -13.8247 3.46326
v  -5.6106 -14.5522 3.46326
v  -5.6106 -15.2797 3.46326
v  -5.6106 -16.0072 3.46326
v  -5.6106 -16.7347 3.46326
v  -5.6106 -17.4623 3.46326
v  -5.6106 -18.1898 3.46326
v  -5.6106 -18.9173 3.46326
v  -5.6106 -19.6448 3.46326
v  -5.6106 -20.3723 3.46326
v  -5.6106 -21.0998 3.46326
v  -5.6106 -21.8274 3.46326
v  -5.6106 -22.5549 3.46326
v  -5.6106 -27.1413 3.46326
v  -5.6106 -31.7278 3.46326
v  -5.6106 -40.1609 3.46326
v  -5.6106 -48.5736 3.46326
v  -5.6106 -56.9727 3.46326
v  -11.2212 61.9085 3.36345
v  -11.2212 57.3792 3.36345
v  -11.2212 52.8465 3.36345
v  -11.2212 48.3086 3.36345
v  -11.2212 43.7638 3.36345
v  -11.2212 39.2104 3.36345
v  -11.2212 34.6477 3.36345
v  -11.2212 30.0836 3.36345
v  -11.2212 25.5195 3.36345
v  -11.2212 20.9554 3.36345
v  -11.2212 7.27252 3.36345
v  -11.2212 11.8271 3.36345
v  -11.2212 4.66643 3.36345
v  -11.2212 2.06941 3.36345
v  -11.2212 -0.527389 3.36345
v  -11.2212 -3.12418 3.36345
v  -11.2212 -5.72097 3.36345
v  -11.2212 -8.31762 3.36345
v  -11.2212 -10.9054 3.36345
v  -11.2212 -18.9173 3.36345
v  -11.2212 -18.1898 3.36345
v  -11.2212 -19.6448 3.36345
v  -11.2212 -20.3723 3.36345
v  -11.2212 -21.0998 3.36345
v  -11.2212 -21.8274 3.36345
v  -11.2212 -22.5549 3.36345
v  -11.2212 -27.1413 3.36345
v  -11.2212 -31.7278 3.36345
v  -11.2212 -40.1609 3.36345
v  -11.2212 -48.5736 3.36345
v  -11.2212 -56.9727 3.36345
v  -16.8318 61.9085 3.18703
v  -16.8318 57.3792 3.18703
v  -16.8318 52.8465 3.18703
v  -16.8318 48.3086 3.18703
v  -16.8318 43.7638 3.18703
v  -16.8318 39.2104 3.18703
v  -16.8318 34.6477 3.18703
v  -16.8318 30.0836 3.18703
v  -16.8318 25.5195 3.18703
v  -16.8318 20.9554 3.18703
v  -16.8318 7.27252 3.18703
v  -16.8318 11.8271 3.18703
v  -16.8318 4.66642 3.18703
v  -16.8318 2.06941 3.18703
v  -16.8318 -0.527389 3.18703
v  -16.8318 -3.12418 3.18703
v  -16.8318 -5.72097 3.18703
v  -16.8318 -8.31762 3.18703
v  -16.8318 -10.9054 3.18703
v  -16.8318 -18.9173 3.18703
v  -16.8318 -18.1898 3.18703
v  -16.8318 -19.6448 3.18703
v  -16.8318 -20.3723 3.18703
v  -16.8318 -21.0998 3.18703
v  -16.8318 -21.8274 3.18703
v  -16.8318 -22.5549 3.18703
v  -16.8318 -27.1413 3.18703
v  -16.8318 -31.7278 3.18703
v  -16.8318 -40.1609 3.18703
v  -16.8318 -48.5736 3.18703
v  -16.8318 -56.9727 3.18703
v  -22.4424 61.9085 2.91266
v  -22.4424 57.3792 2.91266
v  -22.4424 52.8465 2.91266
v  -22.4424 48.3086 2.91266
v  -22.4424 43.7638 2.91266
v  -22.4424 39.2104 2.91266
v  -22.4424 34.6477 2.91266
v  -22.4424 30.0836 2.91266
v  -22.4424 25.5195 2.91266
v  -22.4424 20.9554 2.91266
v  -22.4424 16.3912 2.91266
v  -16.8318 16.3912 3.18703
v  -22.4424 11.8271 2.91266
v  -22.4424 7.27252 2.91266
v  -22.4424 4.66643 2.91266
v  -22.4424 2.06941 2.91266
v  -22.4424 -0.527389 2.91266
v  -22.4424 -3.12418 2.91266
v  -22.4424 -5.72097 2.91266
v  -22.4424 -8.31762 2.91266
v  -22.4424 -10.9054 2.91266
v  -22.4424 -11.6421 2.91266
v  -16.8318 -11.6421 3.18703
v  -22.4424 -12.3696 2.91266
v  -16.8318 -12.3696 3.18703
v  -22.4424 -13.0971 2.91266
v  -16.8318 -13.0971 3.18703
v  -22.4424 -13.8247 2.91266
v  -16.8318 -13.8247 3.18703
v  -22.4424 -14.5522 2.91266
v  -16.8318 -14.5522 3.18703
v  -22.4424 -15.2797 2.91266
v  -16.8318 -15.2797 3.18703
v  -22.4424 -16.0072 2.91266
v  -16.8318 -16.0072 3.18703
v  -22.4424 -16.7347 2.91266
v  -16.8318 -16.7347 3.18703
v  -22.4424 -17.4623 2.91266
v  -16.8318 -17.4623 3.18703
v  -22.4424 -18.1898 2.91266
v  -22.4424 -18.9173 2.91266
v  -22.4424 -19.6448 2.91266
v  -22.4424 -20.3723 2.91266
v  -22.4424 -21.0998 2.91266
v  -22.4424 -21.8274 2.91266
v  -22.4424 -22.5549 2.91266
v  -22.4424 -27.1413 2.91266
v  -22.4424 -31.7278 2.91266
v  -22.4424 -40.1609 2.91266
v  -22.4424 -48.5736 2.91266
v  -22.4424 -56.9727 2.91266
v  -28.053 61.9085 2.48425
v  -28.053 57.3792 2.48425
v  -28.053 52.8465 2.48425
v  -28.053 48.3086 2.48425
v  -28.053 43.7638 2.48425
v  -28.053 39.2104 2.48425
v  -28.053 34.6477 2.48425
v  -28.053 30.0836 2.48425
v  -28.053 25.5195 2.48425
v  -28.053 20.9554 2.48425
v  -28.053 16.3912 2.48425
v  -28.053 11.8271 2.48425
v  -28.053 7.27252 2.48425
v  -28.053 4.66643 2.48425
v  -28.053 2.06941 2.48425
v  -28.053 -0.527389 2.48425
v  -28.053 -3.12418 2.48425
v  -28.053 -5.72097 2.48425
v  -28.053 -8.31762 2.48425
v  -28.053 -10.9054 2.48425
v  -28.053 -11.6421 2.48425
v  -28.053 -12.3696 2.48425
v  -28.053 -13.0971 2.48425
v  -28.053 -13.8247 2.48425
v  -28.053 -14.5522 2.48425
v  -28.053 -15.2797 2.48425
v  -28.053 -16.0072 2.48425
v  -28.053 -16.7347 2.48425
v  -28.053 -17.4623 2.48425
v  -28.053 -18.1898 2.48425
v  -28.053 -18.9173 2.48425
v  -28.053 -19.6448 2.48425
v  -28.053 -20.3723 2.48425
v  -28.053 -21.0998 2.48425
v  -28.053 -21.8274 2.48425
v  -28.053 -22.5549 2.48425
v  -28.053 -27.1413 2.48425
v  -28.053 -31.7278 2.48425
v  -28.053 -40.1609 2.48425
v  -28.053 -48.5736 2.48425
v  -28.053 -56.9727 2.48425
v  -33.6636 61.9085 0.178246
v  -33.6636 57.3792 0.178246
v  -33.6636 52.8465 0.178246
v  -33.6636 48.3086 0.178246
v  -33.6636 43.7638 0.178246
v  -33.6636 39.2104 0.178246
v  -33.6636 34.6477 0.178246
v  -33.6636 30.0836 0.178246
v  -33.6636 25.5195 0.178246
v  -33.6636 20.9554 0.178246
v  -33.6636 16.3912 0.178246
v  -33.6636 11.8271 0.178246
v  -33.6636 7.27252 0.178246
v  -33.6636 4.66643 0.178246
v  -33.6636 2.06941 0.178246
v  -33.6636 -0.527389 0.178246
v  -33.6636 -3.12418 0.178246
v  -33.6636 -5.72097 0.178246
v  -33.6636 -8.31762 0.178246
v  -33.6636 -10.9054 0.178246
v  -33.6636 -11.6421 0.178246
v  -33.6636 -12.3696 0.178246
v  -33.6636 -13.0971 0.178246
v  -33.6636 -13.8247 0.178246
v  -33.6636 -14.5522 0.178246
v  -33.6636 -15.2797 0.178246
v  -33.6636 -16.0072 0.178246
v  -33.6636 -16.7347 0.178246
v  -33.6636 -17.4623 0.178246
v  -33.6636 -18.1898 0.178246
v  -33.6636 -18.9173 0.178246
v  -33.6636 -19.6448 0.178246
v  -33.6636 -20.3723 0.178246
v  -33.6636 -21.0998 0.178246
v  -33.6636 -21.8274 0.178246
v  -33.6636 -22.5549 0.178246
v  -33.6636 -27.1413 0.178246
v  -33.6636 -31.7278 0.178246
v  -33.6636 -40.1609 0.178246
v  -33.6636 -48.5736 0.178246
v  -33.6636 -56.9727 0.178246
v  -39.3127 -74.0479 6.09768
v  -34.1062 -74.0477 7.80522
v  -28.8942 -74.0474 10.2319
v  -23.6618 -74.0472 11.8417
v  -20.8866 -74.047 13.1924
v  -15.6955 -74.0468 14.5859
v  -10.484 -74.0465 15.8584
v  -5.25217 -74.0463 17.02
v  -14.0496 19.2197 3.36345
v  -11.2212 20.3912 3.36345
v  -8.39277 19.2197 3.36345
v  -7.22119 16.3912 3.36345
v  -8.39277 13.5628 3.36345
v  -11.2212 12.3912 3.36345
v  -14.0496 13.5628 3.36345
v  -15.2212 16.3912 3.36345
v  -13.3425 -12.4309 3.36345
v  -11.2212 -11.5522 3.36345
v  -9.09987 -12.4309 3.36345
v  -11.2212 -17.5522 3.36345
v  -13.3425 -16.6735 3.36345
v  -9.09987 -16.6735 3.36345
v  -8.2212 -14.5522 3.36345
v  -14.2212 -14.5522 3.36345
v  11.2212 15.1412 -1.72345
v  11.2212 15.1412 1.07126
v  10.3373 15.5074 1.07126
v  10.3373 15.5074 -1.72345
v  9.9712 16.3912 -1.72345
v  9.9712 16.3912 1.07126
v  10.3373 17.2751 1.07126
v  10.3373 17.2751 -1.72345
v  12.1051 17.2751 -1.72345
v  12.1051 17.2751 1.07126
v  12.4712 16.3912 1.07126
v  12.4712 16.3912 -1.72345
v  12.1051 15.5074 -1.72345
v  12.1051 15.5074 1.07126
v  11.2212 17.6412 1.07126
v  11.2212 17.6412 -1.72345
v  11.2212 -15.8022 -1.72345
v  11.2212 -15.8022 1.07126
v  10.3373 -15.4361 1.07126
v  10.3373 -15.4361 -1.72345
v  12.4712 -14.5522 -1.72345
v  12.4712 -14.5522 1.07126
v  12.1051 -15.4361 1.07126
v  12.1051 -15.4361 -1.72345
v  12.1051 -13.6683 -1.72345
v  12.1051 -13.6683 1.07126
v  9.9712 -14.5522 -1.72345
v  9.9712 -14.5522 1.07126
v  10.3373 -13.6683 1.07126
v  10.3373 -13.6683 -1.72345
v  11.2212 -13.3022 1.07126
v  11.2212 -13.3022 -1.72345
v  10.3373 15.1413 -2.08957
v  10.3373 -13.3022 -2.08956
v  12.1051 -13.3022 -3.85733
v  12.1051 15.1412 -3.85734
v  12.4712 15.1412 -2.97345
v  12.4712 -13.3022 -2.97345
v  9.9712 -13.3022 -2.97345
v  9.9712 15.1412 -2.97345
v  10.3373 15.1412 -3.85734
v  10.3373 -13.3022 -3.85733
v  12.1051 15.1412 -2.08957
v  12.1051 -13.3022 -2.08956
v  12.1051 15.4894 -1.83658
v  10.3373 17.1707 -2.38286
v  11.2212 17.5189 -2.49599
v  10.3373 15.4894 -1.83658
v  9.9712 16.3301 -2.10972
v  12.1051 17.1707 -2.38286
v  12.4712 16.3301 -2.10972
v  10.3373 15.4374 -1.93865
v  9.9712 16.1525 -2.45818
v  11.2212 17.1638 -3.19292
v  12.1051 16.8676 -2.97772
v  12.4712 16.1525 -2.45818
v  10.3373 16.8676 -2.97772
v  12.1051 15.4374 -1.93865
v  10.3373 16.3955 -3.4498
v  11.2212 16.6107 -3.746
v  10.3373 15.3564 -2.01965
v  9.9712 15.876 -2.73472
v  12.1051 16.3955 -3.4498
v  12.4712 15.876 -2.73472
v  12.1051 15.3565 -2.01965
v  9.9712 15.5275 -2.91227
v  10.3373 15.8007 -3.7529
v  12.4712 15.5275 -2.91227
v  12.1051 15.2544 -2.07165
v  11.2212 15.9138 -4.1011
v  10.3373 15.2544 -2.07165
v  12.1051 15.8007 -3.7529
v  11.2212 15.1413 -4.22346
v  11.2212 -13.3022 -4.22345
v  12.1051 -13.6504 -1.83659
v  12.4712 -14.491 -2.10972
v  12.1051 -15.3316 -2.38285
v  9.9712 -14.491 -2.10972
v  10.3373 -13.6504 -1.83659
v  11.2212 -15.6798 -2.49599
v  10.3373 -15.3316 -2.38285
v  10.3373 -15.0285 -2.97771
v  9.9712 -14.3134 -2.45818
v  10.3373 -13.5984 -1.93865
v  11.2212 -15.3247 -3.19291
v  12.4712 -14.3134 -2.45818
v  12.1051 -15.0285 -2.97771
v  12.1051 -13.5984 -1.93865
v  12.1051 -13.5174 -2.01964
v  10.3373 -14.5564 -3.4498
v  9.9712 -14.0369 -2.73472
v  10.3373 -13.5174 -2.01964
v  11.2212 -14.7716 -3.74599
v  12.4712 -14.0369 -2.73472
v  12.1051 -14.5564 -3.44979
v  12.4712 -13.6884 -2.91227
v  12.1051 -13.9616 -3.75289
v  12.1051 -13.4153 -2.07165
v  11.2212 -14.0747 -4.10109
v  10.3373 -13.9616 -3.75289
v  9.9712 -13.6884 -2.91227
v  10.3373 -13.4153 -2.07164
v  13.3425 -12.4309 1.07126
v  14.2212 -14.5522 1.07126
v  8.39277 19.2197 1.07126
v  11.2212 20.3912 1.07126
v  11.2212 -11.5522 1.07126
v  7.2212 16.3912 1.07126
v  9.09987 -12.4309 1.07126
v  8.39277 13.5628 1.07126
v  8.2212 -14.5522 1.07126
v  11.2212 12.3912 1.07126
v  9.09987 -16.6735 1.07126
v  14.0496 13.5628 1.07126
v  11.2212 -17.5522 1.07126
v  15.2212 16.3912 1.07126
v  13.3425 -16.6735 1.07126
v  14.0496 19.2197 1.07126
v  -10.3373 15.5074 1.07127
v  -11.2212 15.1412 1.07127
v  -11.2212 15.1412 -1.72344
v  -10.3373 15.5074 -1.72345
v  -10.3373 17.2751 1.07127
v  -9.9712 16.3912 1.07127
v  -9.9712 16.3912 -1.72345
v  -10.3373 17.2751 -1.72345
v  -12.4712 16.3912 1.07127
v  -12.1051 17.2751 1.07127
v  -12.1051 17.2751 -1.72345
v  -12.4712 16.3912 -1.72345
v  -12.1051 15.5074 1.07127
v  -12.1051 15.5074 -1.72345
v  -11.2212 17.6412 1.07127
v  -11.2212 17.6412 -1.72345
v  -10.3373 -15.4361 1.07127
v  -11.2212 -15.8022 1.07127
v  -11.2212 -15.8022 -1.72345
v  -10.3373 -15.4361 -1.72345
v  -12.1051 -15.4361 1.07127
v  -12.4712 -14.5522 1.07127
v  -12.4712 -14.5522 -1.72345
v  -12.1051 -15.4361 -1.72345
v  -12.1051 -13.6683 1.07127
v  -12.1051 -13.6683 -1.72345
v  -10.3373 -13.6683 1.07127
v  -9.9712 -14.5522 1.07127
v  -9.9712 -14.5522 -1.72345
v  -10.3373 -13.6683 -1.72345
v  -11.2212 -13.3022 1.07127
v  -11.2212 -13.3022 -1.72345
v  -10.3373 15.1413 -2.08957
v  -10.3373 -13.3022 -2.08956
v  -12.4712 15.1412 -2.97345
v  -12.1051 15.1412 -3.85734
v  -12.1051 -13.3022 -3.85733
v  -12.4712 -13.3022 -2.97345
v  -10.3373 15.1412 -3.85734
v  -9.9712 15.1412 -2.97345
v  -9.9712 -13.3022 -2.97345
v  -10.3373 -13.3022 -3.85733
v  -12.1051 15.1412 -2.08957
v  -12.1051 -13.3022 -2.08956
v  -12.1051 15.4894 -1.83658
v  -10.3373 17.1707 -2.38286
v  -11.2212 17.5189 -2.49599
v  -10.3373 15.4894 -1.83658
v  -9.9712 16.3301 -2.10972
v  -12.1051 17.1707 -2.38286
v  -12.4712 16.3301 -2.10972
v  -10.3373 15.4374 -1.93864
v  -9.9712 16.1525 -2.45818
v  -11.2212 17.1638 -3.19291
v  -12.1051 16.8676 -2.97771
v  -12.4712 16.1525 -2.45818
v  -10.3373 16.8676 -2.97771
v  -12.1051 15.4374 -1.93864
v  -10.3373 16.3955 -3.4498
v  -11.2212 16.6107 -3.74599
v  -10.3373 15.3564 -2.01964
v  -9.9712 15.876 -2.73472
v  -12.1051 16.3955 -3.4498
v  -12.4712 15.876 -2.73472
v  -12.1051 15.3565 -2.01964
v  -9.9712 15.5275 -2.91227
v  -10.3373 15.8007 -3.7529
v  -12.4712 15.5275 -2.91227
v  -12.1051 15.2544 -2.07165
v  -11.2212 15.9138 -4.1011
v  -10.3373 15.2544 -2.07165
v  -12.1051 15.8007 -3.7529
v  -11.2212 15.1413 -4.22346
v  -11.2212 -13.3022 -4.22345
v  -12.1051 -13.6504 -1.83658
v  -12.4712 -14.491 -2.10972
v  -12.1051 -15.3316 -2.38285
v  -9.9712 -14.491 -2.10972
v  -10.3373 -13.6504 -1.83658
v  -11.2212 -15.6798 -2.49599
v  -10.3373 -15.3316 -2.38285
v  -10.3373 -15.0285 -2.97771
v  -9.9712 -14.3134 -2.45818
v  -10.3373 -13.5984 -1.93864
v  -11.2212 -15.3247 -3.19291
v  -12.4712 -14.3134 -2.45818
v  -12.1051 -15.0285 -2.97771
v  -12.1051 -13.5984 -1.93864
v  -12.1051 -13.5174 -2.01964
v  -10.3373 -14.5564 -3.44979
v  -9.9712 -14.0369 -2.73472
v  -10.3373 -13.5174 -2.01964
v  -11.2212 -14.7716 -3.74599
v  -12.4712 -14.0369 -2.73472
v  -12.1051 -14.5564 -3.44979
v  -12.4712 -13.6884 -2.91227
v  -12.1051 -13.9616 -3.75289
v  -12.1051 -13.4153 -2.07164
v  -11.2212 -14.0747 -4.10109
v  -10.3373 -13.9616 -3.75289
v  -9.9712 -13.6884 -2.91227
v  -10.3373 -13.4153 -2.07164
v  -13.3425 -12.4309 1.07127
v  -14.2212 -14.5522 1.07127
v  -8.39277 19.2197 1.07127
v  -11.2212 20.3912 1.07127
v  -11.2212 -11.5522 1.07127
v  -7.2212 16.3912 1.07127
v  -9.09987 -12.4309 1.07127
v  -8.39277 13.5628 1.07127
v  -8.2212 -14.5522 1.07127
v  -11.2212 12.3912 1.07127
v  -9.09987 -16.6735 1.07127
v  -14.0496 13.5628 1.07127
v  -11.2212 -17.5522 1.07127
v  -15.2212 16.3912 1.07127
v  -13.3425 -16.6735 1.07127
v  -14.0496 19.2197 1.07127
v  2.14074 -1.75206 19.005
v  6.07757e-06 -1.48413 18.9467
v  6.26494e-06 -4.47244 21.0898
v  1.68197 -4.68295 21.1134
v  2.51724 0.653259 15.5509
v  5.78071e-06 0.968317 15.5509
v  2.79701 2.44057 14.3404
v  5.67488e-06 2.79064 14.3404
v  2.96929 3.54119 13.027
v  5.56006e-06 3.91283 13.027
v  6.46432e-06 -11.5811 23.3706
v  2.91351e-06 -15.4283 23.6527
v  0.590635 -11.655 23.3727
v  1.15856 -8.02678 22.5316
v  6.39018e-06 -7.88177 22.5225
v  2.2726 -8.45622 22.5577
v  1.15857 -11.874 23.3789
v  3.2993 -5.30641 21.1796
v  4.19921 -2.54557 19.1639
v  4.93775 -0.279806 15.5509
v  5.48653 1.40381 14.3404
v  5.82447 2.44057 13.027
v  7.9652 -0.279807 14.3404
v  7.1685 -1.79502 16.4012
v  8.45581 0.653256 13.027
v  1.68197 -12.2295 23.3881
v  3.2993 -9.15359 22.5964
v  4.78984 -6.31884 21.2765
v  6.09631 -3.83415 19.3847
v  6.09631 -7.68134 21.3877
v  4.19921 -10.0921 22.6417
v  7.75912 -5.56829 19.6244
v  9.12376 -3.83415 17.1759
v  10.1378 -2.54557 14.3404
v  10.7622 -1.75206 13.027
v  2.14075 -12.7079 23.399
v  12.655 -4.68296 13.027
v  11.9208 -5.30641 14.3404
v  2.51725 -13.2909 23.4098
v  4.93775 -11.2357 22.6865
v  7.1685 -9.34156 21.4958
v  9.12376 -7.68134 19.8465
v  10.7284 -6.31884 17.6859
v  10.1378 -10.0921 20.0234
v  7.96521 -11.2357 21.5852
v  11.9208 -9.1536 18.0377
v  13.2456 -8.45622 15.4053
v  14.0615 -8.02678 13.027
v  2.79702 -13.9561 23.419
v  5.48653 -12.5404 22.7241
v  2.9693 -14.6778 23.4251
v  5.82447 -13.9561 22.7491
v  8.45582 -13.2909 21.6439
v  10.7622 -12.7079 20.1366
v  12.655 -12.2295 18.2473
v  14.0615 -11.874 15.9137
v  14.9276 -11.655 13.027
v  10.9731 -15.4283 20.1756
v  8.62148 -15.4283 21.6643
v  12.9029 -15.4283 18.3171
v  14.337 -15.4283 16.0569
v  15.2201 -15.4283 13.027
v  3.02747 -15.4283 23.4272
v  5.93858 -15.4283 22.7578
v  2.9693 -16.1789 23.4251
v  5.82447 -16.9006 22.7491
v  8.45582 -17.5657 21.6439
v  10.7622 -18.1487 20.1366
v  12.655 -18.6271 18.2473
v  14.0615 -18.9827 15.9137
v  14.9276 -19.2016 13.027
v  11.9208 -21.703 18.0377
v  10.1378 -20.7645 20.0234
v  13.2456 -22.4004 15.4053
v  14.0615 -22.8299 13.027
v  2.79702 -16.9006 23.419
v  5.48653 -18.3163 22.7241
v  7.9652 -19.621 21.5852
v  2.51725 -17.5657 23.4098
v  4.93775 -19.621 22.6865
v  7.1685 -21.5151 21.4958
v  9.12376 -23.1753 19.8465
v  10.7284 -24.5378 17.686
v  11.9208 -25.5502 14.3404
v  12.655 -26.1737 13.027
v  9.12376 -27.0225 17.1759
v  7.75912 -25.2883 19.6244
v  10.1378 -28.3111 14.3404
v  10.7622 -29.1046 13.027
v  2.14074 -18.1487 23.399
v  4.19921 -20.7645 22.6417
v  6.0963 -23.1753 21.3877
v  3.2993 -21.703 22.5964
v  1.68197 -18.6271 23.3881
v  4.78984 -24.5378 21.2765
v  6.0963 -27.0225 19.3847
v  7.16849 -29.0616 16.4012
v  7.9652 -30.5768 14.3404
v  8.45581 -31.5099 13.027
v  5.48653 -32.2604 14.3404
v  4.93775 -30.5768 15.5509
v  5.82446 -33.2972 13.027
v  1.15857 -18.9827 23.3789
v  2.2726 -22.4004 22.5577
v  3.2993 -25.5502 21.1796
v  4.19921 -28.3111 19.1639
v  1.68197 -26.1737 21.1134
v  1.15856 -22.8299 22.5317
v  2.14074 -29.1046 19.005
v  2.51724 -31.5099 15.5509
v  2.79701 -33.2972 14.3404
v  2.96929 -34.3978 13.027
v  0.590634 -19.2016 23.3727
v  4.23413e-06 -34.7695 13.027
v  6.66135e-06 -33.6473 14.3404
v  6.3524e-06 -19.2755 23.3706
v  7.02979e-06 -22.9749 22.5225
v  6.67331e-06 -26.3842 21.0899
v  5.67661e-06 -29.3725 18.9467
v  4.45478e-06 -31.8249 15.5509
v  -1.68196 -26.1737 21.1134
v  -1.15855 -22.8299 22.5317
v  -2.14073 -29.1046 19.005
v  -2.51723 -31.5099 15.5509
v  -2.797 -33.2972 14.3404
v  -2.96928 -34.3978 13.027
v  -0.590622 -19.2016 23.3727
v  -5.82446 -33.2972 13.027
v  -5.48652 -32.2604 14.3404
v  -1.15855 -18.9827 23.3789
v  -2.27259 -22.4004 22.5577
v  -3.29929 -25.5502 21.1796
v  -4.1992 -28.3111 19.1639
v  -4.93773 -30.5768 15.5509
v  -6.09629 -27.0225 19.3847
v  -4.78982 -24.5378 21.2765
v  -7.16848 -29.0616 16.4012
v  -7.96519 -30.5768 14.3404
v  -8.4558 -31.5099 13.027
v  -1.68196 -18.6271 23.3881
v  -3.29929 -21.703 22.5964
v  -2.14073 -18.1487 23.399
v  -4.1992 -20.7645 22.6417
v  -6.09629 -23.1753 21.3877
v  -7.75911 -25.2883 19.6245
v  -9.12374 -27.0225 17.176
v  -10.1378 -28.3111 14.3404
v  -10.7622 -29.1046 13.027
v  -9.12375 -23.1753 19.8465
v  -7.16848 -21.5151 21.4958
v  -10.7284 -24.5378 17.686
v  -11.9208 -25.5502 14.3404
v  -12.655 -26.1737 13.027
v  -2.51723 -17.5657 23.4098
v  -4.93773 -19.621 22.6865
v  -2.797 -16.9006 23.419
v  -5.48652 -18.3163 22.7241
v  -7.96519 -19.621 21.5852
v  -10.1378 -20.7645 20.0234
v  -11.9207 -21.703 18.0377
v  -13.2456 -22.4004 15.4054
v  -14.0615 -22.8298 13.027
v  -12.655 -18.6271 18.2473
v  -10.7622 -18.1487 20.1366
v  -14.0615 -18.9827 15.9137
v  -14.9276 -19.2016 13.027
v  -2.96928 -16.1789 23.4251
v  -5.82445 -16.9006 22.7491
v  -8.4558 -17.5657 21.6439
v  -5.93856 -15.4283 22.7578
v  -3.02745 -15.4283 23.4272
v  -8.62146 -15.4283 21.6643
v  -10.973 -15.4283 20.1756
v  -12.9029 -15.4283 18.3171
v  -14.337 -15.4283 16.0569
v  -15.22 -15.4283 13.027
v  -14.0615 -11.874 15.9137
v  -12.655 -12.2295 18.2473
v  -14.9276 -11.655 13.027
v  -2.96928 -14.6778 23.4251
v  -5.82445 -13.9561 22.7491
v  -8.4558 -13.2909 21.6439
v  -10.7622 -12.7079 20.1366
v  -5.48651 -12.5404 22.7241
v  -2.797 -13.9561 23.419
v  -7.96519 -11.2357 21.5852
v  -10.1378 -10.0921 20.0234
v  -11.9207 -9.1536 18.0377
v  -13.2456 -8.45623 15.4054
v  -14.0615 -8.02678 13.027
v  -11.9208 -5.30641 14.3404
v  -10.7284 -6.31884 17.686
v  -12.655 -4.68296 13.027
v  -2.51723 -13.2909 23.4098
v  -4.93773 -11.2357 22.6865
v  -7.16848 -9.34156 21.4958
v  -9.12374 -7.68134 19.8465
v  -6.09629 -7.68134 21.3877
v  -4.19919 -10.0921 22.6417
v  -7.75911 -5.56829 19.6244
v  -9.12374 -3.83415 17.1759
v  -10.1378 -2.54557 14.3404
v  -10.7622 -1.75207 13.027
v  -2.14073 -12.7079 23.399
v  -8.45579 0.653244 13.027
v  -7.96519 -0.279812 14.3404
v  -1.68196 -12.2295 23.3881
v  -3.29928 -9.1536 22.5964
v  -4.78982 -6.31884 21.2765
v  -6.09629 -3.83415 19.3847
v  -7.16847 -1.79503 16.4012
v  -3.29928 -5.30641 21.1796
v  -2.27258 -8.45623 22.5577
v  -4.19919 -2.54557 19.1639
v  -4.93773 -0.279816 15.5509
v  -5.48652 1.4038 14.3404
v  -5.82445 2.44055 13.027
v  -1.15855 -11.874 23.3789
v  -2.96927 3.54118 13.027
v  -2.797 2.44056 14.3404
v  -0.590621 -11.655 23.3727
v  -1.15855 -8.02679 22.5317
v  -1.68196 -4.68296 21.1134
v  -2.14073 -1.75207 19.005
v  -2.51723 0.653244 15.5509
v  2.57463 17.8174 17.8543
v  1.80157 20.2791 18.1255
v  5.8068e-06 20.3141 18.3942
v  5.93379e-06 17.2595 18.9268
v  6.20863e-06 15.3023 20.0796
v  2.53395 15.304 19.004
v  1.81148 12.6114 20.8651
v  6.57869e-06 12.8688 21.6317
v  6.85498e-06 11.6547 22.7906
v  1.51545 11.3799 22.2234
v  7.08833e-06 10.6553 23.7693
v  1.25835 10.4814 23.3246
v  3.72251 18.1562 16.9815
v  3.25298 20.4417 17.0041
v  5.48959 15.6382 17.4829
v  5.07726 14.494 18.1111
v  4.31047 13.2716 18.8474
v  3.44602 11.7419 20.1133
v  2.50629 10.6925 21.7968
v  2.20888 9.95267 22.9721
v  6.81969 12.7592 18.3102
v  7.35508 13.7578 17.8845
v  6.28178 11.4306 18.6787
v  4.35091 22.7235 18.1145
v  2.60164 23.6484 19.6267
v  5.8448 24.2699 18.0466
v  4.64622 25.9513 19.357
v  6.94639 25.4292 17.633
v  6.68126 27.8544 18.4032
v  10.5291 27.4517 16.8633
v  10.8661 29.7664 17.2654
v  14.1194 27.6192 15.7784
v  14.7296 29.5999 15.8659
v  17.1074 26.8301 15.1996
v  17.6106 28.4948 15.0963
v  19.2923 25.2621 14.7405
v  20.2307 26.7603 14.3675
v  20.8869 23.1219 14.3353
v  22.4937 23.3358 13.4365
v  21.9928 20.1601 14.1802
v  22.8109 20.0169 13.7356
v  6.06593e-06 23.463 19.4811
v  1.71924 26.0725 19.5519
v  6.08615e-06 26.1088 19.5659
v  21.9768 15.519 15.6828
v  23.906 15.2788 14.6304
v  21.3217 13.7014 17.0371
v  22.9684 13.0284 16.9282
v  20.3851 12.499 18.3232
v  21.5771 10.9578 18.7339
v  18.946 11.8895 19.0765
v  19.5437 9.90829 19.7211
v  16.2443 11.5692 19.5647
v  16.4113 9.83393 20.1408
v  13.8245 10.1129 19.8997
v  14.0992 12.14 19.106
v  11.1261 12.7099 18.387
v  11.1407 11.1536 19.2862
v  3.34332 27.8019 19.3406
v  5.84184 30.3627 18.2843
v  10.5257 32.204 16.795
v  15.3536 31.5115 15.0774
v  18.5903 30.2943 14.0338
v  21.7627 28.3812 12.9169
v  22.4088 25.8063 13.1557
v  1.93789 29.9293 18.6517
v  5.90356e-06 30.0767 18.8
v  21.4799 30.954 11.9783
v  20.7207 33.9508 11.0598
v  19.4933 37.3586 10.1771
v  20.2979 37.6737 9.23925
v  18.2111 40.214 9.70518
v  18.7681 41.0022 9.08243
v  17.2575 43.0123 9.10248
v  18.2807 33.1335 13.071
v  17.6784 36.1969 12.0052
v  16.6908 39.4585 10.9536
v  15.4213 42.4555 10.2153
v  14.628 34.3968 14.1055
v  14.2083 37.673 13.0637
v  13.3832 41.024 11.9405
v  12.3858 44.0938 10.7141
v  10.5022 35.0079 15.5412
v  10.2588 38.4564 14.2244
v  9.84838 41.9064 12.6997
v  9.26261 45.0711 10.9488
v  6.05246 34.6126 16.7895
v  6.35587 38.5998 15.0637
v  6.27886 42.2843 13.1656
v  6.00284 45.5925 11.0531
v  2.13864 34.4548 17.2917
v  2.90113 38.652 15.7218
v  3.02096 42.485 13.5543
v  2.7714 45.9775 11.1669
v  5.59054e-06 34.5461 17.4871
v  5.20908e-06 38.833 15.8872
v  4.6847e-06 42.6535 13.6878
v  4.09974e-06 46.1083 11.2342
v  28.4904 9.16563 15.1245
v  27.1603 11.5186 15.0389
v  26.6499 8.91928 17.0082
v  27.7639 7.07878 16.4422
v  24.0941 6.4956 18.9999
v  24.772 4.34378 18.246
v  21.0771 5.08305 19.9982
v  21.3131 2.61642 19.3032
v  16.516 5.04024 20.2565
v  15.975 2.53906 19.7038
v  12.2447 3.53361 19.6168
v  13.2626 6.05577 19.9728
v  10.116 8.5571 19.5173
v  9.15171 7.05561 19.2959
v  25.7672 12.9635 15.1151
v  25.0529 10.8378 17.183
v  23.0187 8.78271 18.9641
v  20.5345 7.71659 19.9748
v  16.7888 7.74115 20.4072
v  13.7285 8.27956 20.1354
v  11.0035 10.0931 19.6066
v  5.08544 10.39 19.4678
v  7.20707 10.0008 18.8507
v  7.63527 13.0035 14.2072
v  11.5277 11.4401 13.5899
v  14.5676 12.2325 13.7559
v  17.6678 12.497 13.5345
v  20.6284 14.9315 15.229
v  4.95747 17.3448 12.9332
v  9.03667 17.2626 11.2514
v  12.2857 17.1899 10.8385
v  15.8846 17.6516 10.8508
v  19.7656 19.8608 12.062
v  4.96606 22.5837 14.0824
v  6.71895 24.3166 13.2418
v  9.72667 26.0164 13.2263
v  12.4832 26.1242 13.0152
v  16.1864 24.9676 13.5673
v  8.12737 8.34498 19.1216
v  4.46816 9.35938 20.1773
v  3.38429 8.82727 21.7929
v  4.25638 5.74192 22.2891
v  5.28165 5.97511 21.6245
v  4.45788 7.28154 21.5186
v  3.76746 6.92642 22.5883
v  5.45656 7.79521 20.1302
v  6.33942 8.89565 19.4314
v  7.52397 7.32157 19.5631
v  8.48196 6.02469 19.6886
v  6.76471 6.31239 20.0677
v  8.13604 4.36709 20.2467
v  2.76276 8.40191 23.0533
v  1.95256 9.18146 23.366
v  1.19489 9.52222 23.6595
v  7.16285e-06 9.96444 24.0819
v  0.803942 1.18908 23.4295
v  7.02979e-06 1.0846 23.5238
v  7.2343e-06 -0.951368 24.3815
v  1.64984 0.100764 23.6953
v  2.32515 2.18761 22.926
v  3.25972 1.44208 22.8495
v  4.32387 4.6734 22.2805
v  5.6469 4.21206 21.9702
v  7.67322 3.74275 20.6609
v  6.86072 2.93218 21.1908
v  16.2323 0.3709 18.8507
v  20.9452 -0.254685 17.8376
v  25.1299 2.18169 16.7557
v  28.2823 5.22266 15.0181
v  29.1274 7.72631 14.1053
v  13.4681 1.98571 19.7456
v  14.4202 0.489709 19.4148
v  6.89095e-06 1.60278 22.9415
v  0.724015 1.80283 22.7661
v  2.21197 2.62109 22.6619
v  3.93318 4.81641 21.9768
v  3.79201 5.65359 21.9685
v  3.36407 6.75041 22.3846
v  2.4674 8.24022 22.8977
v  1.82632 8.87558 23.1594
v  1.01453 9.23941 23.588
v  1.80715 7.49089 20.8032
v  1.30355 8.07199 20.9627
v  2.62675 6.28977 20.5886
v  2.98185 5.51012 20.3481
v  3.16063 4.8659 20.2135
v  1.59905 3.01851 21.9196
v  0.70645 2.60235 21.808
v  6.62606e-06 2.502 21.8304
v  0.516881 9.1385 23.9565
v  0.937927 8.51037 21.7563
v  7.16387e-06 8.65054 24.0862
v  0.37571 8.55625 23.8247
v  6.9292e-06 7.19101 23.1019
v  0.350151 7.1991 22.9081
v  6.63494e-06 5.95715 21.8676
v  0.279271 6.06945 21.6807
v  0.689724 8.32482 21.6436
v  0.603275 7.91731 21.0737
v  0.601722 7.19244 20.4818
v  0.527363 6.0837 20.5941
v  6.43552e-06 5.56939 21.0312
v  8.75988 -16.5044 23.5103
v  9.55661 -16.4183 23.0352
v  9.32681 -15.4322 23.6946
v  11.0318 -15.0433 21.4122
v  11.492 -13.7665 21.8372
v  12.0606 -13.6335 19.9078
v  12.3378 -12.397 20.4766
v  12.2203 -13.0325 19.4832
v  12.3344 -12.5993 19.3745
v  12.7111 -11.9707 18.9011
v  12.5882 -11.5654 20.5486
v  13.305 -11.4101 18.0871
v  12.9916 -10.7017 20.0728
v  13.8213 -10.7314 17.6371
v  13.4152 -9.81569 19.5567
v  13.9778 -9.99287 17.5425
v  13.5783 -9.1023 18.5913
v  11.6925 -12.3578 22.2592
v  12.2457 -10.4248 21.8929
v  12.1851 -9.27863 21.7667
v  12.1526 -8.11657 21.1983
v  13.0265 -8.65348 20.3246
v  12.9342 -8.03956 19.8146
v  11.4205 -6.85127 20.4765
v  9.12742 -13.3339 23.5356
v  10.8858 -10.5775 22.7716
v  10.7151 -9.43536 22.6197
v  10.4 -8.59017 22.4192
v  10.7745 -6.7509 20.8045
v  8.47845 -16.0575 23.4955
v  8.56336 -13.5603 23.3344
v  8.93606 -11.4228 23.1394
v  7.94907 -11.6746 23.1167
v  9.49798 -10.0108 22.8195
v  8.70435 -10.2082 23.0011
v  9.08054 -8.59528 22.3588
v  9.60295 -7.38554 21.4079
v  8.89189 -7.81393 21.9481
v  10.237 -6.92494 21.1748
v  7.58319 -11.2824 25.0427
v  7.53267 -10.3693 25.5117
v  7.12532 -11.0458 25.753
v  7.19188 -11.7878 25.3546
v  6.43224 -12.299 25.855
v  6.42874 -11.8589 26.0228
v  7.60267 -11.9254 24.1716
v  7.2248 -12.2723 24.8225
v  6.43535 -12.69 25.7059
v  6.11536 -12.6904 25.9556
v  6.2218 -12.3707 25.9821
v  6.129 -12.1346 26.0768
v  8.20353 -10.8225 23.9817
v  8.69056 -9.83433 23.7144
v  9.04565 -8.29148 23.2059
v  8.56 -7.32196 22.3086
v  8.07792 -10.2242 24.834
v  8.55044 -9.30032 24.5165
v  8.81268 -8.08371 23.9125
v  8.09861 -9.07402 25.1628
v  8.47515 -7.85541 24.5278
v  8.61029 -7.52529 23.1599
v  8.31467 -6.85968 22.9371
v  8.41599 -7.28229 23.6598
v  5.78944 -12.4022 26.1214
v  7.41822 -6.7121 23.6603
v  7.73075 -7.20586 24.3156
v  7.7497 -7.78148 24.8552
v  6.50664 -6.94197 24.2875
v  6.9208 -7.43449 24.7128
v  5.93957 -11.2351 26.0764
v  5.53699 -11.6791 26.0406
v  5.76566 -10.9156 26.043
v  5.31503 -11.1965 25.6684
v  7.43233 -8.90912 25.3748
v  7.01399 -9.95695 25.6892
v  6.6751 -10.4044 25.854
v  6.23298 -10.9523 26.0697
v  5.68669 -10.5577 25.9492
v  5.49736 -10.5308 25.8601
v  5.90588 -10.6127 25.973
v  6.068 -10.2765 25.909
v  6.35935 -9.69699 25.7247
v  6.69377 -8.73927 25.3973
v  6.92235 -7.77004 24.9485
v  5.70358 -10.35 25.9197
v  5.80089 -10.1793 25.8861
v  5.95881 -9.62269 25.716
v  6.16941 -8.53333 25.2543
v  6.4266 -7.56069 24.7696
v  6.11319 -7.21766 24.5441
v  6.19023 -7.53223 24.6965
v  5.4356 -10.2706 25.8462
v  5.45081 -10.0844 25.8195
v  5.51376 -9.53842 25.638
v  5.709 -8.57937 25.1723
v  5.98981 -7.71111 24.7451
v  5.70045 -7.73057 24.7339
v  3.3604 -6.70917 25.3343
v  3.06928 -7.44805 25.8618
v  2.93801 -7.80046 26.1694
v  3.34373 -7.48956 25.9504
v  2.94724 -8.6493 26.5748
v  3.33949 -8.49517 26.4449
v  2.91765 -9.33887 26.8287
v  3.28952 -9.33001 26.789
v  2.96528 -10.1112 26.8206
v  3.33027 -10.1237 26.9399
v  3.12181 -10.4697 26.8774
v  3.40884 -10.8137 26.8682
v  3.22968 -10.8725 26.8576
v  3.49536 -11.4425 26.6986
v  3.80404 -6.40435 24.9561
v  3.80664 -7.30518 25.7578
v  3.77164 -8.43522 26.3255
v  3.70052 -9.34767 26.7028
v  3.71781 -10.184 26.8856
v  3.77205 -10.9494 26.8238
v  3.83268 -11.7088 26.5606
v  4.38843 -6.32022 24.8784
v  4.35536 -7.34643 25.5643
v  4.29993 -8.47977 26.1763
v  4.21211 -9.40834 26.5897
v  4.21229 -10.1894 26.7434
v  4.24662 -10.9456 26.6607
v  4.28342 -11.8007 26.267
v  4.88916 -6.4352 24.8035
v  4.86995 -7.50593 25.328
v  4.80918 -8.65635 25.8986
v  4.74301 -9.5253 26.27
v  4.75133 -10.1792 26.4074
v  4.78792 -10.839 26.3937
v  4.70961 -11.7134 26.0855
v  5.37443 -6.83053 24.6815
v  5.30612 -7.93559 25.1574
v  5.20198 -8.96509 25.7262
v  5.10992 -9.70369 26.0514
v  5.08401 -10.1923 26.1799
v  5.08138 -10.7155 26.1884
v  5.00439 -11.5135 25.9373
v  2.68811 -9.55641 27.0595
v  2.78299 -10.7726 27.1803
v  2.24091 -9.74025 27.3293
v  2.38608 -11.2715 27.386
v  1.43959 -9.80626 27.5566
v  1.51216 -11.4486 27.6735
v  0.531931 -9.79196 27.537
v  0.468844 -11.4194 27.6746
v  0.179293 -11.3197 27.661
v  0.232852 -9.76876 27.4934
v  7.96632e-06 -9.74623 27.4519
v  7.97146e-06 -11.2278 27.4734
v  2.67904 -8.53115 26.7373
v  2.16491 -8.53691 27.0384
v  1.37524 -8.55382 27.2941
v  0.581107 -8.54698 27.274
v  0.265937 -8.60418 27.2306
v  7.89314e-06 -8.61875 27.1449
v  2.6958 -7.43095 26.3173
v  2.1654 -7.28749 26.6954
v  1.33219 -7.20907 26.9326
v  0.580079 -7.2221 26.888
v  0.308144 -7.36089 26.8817
v  7.81327e-06 -7.48104 26.8099
v  1.29512 -6.21137 26.436
v  1.19423 -5.79137 25.9265
v  0.480661 -5.8125 26.1303
v  0.536808 -6.2167 26.5007
v  0.285032 -6.34172 26.5064
v  7.75171e-06 -6.74594 26.5484
v  0.175795 -6.02825 26.2321
v  7.6791e-06 -6.19066 26.2472
v  2.13158 -6.38916 26.2548
v  2.03932 -6.09601 25.7173
v  2.62814 -6.63597 25.9704
v  2.62644 -6.52318 25.7821
v  2.83878 -7.20919 26.0142
v  14.8426 -8.10053 18.2415
v  14.3661 -6.58307 19.102
v  15.0638 -9.10945 17.082
v  15.7501 -5.34437 18.3402
v  15.9664 -7.31522 17.7594
v  17.3587 -7.67812 16.4033
v  13.7622 -3.71218 19.6664
v  12.6013 -5.27727 20.0935
v  9.0513 -6.77287 22.0091
v  11.1591 -5.10764 20.7384
v  10.3158 -5.45003 21.2188
v  8.67783 -5.56588 22.5527
v  11.4634 -3.65554 20.8011
v  10.2098 -4.86715 21.325
v  13.1378 -0.591082 20.012
v  10.1626 -2.96534 21.8607
v  12.2988 0.743653 20.3994
v  10.4402 1.15443 20.9655
v  8.85548 -2.51707 22.3248
v  7.493 -5.86892 23.5118
v  6.48082 -5.6807 24.074
v  5.87785 -6.6276 24.6083
v  3.26649 -5.97616 25.348
v  2.97008 -6.4529 25.7505
v  3.76545 -5.79216 25.0799
v  4.36943 -5.63277 24.9481
v  5.10643 -6.00006 24.7908
v  2.69747 -5.97327 25.6037
v  2.08563 -5.44317 25.7093
v  1.22587 -5.17436 25.9827
v  0.488421 -5.13748 26.1535
v  0.209199 -5.14637 26.1933
v  7.67654e-06 -5.12798 26.2364
v  5.65705 -5.67682 24.5143
v  2.96191 -5.98129 25.5117
v  5.07562 -5.53977 24.7366
v  7.79938 -4.30147 22.8188
v  8.93533 3.02352 20.554
v  10.0353 2.74479 20.3888
v  7.99905 1.86849 21.3812
v  9.12632 1.18758 21.3782
v  5.5515 2.16405 21.8432
v  2.42064 -5.25176 25.5373
v  3.0219 -5.27944 25.2325
v  3.89855 -5.1094 24.9244
v  4.82543 -5.13383 24.6563
v  5.71249 -5.26002 24.291
v  1.55083 -4.62576 25.7786
v  2.56212 -4.37536 25.2769
v  3.81011 -4.09073 24.5544
v  5.35364 -3.78923 23.7982
v  6.6559 -3.80881 23.3025
v  0.938992 -4.41217 25.9169
v  2.3127 -3.73813 25.2514
v  3.78722 -3.19764 24.3584
v  5.42738 -2.75521 23.5809
v  7.0744 -2.26745 22.9286
v  0.670036 -4.09904 25.8963
v  1.73067 -2.90537 25.1919
v  3.53973 -2.08422 24.2025
v  5.43353 -1.33012 23.251
v  7.577 -0.327057 22.3089
v  7.59363e-06 -3.96819 25.8887
v  1.73517 -1.86562 24.6871
v  3.5065 -1.23425 23.8967
v  5.43293 -0.478229 22.9768
v  7.32089 0.261198 22.1884
v  1.76361 -0.915106 24.1972
v  3.45423 -0.121947 23.4248
v  5.31808 0.670733 22.559
v  6.81018 1.27298 21.9253
v  7.34483e-06 -1.69451 24.8451
v  7.44948e-06 -2.55645 25.2841
v  7.52966e-06 -3.0796 25.6204
v  7.72897 -12.291 22.6363
v  8.34837 -13.7038 22.8161
v  8.38906 -15.9796 23.1819
v  8.65332 -16.4932 23.2523
v  9.42775 -16.3983 22.7061
v  10.6798 -15.1138 21.1488
v  11.701 -13.7949 19.8066
v  11.9389 -13.24 19.2992
v  10.8452 -13.9763 19.7853
v  11.1583 -13.671 19.2939
v  10.0929 -14.7684 20.659
v  10.1904 -13.9035 19.7232
v  10.6798 -13.6791 19.3092
v  9.80393 -14.2198 20.1489
v  9.21202 -16.0574 22.2133
v  5.34077 -11.202 25.4781
v  5.57674 -11.7495 25.4797
v  5.77058 -12.3606 25.4821
v  5.88104 -12.5428 25.4533
v  6.01268 -12.6046 25.3118
v  6.57144 -12.4384 24.6592
v  6.88401 -12.0364 24.0468
v  7.07373 -11.7795 23.4956
v  4.89446 -11.3843 25.3562
v  4.43127 -11.6067 25.4576
v  3.98425 -11.7481 25.8771
v  3.76275 -11.7158 26.1312
v  3.42809 -11.4599 26.3338
v  3.12312 -10.912 26.451
v  2.99211 -10.632 26.3602
v  2.76939 -10.3282 26.2821
v  2.4935 -10.8259 26.6745
v  2.18956 -11.1124 26.85
v  1.52121 -11.3141 27.0541
v  0.590985 -11.3453 27.1218
v  0.167286 -11.4437 27.3191
v  7.90801e-06 -11.3738 27.2073
v  7.84296e-06 -11.2195 26.9345
v  7.64068e-06 -10.2262 26.0861
v  0.478564 -10.1225 26.0625
v  1.2725 -9.88127 26.0391
v  1.95427 -9.94808 25.9291
v  2.33183 -10.087 25.9661
v  2.64575 -10.2523 26.0807
v  2.87992 -10.4006 26.0366
v  3.01983 -10.4491 25.8915
v  3.18185 -10.4604 25.7324
v  3.47358 -10.4572 25.4988
v  3.73113 -10.3982 25.2282
v  4.32166 -10.8352 24.918
v  4.83613 -10.9315 24.9481
v  5.34911 -11.0555 25.2605
v  5.54262 -11.2741 25.0932
v  5.76782 -11.3735 24.8108
v  5.92164 -11.4539 24.6788
v  6.05609 -11.5064 24.5215
v  6.23866 -11.562 24.3032
v  6.55674 -11.6736 23.9438
v  6.793 -11.6931 23.5688
v  8.03968 -12.7479 22.047
v  8.54916 -13.2199 21.9036
v  8.80486 -13.65 21.7779
v  9.14406 -14.1166 21.3758
v  9.54506 -14.4525 20.8581
v  11.9896 -13.2572 18.9936
v  12.5336 -12.6907 19.1669
v  12.5086 -13.1617 18.5032
v  12.8531 -12.4258 18.7472
v  12.9771 -13.0415 17.8796
v  13.313 -12.0063 18.1374
v  13.3961 -13.0545 17.2268
v  13.9312 -11.9028 17.5584
v  13.6879 -13.2526 16.7483
v  14.6556 -11.97 16.9473
v  13.9548 -13.5798 16.3598
v  15.4197 -12.3485 16.2225
v  14.2808 -14.1202 15.9532
v  15.6734 -12.9344 15.6665
v  14.7985 -10.6827 16.8723
v  15.9519 -11.1931 16.0716
v  16.2654 -11.7389 15.5945
v  9.28997 -19.3077 24.5282
v  8.79948 -18.5634 24.5421
v  8.57779 -18.6576 24.9113
v  9.15399 -19.4462 24.8609
v  9.96188 -21.3519 24.8163
v  10.291 -21.2809 24.2937
v  10.792 -21.3398 22.6906
v  11.6089 -22.5192 21.7799
v  11.6169 -22.0646 20.8422
v  10.8031 -21.1704 21.8623
v  12.3411 -23.3837 20.8802
v  12.2711 -22.684 19.8824
v  7.63858 -21.5226 24.2737
v  8.58926 -21.4262 24.6684
v  8.22658 -19.7913 24.7541
v  7.49273 -19.9117 24.4536
v  7.79586 -23.6184 24.1566
v  9.22484 -23.558 24.6487
v  7.4393 -19.4506 24.4979
v  8.07998 -19.2834 24.7684
v  7.97563 -18.8805 24.769
v  7.44174 -19.0116 24.533
v  7.35015 -18.0984 24.6096
v  7.07667 -18.4372 24.435
v  6.89756 -19.0516 23.4973
v  6.77262 -19.6924 23.2825
v  6.97181 -19.1774 24.2678
v  6.65624 -21.6507 22.8467
v  6.90383 -21.5816 23.9165
v  6.95147 -19.8485 24.1981
v  6.75068 -20.129 23.2389
v  6.18349 -23.1916 22.4378
v  6.93142 -23.6098 23.8948
v  5.73074 -24.5535 22.6331
v  6.99584 -25.175 23.7816
v  7.98107 -25.5308 23.9512
v  9.71561 -25.7375 24.2847
v  7.86314 -17.7733 24.7167
v  10.7683 -23.5107 24.8356
v  11.4414 -25.4776 24.348
v  11.397 -23.3207 23.7196
v  12.0009 -24.5508 23.2373
v  12.2427 -24.1334 22.119
v  11.5609 -22.9916 22.816
v  10.5875 -21.321 23.6504
v  9.66384 -19.3745 23.5294
v  9.46802 -19.3355 24.0626
v  9.20449 -18.6873 23.777
v  9.0321 -18.6208 24.0509
v  12.7049 -25.65 22.2926
v  12.8444 -24.7537 21.2267
v  12.9999 -23.8697 20.0092
v  12.6823 -22.9806 19.1844
v  9.75425 -19.4506 22.7312
v  9.41059 -18.8571 23.0394
v  12.07 -26.6998 23.5259
v  13.907 -27.1317 20.537
v  14.7031 -26.6614 19.3876
v  14.7427 -25.5599 18.9424
v  14.1234 -25.8945 19.9172
v  14.6293 -24.4989 18.3508
v  14.1264 -24.7527 19.2413
v  13.9986 -23.6218 17.8552
v  13.7363 -23.7473 18.5665
v  13.1123 -23.1414 17.7204
v  13.0183 -23.1128 18.1905
v  13.0192 -27.0223 22.0345
v  13.3662 -25.9074 21.0616
v  13.4637 -24.8341 20.2025
v  13.3893 -23.8235 19.2934
v  12.8708 -23.0542 18.626
v  11.8364 -27.5145 23.0763
v  11.0717 -27.4669 23.4738
v  12.7689 -27.5761 22.0245
v  13.8025 -27.5643 20.6346
v  14.3425 -27.835 19.8398
v  6.41096 -26.585 23.456
v  7.84883 -26.9889 23.5017
v  9.92573 -27.2593 23.6654
v  13.6968 -28.883 20.3915
v  12.664 -29.6202 21.0382
v  11.3765 -29.851 21.6401
v  9.92318 -29.6782 22.2487
v  7.96768 -29.1098 22.5826
v  5.87271 -28.0217 23.1514
v  5.81662 -25.0964 23.019
v  6.38641 -25.4583 23.4745
v  5.86111 -26.5264 23.2413
v  6.16554 -26.3414 23.4065
v  5.14896 -26.5724 23.6353
v  5.17365 -28.4809 23.5123
v  4.5134 -26.5731 23.9693
v  4.60322 -28.9414 23.8762
v  3.95423 -26.7647 24.2259
v  4.03589 -29.2192 24.1346
v  3.33388 -27.0164 24.3292
v  3.24761 -29.1853 24.3204
v  2.7445 -27.1505 24.3125
v  2.67094 -28.8981 24.4064
v  5.09797 -24.4048 23.3352
v  4.41995 -24.2852 23.6338
v  3.88508 -24.3745 23.7808
v  3.22353 -24.552 23.8161
v  2.66924 -24.7361 23.7703
v  4.98692 -23.5694 22.8972
v  4.28469 -22.8399 23.0664
v  3.67072 -22.5557 23.1936
v  3.05981 -23.0673 23.3262
v  2.61768 -23.7168 23.3709
v  2.34194 -29.1866 24.5411
v  2.20998 -27.0621 24.6536
v  1.76552 -26.8476 24.8986
v  2.00223 -29.3182 24.647
v  1.39566 -26.9511 25.0522
v  1.51402 -29.5254 24.7623
v  1.01101 -26.9511 25.09
v  1.05539 -29.5402 24.8262
v  0.630467 -27.0739 25.0899
v  0.71808 -29.4484 24.8658
v  0.283845 -27.0706 25.0488
v  0.31094 -29.2249 24.9092
v  7.37797e-06 -27.201 24.9842
v  7.3652e-06 -29.0829 24.9306
v  2.15848 -25.2865 24.3079
v  1.63606 -25.2154 24.5824
v  1.31305 -25.2875 24.6788
v  1.01629 -25.2965 24.6815
v  0.586481 -25.3509 24.664
v  0.285435 -25.3699 24.6221
v  7.27068e-06 -25.3724 24.5341
v  2.06566 -23.1137 23.3996
v  1.45391 -22.6994 23.3654
v  1.02763 -22.4994 23.2812
v  0.686506 -22.7201 23.4081
v  0.397441 -23.2268 23.5731
v  0.224024 -23.797 23.7729
v  7.15507e-06 -24.4342 24.0493
v  3.04106 -23.1525 22.8169
v  3.64348 -22.7884 22.6496
v  2.51922 -23.6059 23.1501
v  4.06562 -22.9254 22.5631
v  4.75011 -23.5782 22.4741
v  5.58812 -24.525 22.1874
v  2.03073 -23.1671 23.1977
v  0.999165 -22.5347 23.1758
v  1.53575 -22.7635 23.1621
v  0.666846 -22.7729 23.2584
v  0.404697 -23.3203 23.3738
v  0.254895 -23.7848 23.4808
v  7.06309e-06 -24.2656 23.6634
v  8.40939 -17.8291 24.0745
v  8.08043 -17.6888 24.3903
v  8.92857 -18.2217 23.4158
v  8.64583 -17.9843 23.7058
v  0.298421 -24.0296 23.2172
v  6.99604e-06 -24.4661 23.3822
v  0.299213 -24.3881 23.0225
v  6.929e-06 -24.6666 23.101
v  0.512637 -23.5693 23.0759
v  0.711424 -23.1211 22.9919
v  0.941328 -22.9708 22.9128
v  1.37247 -23.0067 22.883
v  1.90016 -23.3147 22.9093
v  2.47923 -23.7255 22.9027
v  3.0276 -23.3156 22.5304
v  3.55674 -23.1814 22.3194
v  3.97051 -23.3463 22.2065
v  4.62109 -23.8625 22.1016
v  5.5462 -24.7504 21.8253
v  3.02806 -23.8079 22.2315
v  2.48113 -23.9233 22.6883
v  3.30503 -23.8155 22.0497
v  3.70149 -23.9613 21.9042
v  4.64404 -24.2282 21.8017
v  5.50428 -24.9758 21.4632
v  10.623 -22.5213 19.3041
v  9.87558 -22.5062 19.3461
v  9.78333 -22.1839 20.024
v  10.3907 -22.0298 20.1908
v  10.8706 -22.6074 18.0179
v  9.85981 -22.4221 18.8069
v  11.1165 -22.0448 20.4337
v  11.3817 -22.5356 19.5261
v  11.6335 -22.8102 18.8585
v  12.1184 -22.8678 17.4414
v  10.3592 -21.1069 21.4682
v  9.71737 -21.1692 21.2365
v  8.96247 -21.3452 21.1979
v  9.34133 -19.4304 22.3853
v  8.82319 -19.4838 22.3095
v  8.17787 -19.4364 22.4057
v  7.872 -18.8486 22.8276
v  8.33549 -18.7061 22.874
v  7.71812 -18.2609 23.4874
v  8.09762 -18.2533 23.3549
v  7.87383 -17.8849 23.9694
v  8.21259 -17.938 23.771
v  8.72665 -18.6959 22.9017
v  8.40863 -18.2245 23.3622
v  8.46256 -18.0572 23.5726
v  7.60806 -17.9227 24.2543
v  7.26506 -18.6529 23.4005
v  7.29247 -19.2483 22.9418
v  7.41679 -19.8291 22.6562
v  7.63198 -21.5958 21.9796
v  6.17463 -23.3927 21.9575
v  6.10714 -23.5605 21.2489
v  6.04724 -23.7276 20.8436
v  5.47162 -25.2178 21.1321
v  6.08837 -24.2687 20.2857
v  6.51909 -23.5265 20.5857
v  6.39617 -24.0509 20.1543
v  7.00959 -23.949 19.628
v  7.22685 -23.3847 20.1689
v  7.72663 -23.3579 19.9655
v  7.76385 -23.6737 19.293
v  8.88451 -22.9703 19.7689
v  8.9189 -22.9751 19.3359
v  6.55758 -23.1176 21.1164
v  7.26785 -22.8692 20.8409
v  7.70453 -22.6596 20.8295
v  8.55793 -22.3678 20.6596
v  8.33637 -21.9348 21.1478
v  7.66501 -22.1298 21.5224
v  6.82922 -22.3402 22.2174
v  6.56136 -22.8482 21.8856
v  6.5637 -22.7325 22.1521
v  7.12935 -22.4823 21.5934
v  4.57243 -24.5749 21.5441
v  3.63928 -24.5628 21.5767
v  3.25008 -24.3978 21.6783
v  2.83628 -24.3555 21.7971
v  2.32869 -24.2648 22.1558
v  1.61255 -24.2364 22.2654
v  1.80351 -23.6487 22.6051
v  1.25413 -24.3618 22.3884
v  1.3446 -23.5156 22.6566
v  0.902829 -24.5296 22.4889
v  0.971594 -23.601 22.7413
v  0.717516 -24.6124 22.5605
v  0.751437 -23.7494 22.8407
v  0.520291 -24.763 22.639
v  0.552936 -24.034 22.9381
v  0.326345 -24.8875 22.6838
v  6.83801e-06 -24.9893 22.7194
v  7.38985e-06 -30.4333 25.034
v  1.02494 -30.8615 25.1061
v  7.2762e-06 -32.274 24.5573
v  1.14921 -32.3528 24.6052
v  7.07762e-06 -33.9114 23.7244
v  1.2217 -33.8214 23.798
v  1.75282 -30.7372 25.0846
v  1.93035 -32.264 24.6394
v  2.07238 -33.7376 23.8049
v  2.43164 -30.2455 25.0483
v  2.76476 -32.2463 24.5376
v  2.92454 -33.56 23.7586
v  2.94992 -30.1478 24.967
v  3.41382 -32.1831 24.3095
v  3.62533 -33.4522 23.6855
v  3.9413 -30.2787 24.7046
v  4.13892 -31.9364 24.3248
v  4.38031 -33.276 23.6523
v  4.92372 -30.3099 24.5187
v  5.19696 -31.5717 24.2855
v  5.28005 -32.6688 23.6651
v  5.72718 -29.9019 24.1898
v  6.27612 -29.5918 23.9187
v  7.86201 -30.0551 23.3592
v  10.0117 -30.6151 22.7
v  11.5518 -30.9523 21.9332
v  13.3395 -30.7467 21.063
v  14.682 -29.7086 20.1064
v  15.9082 -28.073 19.1858
v  16.3611 -26.434 18.5314
v  16.5048 -24.9529 18.1479
v  16.1412 -23.7828 17.7212
v  15.0057 -22.8637 17.1272
v  13.7392 -22.4941 17.0702
v  12.7872 -22.0732 17.0769
v  5.91917 -30.9304 24.217
v  6.48159 -30.5214 23.9289
v  6.14925 -31.953 23.6759
v  7.50294 -31.5192 23.4043
v  14.738 -22.0757 16.5056
v  13.8097 -21.7271 16.4077
v  15.9807 -22.6552 16.6764
v  16.8759 -23.6803 17.1533
v  17.2652 -24.9829 17.4764
v  17.1604 -26.8345 17.695
v  16.5265 -28.7065 18.359
v  15.1867 -31.0577 19.3752
v  13.6737 -32.5809 20.4541
v  12.2163 -33.7427 21.5833
v  9.68387 -32.538 22.6908
v  9.35828 -34.4415 23.1485
v  8.03668 -35.2439 23.5141
v  6.46772 -36.0228 23.6987
v  5.20495 -36.2393 23.7677
v  4.10546 -36.2935 23.8198
v  2.93185 -36.4178 23.8968
v  1.60566 -36.4571 23.9911
v  7.15892e-06 -36.5409 24.0654
v  14.4688 -15.135 15.5677
v  14.4853 -16.1779 15.3411
v  14.4521 -16.9365 15.2598
v  14.3468 -17.7104 15.3859
v  14.2262 -18.4216 15.5609
v  14.0992 -19.2594 15.6679
v  14.4097 -21.3527 16.0929
v  14.38 -21.0118 16.0156
v  14.3265 -20.4343 15.8172
v  14.1785 -19.8118 15.6994
v  13.2348 -20.7087 16.4024
v  12.8216 -21.2729 16.7946
v  13.8587 -21.4024 16.3349
v  13.7961 -19.8602 15.9005
v  12.3706 -21.8485 17.2738
v  -1.80156 20.2791 18.1255
v  -2.57462 17.8174 17.8543
v  -2.53394 15.304 19.004
v  -1.81146 12.6114 20.8651
v  -1.51543 11.3799 22.2234
v  -1.25833 10.4814 23.3246
v  -3.25297 20.4417 17.0041
v  -3.7225 18.1562 16.9815
v  -5.48958 15.6382 17.4829
v  -5.07725 14.494 18.1111
v  -4.31046 13.2716 18.8474
v  -3.44601 11.7419 20.1133
v  -2.50627 10.6925 21.7968
v  -2.20886 9.95267 22.9721
v  -6.81968 12.7592 18.3102
v  -7.35507 13.7578 17.8845
v  -6.28177 11.4306 18.6787
v  -2.60163 23.6484 19.6267
v  -4.3509 22.7235 18.1145
v  -4.64621 25.9513 19.357
v  -5.84479 24.2699 18.0466
v  -6.68124 27.8544 18.4032
v  -6.94638 25.4292 17.633
v  -10.8661 29.7664 17.2654
v  -10.529 27.4517 16.8633
v  -14.7296 29.5999 15.8659
v  -14.1194 27.6192 15.7784
v  -17.6106 28.4948 15.0963
v  -17.1074 26.8301 15.1996
v  -20.2307 26.7603 14.3675
v  -19.2923 25.2621 14.7405
v  -22.4937 23.3358 13.4365
v  -20.8869 23.1219 14.3353
v  -22.8108 20.0169 13.7356
v  -21.9928 20.1601 14.1802
v  -1.71923 26.0725 19.5519
v  -23.906 15.2788 14.6304
v  -21.9768 15.519 15.6828
v  -21.3217 13.7014 17.0371
v  -22.9684 13.0284 16.9282
v  -20.3851 12.499 18.3232
v  -21.5771 10.9578 18.7339
v  -18.946 11.8895 19.0765
v  -19.5437 9.90829 19.7211
v  -16.2443 11.5692 19.5647
v  -16.4113 9.83393 20.1408
v  -11.1261 12.7099 18.387
v  -14.0992 12.14 19.106
v  -13.8245 10.1129 19.8997
v  -11.1406 11.1536 19.2862
v  -3.34331 27.8019 19.3406
v  -5.84183 30.3627 18.2843
v  -10.5257 32.204 16.795
v  -15.3536 31.5115 15.0774
v  -18.5903 30.2943 14.0338
v  -21.7627 28.3812 12.9169
v  -22.4088 25.8063 13.1557
v  -1.93788 29.9293 18.6517
v  -21.4799 30.954 11.9783
v  -20.7207 33.9508 11.0599
v  -19.4933 37.3586 10.1772
v  -20.2979 37.6737 9.23926
v  -18.2111 40.214 9.70519
v  -18.768 41.0022 9.08244
v  -17.2575 43.0123 9.10249
v  -18.2807 33.1335 13.071
v  -17.6784 36.1969 12.0052
v  -16.6907 39.4585 10.9536
v  -15.4213 42.4555 10.2153
v  -14.628 34.3968 14.1055
v  -14.2083 37.673 13.0637
v  -13.3832 41.024 11.9405
v  -12.3858 44.0938 10.7141
v  -10.5022 35.0079 15.5412
v  -10.2588 38.4564 14.2244
v  -9.84837 41.9064 12.6997
v  -9.2626 45.0711 10.9488
v  -6.05245 34.6126 16.7895
v  -6.35586 38.5998 15.0637
v  -6.27885 42.2843 13.1656
v  -6.00284 45.5925 11.0531
v  -2.13863 34.4548 17.2917
v  -2.90112 38.652 15.7218
v  -3.02095 42.485 13.5543
v  -2.77139 45.9775 11.1669
v  -26.6499 8.91928 17.0082
v  -27.1603 11.5186 15.0389
v  -28.4904 9.16563 15.1245
v  -27.7639 7.07878 16.4422
v  -24.0941 6.4956 18.9999
v  -24.772 4.34378 18.246
v  -21.077 5.08305 19.9982
v  -21.3131 2.61642 19.3032
v  -16.516 5.04024 20.2565
v  -15.975 2.53906 19.7038
v  -10.116 8.5571 19.5173
v  -13.2625 6.05577 19.9728
v  -12.2447 3.53361 19.6169
v  -9.15169 7.05561 19.2959
v  -25.0528 10.8378 17.183
v  -25.7672 12.9635 15.1151
v  -23.0187 8.78271 18.9642
v  -20.5344 7.71659 19.9748
v  -16.7888 7.74115 20.4072
v  -11.0035 10.0931 19.6066
v  -13.7285 8.27956 20.1354
v  -5.08543 10.39 19.4678
v  -7.20706 10.0008 18.8507
v  -7.63526 13.0035 14.2073
v  -11.5277 11.4401 13.5899
v  -14.5676 12.2325 13.7559
v  -17.6677 12.497 13.5345
v  -20.6284 14.9315 15.229
v  -4.95746 17.3448 12.9332
v  -9.03666 17.2626 11.2514
v  -12.2857 17.1899 10.8385
v  -15.8846 17.6516 10.8508
v  -19.7656 19.8608 12.0621
v  -4.96605 22.5837 14.0824
v  -6.71894 24.3166 13.2418
v  -9.72666 26.0164 13.2263
v  -12.4832 26.1242 13.0152
v  -16.1864 24.9676 13.5673
v  -8.12735 8.34498 19.1216
v  -4.46815 9.35938 20.1773
v  -3.38428 8.82727 21.7929
v  -4.45786 7.28154 21.5186
v  -5.28164 5.97511 21.6245
v  -4.25636 5.74192 22.2891
v  -3.76745 6.92642 22.5883
v  -5.45655 7.79521 20.1302
v  -6.33941 8.89565 19.4314
v  -7.52395 7.32157 19.5631
v  -8.48194 6.02469 19.6886
v  -6.7647 6.31239 20.0677
v  -8.13603 4.36709 20.2467
v  -2.76274 8.40191 23.0533
v  -1.95255 9.18146 23.366
v  -1.19488 9.52222 23.6595
v  -0.803928 1.18908 23.4295
v  -1.64983 0.100764 23.6953
v  -2.32513 2.18761 22.926
v  -3.25971 1.44208 22.8495
v  -4.32386 4.6734 22.2805
v  -5.64688 4.21206 21.9702
v  -7.67321 3.74275 20.6609
v  -6.8607 2.93218 21.1908
v  -20.9452 -0.254685 17.8376
v  -16.2323 0.3709 18.8507
v  -25.1299 2.18169 16.7557
v  -28.2823 5.22266 15.0181
v  -29.1273 7.72631 14.1053
v  -13.4681 1.98571 19.7456
v  -14.4202 0.489709 19.4148
v  -0.724002 1.80283 22.7661
v  -2.21196 2.62109 22.6619
v  -3.93317 4.81641 21.9768
v  -3.792 5.65359 21.9685
v  -3.36405 6.75041 22.3846
v  -2.46739 8.24022 22.8977
v  -1.82631 8.87558 23.1594
v  -1.01452 9.23941 23.588
v  -1.80714 7.49089 20.8032
v  -1.30354 8.07199 20.9627
v  -2.62674 6.28977 20.5886
v  -2.98183 5.51012 20.3481
v  -3.16062 4.8659 20.2135
v  -1.59904 3.01851 21.9196
v  -0.706437 2.60235 21.808
v  -0.516867 9.1385 23.9565
v  -0.937914 8.51037 21.7563
v  -0.375696 8.55625 23.8247
v  -0.350137 7.1991 22.9081
v  -0.279257 6.06945 21.6807
v  -0.689711 8.32482 21.6436
v  -0.603262 7.91731 21.0737
v  -0.60171 7.19244 20.4818
v  -0.52735 6.0837 20.5941
v  -8.75986 -16.5044 23.5103
v  -9.3268 -15.4322 23.6946
v  -9.5566 -16.4183 23.0352
v  -11.492 -13.7665 21.8372
v  -11.0318 -15.0433 21.4122
v  -12.3378 -12.397 20.4766
v  -12.0606 -13.6335 19.9078
v  -12.3344 -12.5993 19.3745
v  -12.2203 -13.0325 19.4832
v  -12.5882 -11.5654 20.5486
v  -12.7111 -11.9707 18.9011
v  -12.9916 -10.7017 20.0728
v  -13.305 -11.4101 18.0871
v  -13.4152 -9.81569 19.5567
v  -13.8213 -10.7314 17.6371
v  -13.5783 -9.1023 18.5913
v  -13.9778 -9.99287 17.5425
v  -11.6924 -12.3578 22.2592
v  -12.2457 -10.4248 21.8929
v  -12.185 -9.27863 21.7667
v  -12.1526 -8.11657 21.1983
v  -13.0264 -8.65348 20.3246
v  -12.9342 -8.03956 19.8146
v  -11.4205 -6.85127 20.4765
v  -9.12741 -13.3339 23.5356
v  -10.8858 -10.5775 22.7716
v  -10.7151 -9.43536 22.6197
v  -10.4 -8.59017 22.4192
v  -10.7744 -6.7509 20.8045
v  -8.47843 -16.0575 23.4955
v  -8.56334 -13.5603 23.3344
v  -7.94906 -11.6746 23.1167
v  -8.93605 -11.4228 23.1394
v  -8.70433 -10.2082 23.0011
v  -9.49796 -10.0108 22.8195
v  -9.08053 -8.59528 22.3588
v  -8.89188 -7.81393 21.9481
v  -9.60294 -7.38554 21.4079
v  -10.237 -6.92494 21.1748
v  -7.1253 -11.0458 25.753
v  -7.53266 -10.3693 25.5117
v  -7.58318 -11.2824 25.0427
v  -7.19186 -11.7878 25.3546
v  -6.43222 -12.299 25.855
v  -6.42872 -11.8589 26.0228
v  -7.60266 -11.9254 24.1716
v  -7.22479 -12.2723 24.8225
v  -6.43533 -12.69 25.7059
v  -6.11534 -12.6904 25.9556
v  -6.22179 -12.3707 25.9821
v  -6.12898 -12.1346 26.0768
v  -8.20352 -10.8225 23.9817
v  -8.69054 -9.83433 23.7144
v  -9.04563 -8.29148 23.2059
v  -8.55999 -7.32196 22.3086
v  -8.0779 -10.2242 24.834
v  -8.55043 -9.30032 24.5165
v  -8.81266 -8.08371 23.9125
v  -8.0986 -9.07402 25.1628
v  -8.47513 -7.85541 24.5278
v  -8.61028 -7.52529 23.1599
v  -8.41597 -7.28229 23.6598
v  -8.31465 -6.85968 22.9371
v  -5.78943 -12.4022 26.1214
v  -7.73074 -7.20586 24.3156
v  -7.41821 -6.7121 23.6603
v  -7.74969 -7.78148 24.8552
v  -6.50662 -6.94197 24.2875
v  -6.92078 -7.43449 24.7128
v  -5.53697 -11.6791 26.0406
v  -5.93955 -11.2351 26.0764
v  -5.31501 -11.1965 25.6684
v  -5.76564 -10.9156 26.043
v  -7.43232 -8.90912 25.3748
v  -7.01397 -9.95695 25.6892
v  -6.67508 -10.4044 25.854
v  -6.23296 -10.9523 26.0697
v  -5.49734 -10.5308 25.8601
v  -5.68667 -10.5577 25.9492
v  -5.90586 -10.6127 25.973
v  -6.06799 -10.2765 25.909
v  -6.35933 -9.69699 25.7247
v  -6.69375 -8.73927 25.3973
v  -6.92233 -7.77004 24.9485
v  -5.70356 -10.35 25.9197
v  -5.80088 -10.1793 25.8861
v  -5.9588 -9.62269 25.716
v  -6.1694 -8.53333 25.2543
v  -6.42658 -7.56069 24.7696
v  -6.19022 -7.53223 24.6965
v  -6.11318 -7.21766 24.5441
v  -5.43559 -10.2706 25.8462
v  -5.4508 -10.0844 25.8195
v  -5.51374 -9.53842 25.638
v  -5.70898 -8.57937 25.1723
v  -5.70044 -7.73057 24.7339
v  -5.98979 -7.71111 24.7451
v  -2.938 -7.80046 26.1694
v  -3.06927 -7.44805 25.8618
v  -3.36039 -6.70917 25.3343
v  -3.34371 -7.48956 25.9504
v  -2.94722 -8.6493 26.5748
v  -3.33948 -8.49517 26.4449
v  -2.91763 -9.33887 26.8287
v  -3.2895 -9.33001 26.789
v  -2.96526 -10.1112 26.8206
v  -3.33025 -10.1237 26.9399
v  -3.1218 -10.4697 26.8774
v  -3.40883 -10.8137 26.8682
v  -3.22966 -10.8725 26.8576
v  -3.49535 -11.4425 26.6986
v  -3.80403 -6.40435 24.9561
v  -3.80663 -7.30518 25.7578
v  -3.77162 -8.43522 26.3255
v  -3.7005 -9.34767 26.7028
v  -3.7178 -10.184 26.8856
v  -3.77204 -10.9494 26.8238
v  -3.83266 -11.7088 26.5606
v  -4.38842 -6.32022 24.8784
v  -4.35534 -7.34643 25.5643
v  -4.29991 -8.47977 26.1763
v  -4.21209 -9.40834 26.5897
v  -4.21228 -10.1894 26.7434
v  -4.2466 -10.9456 26.6607
v  -4.2834 -11.8007 26.267
v  -4.88915 -6.4352 24.8035
v  -4.86993 -7.50593 25.328
v  -4.80916 -8.65635 25.8986
v  -4.743 -9.5253 26.27
v  -4.75131 -10.1792 26.4074
v  -4.7879 -10.839 26.3937
v  -4.70959 -11.7134 26.0855
v  -5.37441 -6.83053 24.6815
v  -5.3061 -7.93559 25.1574
v  -5.20196 -8.96509 25.7262
v  -5.10991 -9.70369 26.0514
v  -5.084 -10.1923 26.1799
v  -5.08137 -10.7155 26.1884
v  -5.00437 -11.5135 25.9373
v  -2.68809 -9.55641 27.0595
v  -2.78297 -10.7726 27.1803
v  -2.2409 -9.74025 27.3293
v  -2.38607 -11.2715 27.386
v  -1.43958 -9.80626 27.5566
v  -1.51215 -11.4486 27.6735
v  -0.531915 -9.79196 27.537
v  -0.468828 -11.4194 27.6746
v  -0.232836 -9.76876 27.4934
v  -0.179277 -11.3197 27.661
v  -2.67902 -8.53115 26.7373
v  -2.1649 -8.53691 27.0384
v  -1.37522 -8.55382 27.2941
v  -0.581092 -8.54698 27.274
v  -0.265921 -8.60418 27.2306
v  -2.69578 -7.43095 26.3173
v  -2.16539 -7.28749 26.6954
v  -1.33217 -7.20907 26.9326
v  -0.580064 -7.2221 26.888
v  -0.308128 -7.36089 26.8817
v  -0.480646 -5.8125 26.1303
v  -1.19422 -5.79137 25.9265
v  -1.2951 -6.21137 26.436
v  -0.536793 -6.2167 26.5007
v  -0.285016 -6.34172 26.5064
v  -0.175779 -6.02825 26.2321
v  -2.03931 -6.09601 25.7173
v  -2.13157 -6.38916 26.2548
v  -2.62642 -6.52318 25.7821
v  -2.62813 -6.63597 25.9704
v  -2.83877 -7.20919 26.0142
v  -14.3661 -6.58307 19.102
v  -14.8426 -8.10053 18.2415
v  -15.0638 -9.10945 17.0821
v  -17.3587 -7.67812 16.4033
v  -15.9664 -7.31522 17.7594
v  -15.7501 -5.34437 18.3402
v  -12.6013 -5.27727 20.0935
v  -13.7622 -3.71218 19.6664
v  -9.05129 -6.77287 22.0091
v  -11.1591 -5.10764 20.7384
v  -10.3158 -5.45003 21.2188
v  -8.67781 -5.56588 22.5527
v  -10.2098 -4.86715 21.325
v  -11.4633 -3.65554 20.8011
v  -13.1377 -0.591082 20.012
v  -10.1626 -2.96534 21.8608
v  -12.2988 0.743653 20.3994
v  -8.85547 -2.51707 22.3248
v  -10.4402 1.15443 20.9655
v  -7.49299 -5.86892 23.5118
v  -6.48081 -5.6807 24.074
v  -5.87783 -6.6276 24.6083
v  -3.26647 -5.97616 25.348
v  -2.97006 -6.4529 25.7505
v  -3.76543 -5.79216 25.0799
v  -4.36942 -5.63277 24.9481
v  -5.10642 -6.00006 24.7908
v  -2.69745 -5.97327 25.6037
v  -2.08561 -5.44317 25.7093
v  -1.22585 -5.17436 25.9827
v  -0.488406 -5.13748 26.1535
v  -0.209184 -5.14637 26.1933
v  -5.65704 -5.67682 24.5143
v  -2.9619 -5.98129 25.5117
v  -5.07561 -5.53977 24.7366
v  -7.79936 -4.30147 22.8188
v  -10.0353 2.74479 20.3888
v  -8.93532 3.02352 20.554
v  -7.99904 1.86849 21.3812
v  -9.1263 1.18758 21.3782
v  -5.55149 2.16405 21.8432
v  -2.42063 -5.25176 25.5373
v  -3.02189 -5.27944 25.2325
v  -3.89854 -5.1094 24.9244
v  -4.82541 -5.13383 24.6563
v  -5.71248 -5.26002 24.291
v  -1.55081 -4.62576 25.7786
v  -2.5621 -4.37536 25.2769
v  -3.8101 -4.09073 24.5544
v  -5.35363 -3.78923 23.7982
v  -6.65589 -3.80881 23.3025
v  -0.938977 -4.41217 25.9169
v  -2.31269 -3.73813 25.2514
v  -3.7872 -3.19764 24.3584
v  -5.42737 -2.75521 23.5809
v  -7.07438 -2.26745 22.9286
v  -0.670021 -4.09904 25.8963
v  -1.73066 -2.90537 25.1919
v  -3.53971 -2.08422 24.2025
v  -5.43352 -1.33012 23.251
v  -7.57699 -0.327057 22.3089
v  -1.73515 -1.86562 24.6871
v  -3.50648 -1.23425 23.8967
v  -5.43292 -0.478229 22.9768
v  -7.32087 0.261198 22.1884
v  -1.76359 -0.915106 24.1972
v  -3.45422 -0.121947 23.4248
v  -5.31807 0.670733 22.559
v  -6.81017 1.27298 21.9253
v  -8.34835 -13.7038 22.8161
v  -7.72895 -12.291 22.6363
v  -8.38905 -15.9796 23.1819
v  -8.65331 -16.4932 23.2523
v  -9.42774 -16.3983 22.7061
v  -10.6798 -15.1138 21.1488
v  -11.701 -13.7949 19.8066
v  -11.9389 -13.24 19.2992
v  -11.1583 -13.671 19.2939
v  -10.8452 -13.9763 19.7853
v  -10.0929 -14.7684 20.6591
v  -10.6797 -13.6791 19.3092
v  -10.1904 -13.9035 19.7232
v  -9.80391 -14.2198 20.1489
v  -9.212 -16.0574 22.2133
v  -5.34075 -11.202 25.4781
v  -5.57673 -11.7495 25.4797
v  -5.77056 -12.3606 25.4821
v  -5.88102 -12.5428 25.4533
v  -6.01266 -12.6046 25.3118
v  -6.57142 -12.4384 24.6592
v  -6.88399 -12.0364 24.0468
v  -7.07371 -11.7795 23.4956
v  -4.89444 -11.3843 25.3562
v  -4.43125 -11.6067 25.4576
v  -3.98423 -11.7481 25.8771
v  -3.76273 -11.7158 26.1312
v  -3.42807 -11.4599 26.3338
v  -3.12311 -10.912 26.451
v  -2.9921 -10.632 26.3602
v  -2.76938 -10.3282 26.2821
v  -2.49349 -10.8259 26.6745
v  -2.18954 -11.1124 26.85
v  -1.52119 -11.3141 27.0541
v  -0.590969 -11.3453 27.1218
v  -0.16727 -11.4437 27.3191
v  -0.478549 -10.1225 26.0625
v  -1.27248 -9.88127 26.0391
v  -1.95425 -9.94808 25.9291
v  -2.33182 -10.087 25.9661
v  -2.64574 -10.2523 26.0807
v  -2.87991 -10.4006 26.0366
v  -3.01982 -10.4491 25.8915
v  -3.18183 -10.4604 25.7324
v  -3.47357 -10.4572 25.4988
v  -3.73112 -10.3982 25.2282
v  -4.32165 -10.8352 24.918
v  -4.83611 -10.9315 24.9481
v  -5.34909 -11.0555 25.2605
v  -5.54261 -11.2741 25.0932
v  -5.7678 -11.3735 24.8108
v  -5.92162 -11.4539 24.6788
v  -6.05608 -11.5064 24.5215
v  -6.23865 -11.562 24.3032
v  -6.55672 -11.6736 23.9438
v  -6.79298 -11.6931 23.5688
v  -8.03966 -12.7479 22.047
v  -8.54914 -13.2199 21.9036
v  -8.80485 -13.65 21.7779
v  -9.14404 -14.1166 21.3758
v  -9.54505 -14.4525 20.8581
v  -11.9896 -13.2572 18.9936
v  -12.5336 -12.6907 19.167
v  -12.8531 -12.4258 18.7472
v  -12.5086 -13.1617 18.5032
v  -13.313 -12.0063 18.1374
v  -12.9771 -13.0415 17.8796
v  -13.9311 -11.9028 17.5584
v  -13.3961 -13.0545 17.2268
v  -14.6556 -11.97 16.9473
v  -13.6879 -13.2526 16.7483
v  -15.4197 -12.3485 16.2225
v  -13.9548 -13.5798 16.3598
v  -15.6734 -12.9344 15.6665
v  -14.2808 -14.1202 15.9532
v  -14.7985 -10.6827 16.8723
v  -15.9519 -11.1931 16.0716
v  -16.2654 -11.7389 15.5945
v  -8.57777 -18.6576 24.9113
v  -8.79946 -18.5634 24.5421
v  -9.28996 -19.3077 24.5282
v  -9.15398 -19.4462 24.8609
v  -10.2909 -21.2809 24.2937
v  -9.96187 -21.3519 24.8163
v  -11.6169 -22.0646 20.8423
v  -11.6089 -22.5192 21.7799
v  -10.7919 -21.3398 22.6906
v  -10.8031 -21.1704 21.8623
v  -12.2711 -22.684 19.8824
v  -12.3411 -23.3837 20.8802
v  -8.22657 -19.7913 24.7541
v  -8.58925 -21.4262 24.6684
v  -7.63856 -21.5226 24.2737
v  -7.49271 -19.9117 24.4536
v  -9.22482 -23.558 24.6487
v  -7.79585 -23.6184 24.1566
v  -7.97562 -18.8805 24.769
v  -8.07996 -19.2834 24.7684
v  -7.43928 -19.4506 24.4979
v  -7.44173 -19.0116 24.533
v  -7.35013 -18.0984 24.6096
v  -7.07666 -18.4372 24.435
v  -6.97179 -19.1774 24.2678
v  -6.77261 -19.6924 23.2825
v  -6.89755 -19.0516 23.4973
v  -6.95145 -19.8485 24.1981
v  -6.90381 -21.5816 23.9165
v  -6.65622 -21.6507 22.8467
v  -6.75067 -20.129 23.2389
v  -6.9314 -23.6098 23.8948
v  -6.18347 -23.1916 22.4378
v  -6.99582 -25.175 23.7816
v  -5.73072 -24.5535 22.6331
v  -9.7156 -25.7375 24.2847
v  -7.98105 -25.5308 23.9512
v  -7.86313 -17.7733 24.7167
v  -10.7682 -23.5107 24.8356
v  -11.4414 -25.4776 24.348
v  -12.2427 -24.1334 22.119
v  -12.0009 -24.5508 23.2373
v  -11.397 -23.3207 23.7196
v  -11.5609 -22.9916 22.8161
v  -10.5874 -21.321 23.6504
v  -9.66383 -19.3745 23.5294
v  -9.468 -19.3355 24.0626
v  -9.03209 -18.6208 24.0509
v  -9.20448 -18.6873 23.777
v  -12.8444 -24.7537 21.2267
v  -12.7049 -25.65 22.2926
v  -12.9999 -23.8697 20.0092
v  -12.6822 -22.9806 19.1844
v  -9.41057 -18.8571 23.0394
v  -9.75424 -19.4506 22.7312
v  -12.07 -26.6998 23.5259
v  -14.7427 -25.5599 18.9424
v  -14.7031 -26.6614 19.3876
v  -13.9069 -27.1317 20.537
v  -14.1234 -25.8945 19.9172
v  -14.6293 -24.4989 18.3508
v  -14.1264 -24.7527 19.2414
v  -13.9986 -23.6218 17.8553
v  -13.7363 -23.7473 18.5665
v  -13.1123 -23.1414 17.7205
v  -13.0183 -23.1128 18.1905
v  -13.0192 -27.0223 22.0345
v  -13.3662 -25.9074 21.0616
v  -13.4636 -24.8341 20.2026
v  -13.3893 -23.8235 19.2934
v  -12.8708 -23.0542 18.626
v  -11.8364 -27.5145 23.0763
v  -11.0717 -27.4669 23.4738
v  -12.7689 -27.5761 22.0245
v  -13.8025 -27.5643 20.6346
v  -14.3425 -27.835 19.8398
v  -7.84882 -26.9889 23.5017
v  -6.41095 -26.585 23.456
v  -9.92572 -27.2593 23.6654
v  -13.6968 -28.883 20.3915
v  -12.664 -29.6202 21.0382
v  -11.3765 -29.851 21.6401
v  -9.92317 -29.6782 22.2487
v  -7.96767 -29.1098 22.5826
v  -5.8727 -28.0217 23.1514
v  -6.38639 -25.4583 23.4745
v  -5.8166 -25.0964 23.019
v  -6.16552 -26.3414 23.4065
v  -5.8611 -26.5264 23.2413
v  -5.14895 -26.5724 23.6353
v  -5.17364 -28.4809 23.5123
v  -4.51339 -26.5731 23.9693
v  -4.6032 -28.9414 23.8762
v  -3.95422 -26.7647 24.2259
v  -4.03587 -29.2192 24.1346
v  -3.33386 -27.0164 24.3292
v  -3.2476 -29.1853 24.3204
v  -2.74448 -27.1505 24.3125
v  -2.67093 -28.8981 24.4064
v  -5.09796 -24.4048 23.3352
v  -4.41993 -24.2852 23.6338
v  -3.88506 -24.3745 23.7808
v  -3.22351 -24.552 23.8161
v  -2.66923 -24.7361 23.7703
v  -4.98691 -23.5694 22.8972
v  -4.28468 -22.8399 23.0664
v  -3.6707 -22.5557 23.1936
v  -3.0598 -23.0673 23.3262
v  -2.61767 -23.7168 23.3709
v  -1.76551 -26.8476 24.8986
v  -2.20997 -27.0621 24.6536
v  -2.34192 -29.1866 24.5411
v  -2.00222 -29.3182 24.647
v  -1.39565 -26.9511 25.0522
v  -1.514 -29.5254 24.7623
v  -1.01099 -26.9511 25.09
v  -1.05538 -29.5402 24.8262
v  -0.630452 -27.0739 25.0899
v  -0.718065 -29.4484 24.8658
v  -0.28383 -27.0706 25.0488
v  -0.310925 -29.2249 24.9092
v  -1.63604 -25.2154 24.5824
v  -2.15847 -25.2865 24.3079
v  -1.31303 -25.2875 24.6788
v  -1.01628 -25.2965 24.6815
v  -0.586466 -25.3509 24.664
v  -0.28542 -25.3699 24.6221
v  -1.45389 -22.6994 23.3654
v  -2.06565 -23.1137 23.3996
v  -1.02761 -22.4994 23.2812
v  -0.686492 -22.7201 23.4081
v  -0.397427 -23.2268 23.5731
v  -0.22401 -23.797 23.7729
v  -3.04105 -23.1525 22.8169
v  -3.64347 -22.7884 22.6496
v  -2.51921 -23.6059 23.1501
v  -4.06561 -22.9254 22.5631
v  -4.75009 -23.5782 22.4741
v  -5.5881 -24.525 22.1874
v  -2.03071 -23.1671 23.1977
v  -0.999151 -22.5347 23.1758
v  -1.53574 -22.7635 23.1621
v  -0.666832 -22.7729 23.2584
v  -0.404683 -23.3203 23.3738
v  -0.254881 -23.7848 23.4808
v  -8.08041 -17.6888 24.3903
v  -8.40937 -17.8291 24.0745
v  -8.64582 -17.9843 23.7058
v  -8.92855 -18.2217 23.4158
v  -0.298407 -24.0296 23.2172
v  -0.299199 -24.3881 23.0225
v  -0.512623 -23.5693 23.0759
v  -0.71141 -23.1211 22.9919
v  -0.941314 -22.9708 22.9128
v  -1.37246 -23.0067 22.883
v  -1.90015 -23.3147 22.9093
v  -2.47921 -23.7255 22.9027
v  -3.02759 -23.3156 22.5304
v  -3.55673 -23.1814 22.3194
v  -3.9705 -23.3463 22.2065
v  -4.62107 -23.8625 22.1016
v  -5.54618 -24.7504 21.8253
v  -2.48111 -23.9233 22.6883
v  -3.02805 -23.8079 22.2315
v  -3.30501 -23.8155 22.0497
v  -3.70148 -23.9613 21.9042
v  -4.64403 -24.2282 21.8017
v  -5.50426 -24.9758 21.4632
v  -9.78332 -22.1839 20.024
v  -9.87556 -22.5062 19.3461
v  -10.623 -22.5213 19.3042
v  -10.3907 -22.0298 20.1908
v  -9.8598 -22.4221 18.8069
v  -10.8705 -22.6074 18.0179
v  -11.3817 -22.5356 19.5261
v  -11.1164 -22.0448 20.4337
v  -11.6335 -22.8102 18.8585
v  -12.1184 -22.8678 17.4414
v  -10.3592 -21.1069 21.4682
v  -9.71735 -21.1692 21.2365
v  -8.96246 -21.3452 21.1979
v  -9.34132 -19.4304 22.3853
v  -8.82318 -19.4838 22.3095
v  -8.17786 -19.4364 22.4057
v  -8.33548 -18.7061 22.874
v  -7.87198 -18.8486 22.8276
v  -7.71811 -18.2609 23.4874
v  -8.0976 -18.2533 23.3549
v  -7.87382 -17.8849 23.9694
v  -8.21258 -17.938 23.771
v  -8.72663 -18.6959 22.9017
v  -8.40861 -18.2245 23.3622
v  -8.46255 -18.0572 23.5726
v  -7.60805 -17.9227 24.2543
v  -7.26505 -18.6529 23.4005
v  -7.29245 -19.2483 22.9418
v  -7.41678 -19.8291 22.6562
v  -7.63196 -21.5958 21.9796
v  -6.17462 -23.3927 21.9575
v  -6.10713 -23.5605 21.2489
v  -6.04723 -23.7276 20.8436
v  -5.47161 -25.2178 21.1321
v  -6.08836 -24.2687 20.2857
v  -6.39616 -24.0509 20.1543
v  -6.51908 -23.5265 20.5857
v  -7.00958 -23.949 19.628
v  -7.22684 -23.3847 20.1689
v  -7.72662 -23.3579 19.9655
v  -7.76384 -23.6737 19.293
v  -8.88449 -22.9703 19.7689
v  -8.91888 -22.9751 19.3359
v  -6.55757 -23.1176 21.1164
v  -7.26784 -22.8692 20.8409
v  -7.70452 -22.6596 20.8295
v  -8.55792 -22.3678 20.6596
v  -8.33636 -21.9348 21.1478
v  -7.665 -22.1298 21.5224
v  -6.8292 -22.3402 22.2174
v  -6.56134 -22.8482 21.8856
v  -6.56369 -22.7325 22.1521
v  -7.12934 -22.4823 21.5934
v  -4.57241 -24.5749 21.5441
v  -3.63927 -24.5628 21.5767
v  -3.25006 -24.3978 21.6783
v  -2.83626 -24.3555 21.7971
v  -2.32867 -24.2648 22.1558
v  -1.8035 -23.6487 22.6051
v  -1.61253 -24.2364 22.2654
v  -1.34458 -23.5156 22.6566
v  -1.25411 -24.3618 22.3884
v  -0.97158 -23.601 22.7413
v  -0.902815 -24.5296 22.4889
v  -0.751423 -23.7494 22.8407
v  -0.717502 -24.6124 22.5605
v  -0.552922 -24.034 22.9381
v  -0.520277 -24.763 22.639
v  -0.326332 -24.8875 22.6838
v  -1.02492 -30.8615 25.1061
v  -1.1492 -32.3528 24.6052
v  -1.22169 -33.8214 23.798
v  -1.75281 -30.7372 25.0846
v  -1.93034 -32.264 24.6394
v  -2.07237 -33.7376 23.8049
v  -2.43163 -30.2455 25.0483
v  -2.76475 -32.2463 24.5376
v  -2.92453 -33.56 23.7586
v  -2.94991 -30.1478 24.967
v  -3.41381 -32.1831 24.3095
v  -3.62532 -33.4522 23.6855
v  -3.94129 -30.2787 24.7046
v  -4.13891 -31.9364 24.3248
v  -4.3803 -33.276 23.6523
v  -4.9237 -30.3099 24.5187
v  -5.19695 -31.5717 24.2855
v  -5.28004 -32.6688 23.6651
v  -5.72716 -29.9019 24.1898
v  -6.2761 -29.5918 23.9187
v  -7.862 -30.0551 23.3592
v  -10.0117 -30.6151 22.7
v  -11.5518 -30.9523 21.9332
v  -13.3395 -30.7467 21.063
v  -14.6819 -29.7086 20.1064
v  -15.9082 -28.073 19.1858
v  -16.3611 -26.434 18.5314
v  -16.5048 -24.9529 18.1479
v  -16.1412 -23.7828 17.7212
v  -15.0057 -22.8637 17.1272
v  -13.7392 -22.4941 17.0702
v  -12.7872 -22.0732 17.0769
v  -5.91915 -30.9304 24.217
v  -6.48158 -30.5214 23.9289
v  -6.14924 -31.953 23.6759
v  -7.50293 -31.5192 23.4043
v  -13.8096 -21.7271 16.4077
v  -14.738 -22.0757 16.5057
v  -15.9807 -22.6552 16.6765
v  -16.8759 -23.6803 17.1533
v  -17.2652 -24.9829 17.4764
v  -17.1604 -26.8345 17.695
v  -16.5265 -28.7065 18.359
v  -15.1866 -31.0577 19.3752
v  -13.6736 -32.5809 20.4541
v  -12.2163 -33.7427 21.5833
v  -9.68386 -32.538 22.6908
v  -9.35827 -34.4415 23.1485
v  -8.03666 -35.2439 23.5141
v  -6.4677 -36.0228 23.6987
v  -5.20494 -36.2393 23.7677
v  -4.10544 -36.2935 23.8198
v  -2.93184 -36.4178 23.8968
v  -1.60564 -36.4571 23.9911
v  -14.4687 -15.135 15.5677
v  -14.4853 -16.1779 15.3411
v  -14.4521 -16.9365 15.2598
v  -14.3468 -17.7104 15.3859
v  -14.2262 -18.4216 15.5609
v  -14.0992 -19.2594 15.6679
v  -14.4097 -21.3527 16.0929
v  -14.38 -21.0118 16.0156
v  -14.3265 -20.4343 15.8173
v  -14.1785 -19.8118 15.6994
v  -12.8216 -21.2729 16.7946
v  -13.2348 -20.7087 16.4024
v  -13.8586 -21.4024 16.3349
v  -13.7961 -19.8602 15.9005
v  -12.3705 -21.8485 17.2738

# 3730 UV coordinates
vt 0.300749 0.165193 0
vt 0.290191 0.163986 0
vt 0.309042 0.00676864 0
vt 0.343446 0.0087148 0
vt 0.309673 0.165986 0
vt 0.377734 0.0105564 0
vt 0.318685 0.166487 0
vt 0.412031 0.0122626 0
vt 0.329945 0.169426 0
vt 0.446614 0.0139929 0
vt 0.342544 0.173388 0
vt 0.481796 0.0162597 0
vt 0.355318 0.181417 0
vt 0.516172 0.0184619 0
vt 0.369795 0.194623 0
vt 0.550773 0.020703 0
vt 0.379484 0.208537 0
vt 0.54779 0.0716438 0
vt 0.399817 0.674354 0
vt 0.411323 0.65164 0
vt 0.526902 0.8014 0
vt 0.526775 0.82893 0
vt 0.37872 0.325142 0
vt 0.378287 0.318035 0
vt 0.534918 0.331211 0
vt 0.534967 0.335661 0
vt 0.458783 0.492001 0
vt 0.462493 0.475302 0
vt 0.532391 0.496143 0
vt 0.531143 0.524178 0
vt 0.387053 0.268518 0
vt 0.389385 0.25858 0
vt 0.5384 0.225961 0
vt 0.536758 0.254461 0
vt 0.379579 0.33122 0
vt 0.53502 0.340104 0
vt 0.451882 0.505692 0
vt 0.530135 0.552079 0
vt 0.381049 0.274857 0
vt 0.535058 0.282874 0
vt 0.433257 0.541992 0
vt 0.441197 0.517898 0
vt 0.529319 0.580055 0
vt 0.528693 0.607971 0
vt 0.37658 0.278129 0
vt 0.534923 0.287327 0
vt 0.430283 0.595505 0
vt 0.432431 0.578849 0
vt 0.527884 0.663474 0
vt 0.527618 0.691141 0
vt 0.370673 0.280003 0
vt 0.534792 0.291702 0
vt 0.433559 0.563157 0
vt 0.528239 0.635735 0
vt 0.428686 0.606597 0
vt 0.527416 0.718731 0
vt 0.37236 0.283101 0
vt 0.534749 0.296078 0
vt 0.381313 0.338744 0
vt 0.535075 0.344548 0
vt 0.424334 0.619986 0
vt 0.527215 0.74633 0
vt 0.372655 0.286216 0
vt 0.534735 0.300479 0
vt 0.383997 0.346148 0
vt 0.535137 0.349038 0
vt 0.437386 0.420024 0
vt 0.417799 0.402086 0
vt 0.534745 0.418115 0
vt 0.534541 0.434697 0
vt 0.417497 0.637818 0
vt 0.527041 0.77388 0
vt 0.372981 0.290551 0
vt 0.534736 0.304846 0
vt 0.392388 0.370707 0
vt 0.387893 0.35142 0
vt 0.5352 0.353592 0
vt 0.535167 0.36966 0
vt 0.400714 0.389112 0
vt 0.534974 0.401987 0
vt 0.371898 0.294365 0
vt 0.534744 0.30922 0
vt 0.395115 0.382659 0
vt 0.535104 0.385758 0
vt 0.371114 0.2978 0
vt 0.53476 0.313621 0
vt 0.373505 0.302357 0
vt 0.534791 0.318009 0
vt 0.375978 0.307488 0
vt 0.53483 0.322394 0
vt 0.462697 0.465616 0
vt 0.456693 0.44434 0
vt 0.534258 0.451401 0
vt 0.533671 0.468042 0
vt 0.388154 0.230734 0
vt 0.544658 0.122708 0
vt 0.377203 0.312665 0
vt 0.534872 0.326797 0
vt 0.390664 0.245784 0
vt 0.541573 0.174248 0
vt 0.388391 0.689148 0
vt 0.492541 0.828574 0
vt 0.288899 0.724459 0
vt 0.303675 0.724029 0
vt 0.322607 0.827828 0
vt 0.288847 0.827786 0
vt 0.322726 0.721438 0
vt 0.339709 0.716862 0
vt 0.390295 0.827993 0
vt 0.356414 0.827897 0
vt 0.355662 0.710107 0
vt 0.372206 0.70211 0
vt 0.458369 0.828265 0
vt 0.424276 0.828069 0
vt 0.279044 0.163338 0
vt 0.274668 0.00465059 0
vt 0.667839 0.734695 0
vt 0.668021 0.745692 0
vt 0.645524 0.746027 0
vt 0.645435 0.735101 0
vt 0.735567 0.733803 0
vt 0.735628 0.744832 0
vt 0.713091 0.745016 0
vt 0.712974 0.733987 0
vt 0.758161 0.733734 0
vt 0.758162 0.744768 0
vt 0.623111 0.745984 0
vt 0.623526 0.735166 0
vt 0.735382 0.693032 0
vt 0.735335 0.681874 0
vt 0.758156 0.681827 0
vt 0.758156 0.692985 0
vt 0.690552 0.745313 0
vt 0.690385 0.73429 0
vt 0.603045 0.733725 0
vt 0.600508 0.744305 0
vt 0.581382 0.735442 0
vt 0.586771 0.72918 0
vt 0.566412 0.704148 0
vt 0.57813 0.699716 0
vt 0.643498 0.809756 0
vt 0.630842 0.798917 0
vt 0.654805 0.790797 0
vt 0.666939 0.802081 0
vt 0.690377 0.795531 0
vt 0.679004 0.783742 0
vt 0.703494 0.778231 0
vt 0.713503 0.790767 0
vt 0.577747 0.839162 0
vt 0.561426 0.833595 0
vt 0.583879 0.818769 0
vt 0.597855 0.827956 0
vt 0.61172 0.860544 0
vt 0.620316 0.818324 0
vt 0.633345 0.852763 0
vt 0.719725 0.82307 0
vt 0.735456 0.789161 0
vt 0.737691 0.817738 0
vt 0.728405 0.775552 0
vt 0.753223 0.779065 0
vt 0.753223 0.792649 0
vt 0.607154 0.808069 0
vt 0.56155 0.854939 0
vt 0.591494 0.867753 0
vt 0.572542 0.872774 0
vt 0.655643 0.844759 0
vt 0.699473 0.829589 0
vt 0.549623 0.858566 0
vt 0.753223 0.814198 0
vt 0.677883 0.836939 0
vt 0.565571 0.88127 0
vt 0.54291 0.717556 0
vt 0.565795 0.752463 0
vt 0.925326 0.188893 0
vt 0.954409 0.188893 0
vt 0.954409 0.209445 0
vt 0.925326 0.209445 0
vt 0.925327 0.385711 0
vt 0.954409 0.385711 0
vt 0.954409 0.388987 0
vt 0.925327 0.388987 0
vt 0.925327 0.40209 0
vt 0.954409 0.402091 0
vt 0.954409 0.405366 0
vt 0.925327 0.405366 0
vt 0.925326 0.00465071 0
vt 0.954408 0.00465059 0
vt 0.954408 0.0250375 0
vt 0.925326 0.0250376 0
vt 0.925326 0.168341 0
vt 0.954409 0.168341 0
vt 0.954409 0.392263 0
vt 0.925327 0.392263 0
vt 0.954409 0.426019 0
vt 0.925327 0.426018 0
vt 0.954409 0.229996 0
vt 0.925326 0.229996 0
vt 0.954409 0.395539 0
vt 0.925327 0.395538 0
vt 0.954409 0.446671 0
vt 0.925326 0.446671 0
vt 0.584642 0.766151 0
vt 0.954409 0.250548 0
vt 0.925326 0.250548 0
vt 0.954409 0.398814 0
vt 0.925327 0.398814 0
vt 0.526874 0.869624 0
vt 0.548676 0.898126 0
vt 0.954409 0.484644 0
vt 0.925326 0.484644 0
vt 0.925327 0.282792 0
vt 0.954409 0.282792 0
vt 0.954409 0.294486 0
vt 0.925327 0.294486 0
vt 0.925326 0.560346 0
vt 0.954408 0.560346 0
vt 0.954408 0.598135 0
vt 0.925326 0.598135 0
vt 0.925327 0.306179 0
vt 0.954409 0.306179 0
vt 0.954409 0.317872 0
vt 0.925327 0.317872 0
vt 0.954409 0.522526 0
vt 0.925326 0.522526 0
vt 0.954409 0.271057 0
vt 0.925326 0.271057 0
vt 0.925326 0.14779 0
vt 0.954409 0.14779 0
vt 0.925327 0.362779 0
vt 0.954409 0.362779 0
vt 0.954409 0.366055 0
vt 0.925327 0.366055 0
vt 0.954409 0.329565 0
vt 0.925327 0.329565 0
vt 0.925326 0.127245 0
vt 0.954409 0.127244 0
vt 0.954409 0.369331 0
vt 0.925327 0.369331 0
vt 0.925327 0.35291 0
vt 0.954409 0.35291 0
vt 0.954409 0.356227 0
vt 0.925327 0.356227 0
vt 0.925326 0.106741 0
vt 0.954408 0.106741 0
vt 0.954409 0.372607 0
vt 0.925327 0.372607 0
vt 0.954409 0.341258 0
vt 0.925327 0.341258 0
vt 0.954408 0.0454324 0
vt 0.925326 0.0454324 0
vt 0.954409 0.375883 0
vt 0.925327 0.375883 0
vt 0.531665 0.839037 0
vt 0.954408 0.0658426 0
vt 0.925326 0.0658427 0
vt 0.954409 0.379159 0
vt 0.925327 0.379159 0
vt 0.954409 0.359503 0
vt 0.925327 0.359503 0
vt 0.954408 0.0862763 0
vt 0.925326 0.0862764 0
vt 0.954409 0.382435 0
vt 0.925327 0.382435 0
vt 0.577279 0.688741 0
vt 0.599402 0.687182 0
vt 0.600206 0.697828 0
vt 0.621229 0.685572 0
vt 0.622009 0.696269 0
vt 0.643533 0.683708 0
vt 0.64418 0.69482 0
vt 0.666569 0.682739 0
vt 0.666905 0.693962 0
vt 0.689573 0.682264 0
vt 0.689756 0.693471 0
vt 0.712487 0.682009 0
vt 0.712587 0.693186 0
vt 0.576127 0.662819 0
vt 0.597937 0.662418 0
vt 0.618918 0.663126 0
vt 0.642497 0.667996 0
vt 0.666181 0.668941 0
vt 0.6894 0.669714 0
vt 0.712401 0.670241 0
vt 0.735297 0.670542 0
vt 0.758155 0.67062 0
vt 0.260253 0.991211 0
vt 0.260253 0.952155 0
vt 0.28553 0.952155 0
vt 0.28553 0.991211 0
vt 0.310824 0.991211 0
vt 0.310824 0.952155 0
vt 0.336161 0.952155 0
vt 0.336161 0.991211 0
vt 0.209721 0.991211 0
vt 0.209721 0.952155 0
vt 0.234986 0.952155 0
vt 0.234986 0.991211 0
vt 0.363476 0.952155 0
vt 0.363476 0.991211 0
vt 0.646306 0.62672 0
vt 0.621244 0.624648 0
vt 0.690832 0.629292 0
vt 0.668362 0.628299 0
vt 0.735735 0.630309 0
vt 0.713291 0.629935 0
vt 0.758153 0.630453 0
vt 0.388974 0.991211 0
vt 0.388974 0.952155 0
vt 0.419443 0.952086 0
vt 0.419443 0.991211 0
vt 0.576748 0.623523 0
vt 0.598708 0.623871 0
vt 0.735336 0.598141 0
vt 0.710073 0.598141 0
vt 0.710073 0.577755 0
vt 0.735336 0.577755 0
vt 0.710073 0.557361 0
vt 0.735336 0.557362 0
vt 0.710073 0.536952 0
vt 0.735336 0.536952 0
vt 0.710073 0.51652 0
vt 0.735336 0.51652 0
vt 0.710074 0.496056 0
vt 0.735336 0.496057 0
vt 0.710074 0.475554 0
vt 0.735336 0.475554 0
vt 0.710074 0.45501 0
vt 0.735336 0.455011 0
vt 0.710074 0.43446 0
vt 0.735337 0.434461 0
vt 0.710074 0.41391 0
vt 0.735337 0.413911 0
vt 0.710075 0.393361 0
vt 0.735337 0.393361 0
vt 0.710076 0.372809 0
vt 0.735337 0.37281 0
vt 0.710074 0.35226 0
vt 0.735337 0.35226 0
vt 0.710074 0.331752 0
vt 0.735337 0.331752 0
vt 0.710074 0.320018 0
vt 0.735337 0.320018 0
vt 0.710073 0.308324 0
vt 0.735337 0.308324 0
vt 0.710073 0.296631 0
vt 0.735337 0.296631 0
vt 0.710073 0.284938 0
vt 0.735338 0.284938 0
vt 0.710073 0.273246 0
vt 0.735338 0.273244 0
vt 0.710074 0.261555 0
vt 0.735338 0.26155 0
vt 0.710074 0.249902 0
vt 0.735338 0.249913 0
vt 0.710128 0.246599 0
vt 0.735338 0.246587 0
vt 0.710067 0.243318 0
vt 0.735338 0.243317 0
vt 0.710061 0.240041 0
vt 0.735338 0.240047 0
vt 0.710116 0.236767 0
vt 0.735338 0.236761 0
vt 0.710058 0.233487 0
vt 0.735338 0.233499 0
vt 0.710116 0.230212 0
vt 0.735338 0.230214 0
vt 0.710061 0.226936 0
vt 0.735338 0.226944 0
vt 0.710065 0.223659 0
vt 0.735338 0.223675 0
vt 0.710123 0.220391 0
vt 0.735338 0.22039 0
vt 0.710068 0.217116 0
vt 0.735338 0.217121 0
vt 0.710069 0.21384 0
vt 0.735338 0.213844 0
vt 0.710069 0.210564 0
vt 0.735338 0.210567 0
vt 0.71007 0.207288 0
vt 0.735338 0.20729 0
vt 0.71007 0.204012 0
vt 0.735338 0.204013 0
vt 0.71007 0.200735 0
vt 0.735338 0.200736 0
vt 0.710071 0.197459 0
vt 0.735338 0.197459 0
vt 0.71007 0.176805 0
vt 0.735338 0.176805 0
vt 0.71007 0.15615 0
vt 0.735339 0.15615 0
vt 0.710069 0.118171 0
vt 0.735339 0.11817 0
vt 0.710069 0.080281 0
vt 0.735339 0.0802808 0
vt 0.710068 0.0424513 0
vt 0.735339 0.0424511 0
vt 0.710067 0.00465068 0
vt 0.73534 0.00465059 0
vt 0.684806 0.598141 0
vt 0.684806 0.577755 0
vt 0.684806 0.557361 0
vt 0.684807 0.536952 0
vt 0.684807 0.516519 0
vt 0.684807 0.496056 0
vt 0.684808 0.475554 0
vt 0.684808 0.45501 0
vt 0.684808 0.43446 0
vt 0.684808 0.41391 0
vt 0.684807 0.39336 0
vt 0.684807 0.352263 0
vt 0.684806 0.331753 0
vt 0.684806 0.320019 0
vt 0.684806 0.308325 0
vt 0.684806 0.296632 0
vt 0.684805 0.284938 0
vt 0.684804 0.273244 0
vt 0.684803 0.261548 0
vt 0.684803 0.249899 0
vt 0.684799 0.217116 0
vt 0.684799 0.213844 0
vt 0.684799 0.210568 0
vt 0.684799 0.207291 0
vt 0.684799 0.204015 0
vt 0.684799 0.200739 0
vt 0.684799 0.197463 0
vt 0.684799 0.176807 0
vt 0.684798 0.156151 0
vt 0.684796 0.118171 0
vt 0.684795 0.0802819 0
vt 0.684793 0.0424522 0
vt 0.684791 0.00465155 0
vt 0.659531 0.59814 0
vt 0.659531 0.577754 0
vt 0.659531 0.557361 0
vt 0.659532 0.536951 0
vt 0.659532 0.516519 0
vt 0.659533 0.496056 0
vt 0.659533 0.475554 0
vt 0.659533 0.45501 0
vt 0.659534 0.43446 0
vt 0.659534 0.413909 0
vt 0.659534 0.393359 0
vt 0.659533 0.35226 0
vt 0.659531 0.331754 0
vt 0.659531 0.32002 0
vt 0.65953 0.308327 0
vt 0.659529 0.296635 0
vt 0.659528 0.284943 0
vt 0.659526 0.273251 0
vt 0.659524 0.261561 0
vt 0.65952 0.249904 0
vt 0.659525 0.217117 0
vt 0.659523 0.213842 0
vt 0.659523 0.210566 0
vt 0.659522 0.20729 0
vt 0.659522 0.204014 0
vt 0.659521 0.200738 0
vt 0.659521 0.197462 0
vt 0.659519 0.176808 0
vt 0.659518 0.156153 0
vt 0.659515 0.118173 0
vt 0.659512 0.0802835 0
vt 0.659509 0.0424537 0
vt 0.659507 0.0046531 0
vt 0.634238 0.59814 0
vt 0.634238 0.577754 0
vt 0.634239 0.55736 0
vt 0.634239 0.536951 0
vt 0.63424 0.516519 0
vt 0.63424 0.496055 0
vt 0.634241 0.475553 0
vt 0.634241 0.455009 0
vt 0.634241 0.434459 0
vt 0.634242 0.413909 0
vt 0.634242 0.393359 0
vt 0.634241 0.37281 0
vt 0.659531 0.372812 0
vt 0.63424 0.352261 0
vt 0.63424 0.331755 0
vt 0.634239 0.320021 0
vt 0.634238 0.308329 0
vt 0.634237 0.296637 0
vt 0.634236 0.284945 0
vt 0.634234 0.273253 0
vt 0.634231 0.261562 0
vt 0.634228 0.249909 0
vt 0.634226 0.246595 0
vt 0.659466 0.246596 0
vt 0.634225 0.243315 0
vt 0.659527 0.243319 0
vt 0.634223 0.240043 0
vt 0.659532 0.240043 0
vt 0.634223 0.23677 0
vt 0.659477 0.236764 0
vt 0.634222 0.23349 0
vt 0.659535 0.233487 0
vt 0.634221 0.230221 0
vt 0.659476 0.230208 0
vt 0.634221 0.226941 0
vt 0.659531 0.226938 0
vt 0.634221 0.223668 0
vt 0.659527 0.223661 0
vt 0.634221 0.220396 0
vt 0.659469 0.220387 0
vt 0.634221 0.217116 0
vt 0.634221 0.213844 0
vt 0.634222 0.210568 0
vt 0.634222 0.207292 0
vt 0.634222 0.204016 0
vt 0.634223 0.200739 0
vt 0.634223 0.197463 0
vt 0.634222 0.17681 0
vt 0.63422 0.156155 0
vt 0.634216 0.118176 0
vt 0.634212 0.0802858 0
vt 0.634208 0.0424559 0
vt 0.634205 0.00465536 0
vt 0.608901 0.598139 0
vt 0.608902 0.577753 0
vt 0.608903 0.557359 0
vt 0.608903 0.53695 0
vt 0.608904 0.516518 0
vt 0.608904 0.496054 0
vt 0.608905 0.475552 0
vt 0.608906 0.455009 0
vt 0.608906 0.434459 0
vt 0.608907 0.413909 0
vt 0.608907 0.393359 0
vt 0.608907 0.37281 0
vt 0.608906 0.352261 0
vt 0.608906 0.331756 0
vt 0.608905 0.320023 0
vt 0.608905 0.30833 0
vt 0.608904 0.296639 0
vt 0.608903 0.284948 0
vt 0.608901 0.273257 0
vt 0.608899 0.261566 0
vt 0.608897 0.249915 0
vt 0.608896 0.246599 0
vt 0.608895 0.243324 0
vt 0.608894 0.240048 0
vt 0.608893 0.236773 0
vt 0.608893 0.233498 0
vt 0.608892 0.230222 0
vt 0.608891 0.226947 0
vt 0.60889 0.223672 0
vt 0.60889 0.220396 0
vt 0.608889 0.217121 0
vt 0.608889 0.213845 0
vt 0.608888 0.21057 0
vt 0.608888 0.207294 0
vt 0.608887 0.204018 0
vt 0.608887 0.200742 0
vt 0.608886 0.197466 0
vt 0.608883 0.176813 0
vt 0.608879 0.156159 0
vt 0.608874 0.118179 0
vt 0.608868 0.0802889 0
vt 0.608864 0.0424587 0
vt 0.608859 0.00465822 0
vt 0.581588 0.598138 0
vt 0.581589 0.577752 0
vt 0.58159 0.557358 0
vt 0.58159 0.536949 0
vt 0.581591 0.516517 0
vt 0.581592 0.496054 0
vt 0.581593 0.475552 0
vt 0.581593 0.455008 0
vt 0.581594 0.434458 0
vt 0.581595 0.413908 0
vt 0.581595 0.393359 0
vt 0.581596 0.37281 0
vt 0.581596 0.352261 0
vt 0.581596 0.331756 0
vt 0.581596 0.320024 0
vt 0.581596 0.308332 0
vt 0.581595 0.296641 0
vt 0.581594 0.284951 0
vt 0.581593 0.273261 0
vt 0.581591 0.261571 0
vt 0.581589 0.249922 0
vt 0.581588 0.246605 0
vt 0.581587 0.24333 0
vt 0.581586 0.240055 0
vt 0.581585 0.236779 0
vt 0.581584 0.233504 0
vt 0.581583 0.230229 0
vt 0.581582 0.226954 0
vt 0.581581 0.223678 0
vt 0.58158 0.220403 0
vt 0.581578 0.217127 0
vt 0.581577 0.213852 0
vt 0.581576 0.210576 0
vt 0.581575 0.2073 0
vt 0.581574 0.204024 0
vt 0.581573 0.200749 0
vt 0.581572 0.197473 0
vt 0.581567 0.176819 0
vt 0.581562 0.156165 0
vt 0.581554 0.118184 0
vt 0.581547 0.080293 0
vt 0.581541 0.0424624 0
vt 0.581536 0.00466168 0
vt 0.556092 0.598137 0
vt 0.556093 0.577751 0
vt 0.556093 0.557358 0
vt 0.556094 0.536948 0
vt 0.556095 0.516516 0
vt 0.556096 0.496053 0
vt 0.556097 0.47555 0
vt 0.556098 0.455007 0
vt 0.556099 0.434457 0
vt 0.5561 0.413907 0
vt 0.556101 0.393358 0
vt 0.556102 0.372809 0
vt 0.556103 0.352261 0
vt 0.556104 0.331756 0
vt 0.556104 0.320024 0
vt 0.556104 0.308333 0
vt 0.556104 0.296643 0
vt 0.556103 0.284953 0
vt 0.556102 0.273264 0
vt 0.556101 0.261576 0
vt 0.556099 0.249928 0
vt 0.556098 0.246612 0
vt 0.556096 0.243338 0
vt 0.556095 0.240063 0
vt 0.556093 0.236788 0
vt 0.556092 0.233513 0
vt 0.55609 0.230238 0
vt 0.556089 0.226963 0
vt 0.556087 0.223687 0
vt 0.556086 0.220412 0
vt 0.556084 0.217136 0
vt 0.556082 0.213861 0
vt 0.556081 0.210585 0
vt 0.556079 0.207309 0
vt 0.556078 0.204033 0
vt 0.556076 0.200757 0
vt 0.556075 0.197481 0
vt 0.556067 0.176827 0
vt 0.55606 0.156172 0
vt 0.55605 0.118189 0
vt 0.556042 0.0802974 0
vt 0.556036 0.0424661 0
vt 0.556031 0.0046652 0
vt 0.587528 0.881339 0
vt 0.57675 0.903402 0
vt 0.608521 0.880567 0
vt 0.600274 0.911637 0
vt 0.631492 0.875549 0
vt 0.627439 0.909037 0
vt 0.654368 0.873096 0
vt 0.652563 0.912423 0
vt 0.666989 0.869561 0
vt 0.689371 0.867307 0
vt 0.67772 0.915397 0
vt 0.711284 0.865106 0
vt 0.702895 0.917831 0
vt 0.732579 0.862668 0
vt 0.728073 0.919518 0
vt 0.753225 0.859577 0
vt 0.753228 0.920265 0
vt 0.672078 0.385538 0
vt 0.684808 0.390819 0
vt 0.697543 0.385545 0
vt 0.702811 0.372809 0
vt 0.697543 0.360077 0
vt 0.684807 0.354803 0
vt 0.672076 0.360081 0
vt 0.666823 0.372811 0
vt 0.675262 0.243031 0
vt 0.684803 0.246988 0
vt 0.694346 0.243035 0
vt 0.6848 0.219986 0
vt 0.675258 0.223941 0
vt 0.694345 0.223939 0
vt 0.698299 0.233486 0
vt 0.671308 0.233485 0
vt 0.240394 0.00836989 0
vt 0.267725 0.164834 0
vt 0.25769 0.166974 0
vt 0.205844 0.0119663 0
vt 0.248543 0.167147 0
vt 0.171509 0.0154572 0
vt 0.238352 0.166117 0
vt 0.137489 0.0188282 0
vt 0.227003 0.16964 0
vt 0.103241 0.0224124 0
vt 0.213772 0.175735 0
vt 0.0680677 0.0272537 0
vt 0.20336 0.186811 0
vt 0.0343049 0.0303625 0
vt 0.188079 0.199724 0
vt 0 0.0340334 0
vt 0.178628 0.213458 0
vt 0.00540417 0.0847752 0
vt 0.165682 0.6529 0
vt 0.177245 0.675362 0
vt 0.0533071 0.82893 0
vt 0.053009 0.801772 0
vt 0.0323489 0.341664 0
vt 0.183789 0.322147 0
vt 0.183493 0.329113 0
vt 0.0327708 0.346028 0
vt 0.0444003 0.501125 0
vt 0.114011 0.478881 0
vt 0.1178 0.495481 0
vt 0.0461576 0.528694 0
vt 0.0214604 0.236636 0
vt 0.169359 0.263029 0
vt 0.172025 0.273097 0
vt 0.0243845 0.264685 0
vt 0.182754 0.335071 0
vt 0.0331931 0.350372 0
vt 0.124232 0.508999 0
vt 0.047484 0.556074 0
vt 0.178703 0.279064 0
vt 0.0273044 0.292613 0
vt 0.0486179 0.583503 0
vt 0.13428 0.52103 0
vt 0.142445 0.544545 0
vt 0.0495574 0.610931 0
vt 0.184755 0.282156 0
vt 0.0278017 0.297102 0
vt 0.0509218 0.66566 0
vt 0.143798 0.58087 0
vt 0.146138 0.597411 0
vt 0.0514299 0.692953 0
vt 0.193209 0.284639 0
vt 0.028295 0.301573 0
vt 0.0503024 0.638304 0
vt 0.142436 0.565271 0
vt 0.147739 0.608451 0
vt 0.0518656 0.720176 0
vt 0.191542 0.287666 0
vt 0.0287871 0.306106 0
vt 0.180823 0.342511 0
vt 0.0336194 0.35469 0
vt 0.152355 0.621636 0
vt 0.0523048 0.747399 0
vt 0.191317 0.290667 0
vt 0.0292603 0.310651 0
vt 0.177822 0.349821 0
vt 0.0340553 0.359037 0
vt 0.0386732 0.42453 0
vt 0.151021 0.405378 0
vt 0.134848 0.423296 0
vt 0.0397668 0.440555 0
vt 0.159465 0.639221 0
vt 0.0526812 0.774598 0
vt 0.190917 0.29494 0
vt 0.0297228 0.315141 0
vt 0.0344976 0.363424 0
vt 0.174205 0.355039 0
vt 0.17046 0.373969 0
vt 0.0355532 0.37869 0
vt 0.0378096 0.409294 0
vt 0.164602 0.391942 0
vt 0.191688 0.298645 0
vt 0.0301848 0.319622 0
vt 0.168335 0.385605 0
vt 0.0366412 0.393897 0
vt 0.193033 0.301912 0
vt 0.0306455 0.324104 0
vt 0.19092 0.306465 0
vt 0.0310893 0.328566 0
vt 0.186991 0.311671 0
vt 0.0315122 0.332958 0
vt 0.040949 0.457012 0
vt 0.119841 0.447909 0
vt 0.113799 0.469159 0
vt 0.0423049 0.473398 0
vt 0.170366 0.235491 0
vt 0.0107615 0.13485 0
vt 0.185237 0.316827 0
vt 0.0319309 0.337322 0
vt 0.167894 0.250186 0
vt 0.016102 0.18582 0
vt 0.188773 0.690095 0
vt 0.0869467 0.828441 0
vt 0.274023 0.724198 0
vt 0.255155 0.827713 0
vt 0.237816 0.717085 0
vt 0.254632 0.721574 0
vt 0.221526 0.827733 0
vt 0.187907 0.827805 0
vt 0.120587 0.828058 0
vt 0.205154 0.702944 0
vt 0.222149 0.710823 0
vt 0.15423 0.827842 0
vt 0.870782 0.745996 0
vt 0.848292 0.745665 0
vt 0.848471 0.734672 0
vt 0.870869 0.735073 0
vt 0.803231 0.745002 0
vt 0.780696 0.744825 0
vt 0.780754 0.733797 0
vt 0.803345 0.733975 0
vt 0.893187 0.745947 0
vt 0.892771 0.735134 0
vt 0.780976 0.681871 0
vt 0.780931 0.693028 0
vt 0.825766 0.745293 0
vt 0.82593 0.734272 0
vt 0.934893 0.735403 0
vt 0.91578 0.744264 0
vt 0.913242 0.733691 0
vt 0.929507 0.729146 0
vt 0.949853 0.704131 0
vt 0.938145 0.699699 0
vt 0.851637 0.790796 0
vt 0.875598 0.798915 0
vt 0.862944 0.809753 0
vt 0.839504 0.802079 0
vt 0.802951 0.778231 0
vt 0.82744 0.783742 0
vt 0.816068 0.79553 0
vt 0.792943 0.790767 0
vt 0.922554 0.818766 0
vt 0.945002 0.83359 0
vt 0.928684 0.839155 0
vt 0.908581 0.827951 0
vt 0.886122 0.81832 0
vt 0.894718 0.860533 0
vt 0.873097 0.852754 0
vt 0.77099 0.789161 0
vt 0.786722 0.823069 0
vt 0.768756 0.817737 0
vt 0.778041 0.775552 0
vt 0.899283 0.808066 0
vt 0.914941 0.86774 0
vt 0.944877 0.854928 0
vt 0.933889 0.872759 0
vt 0.850801 0.844753 0
vt 0.806973 0.829586 0
vt 0.9568 0.858554 0
vt 0.828562 0.836934 0
vt 0.940858 0.881252 0
vt 0.973336 0.717529 0
vt 0.95047 0.752411 0
vt 0.964081 0.209445 0
vt 0.964081 0.188893 0
vt 0.993164 0.188893 0
vt 0.993164 0.209445 0
vt 0.964082 0.388987 0
vt 0.964082 0.385711 0
vt 0.993164 0.385711 0
vt 0.993164 0.388987 0
vt 0.964082 0.405366 0
vt 0.964082 0.402091 0
vt 0.993164 0.402091 0
vt 0.993164 0.405367 0
vt 0.964081 0.0250378 0
vt 0.964081 0.00465059 0
vt 0.993163 0.00465059 0
vt 0.993163 0.0250375 0
vt 0.964081 0.168342 0
vt 0.993164 0.168341 0
vt 0.964082 0.392263 0
vt 0.993164 0.392263 0
vt 0.964081 0.426019 0
vt 0.993164 0.426019 0
vt 0.964081 0.229997 0
vt 0.993164 0.229997 0
vt 0.964082 0.395539 0
vt 0.993164 0.395539 0
vt 0.964081 0.446671 0
vt 0.993164 0.446671 0
vt 0.931637 0.766093 0
vt 0.964081 0.250548 0
vt 0.993164 0.250548 0
vt 0.964082 0.398815 0
vt 0.993164 0.398815 0
vt 0.97954 0.869607 0
vt 0.957748 0.8981 0
vt 0.964081 0.484644 0
vt 0.993164 0.484645 0
vt 0.964081 0.294486 0
vt 0.964081 0.282792 0
vt 0.993164 0.282792 0
vt 0.993164 0.294486 0
vt 0.964081 0.598135 0
vt 0.964081 0.560346 0
vt 0.993163 0.560346 0
vt 0.993163 0.598135 0
vt 0.964082 0.317872 0
vt 0.964081 0.306179 0
vt 0.993164 0.306179 0
vt 0.993164 0.317872 0
vt 0.964081 0.522526 0
vt 0.993163 0.522526 0
vt 0.964081 0.271057 0
vt 0.993164 0.271057 0
vt 0.964081 0.14779 0
vt 0.993163 0.14779 0
vt 0.964082 0.366055 0
vt 0.964082 0.362779 0
vt 0.993164 0.362779 0
vt 0.993164 0.366055 0
vt 0.964082 0.329566 0
vt 0.993164 0.329565 0
vt 0.964081 0.127245 0
vt 0.993163 0.127245 0
vt 0.964082 0.369331 0
vt 0.993164 0.369331 0
vt 0.964082 0.356228 0
vt 0.964082 0.35291 0
vt 0.993164 0.35291 0
vt 0.993164 0.356228 0
vt 0.964081 0.106741 0
vt 0.993163 0.106741 0
vt 0.964082 0.372607 0
vt 0.993164 0.372607 0
vt 0.964082 0.341258 0
vt 0.993164 0.341258 0
vt 0.964081 0.0454324 0
vt 0.993163 0.0454323 0
vt 0.964082 0.375883 0
vt 0.993164 0.375883 0
vt 0.974752 0.839032 0
vt 0.964081 0.0658429 0
vt 0.993163 0.0658427 0
vt 0.964082 0.379159 0
vt 0.993164 0.379159 0
vt 0.964082 0.359504 0
vt 0.993164 0.359504 0
vt 0.964081 0.0862765 0
vt 0.993163 0.0862763 0
vt 0.964082 0.382435 0
vt 0.993164 0.382435 0
vt 0.916883 0.687167 0
vt 0.939001 0.688728 0
vt 0.916079 0.697809 0
vt 0.895062 0.685557 0
vt 0.894283 0.696251 0
vt 0.872765 0.683694 0
vt 0.872118 0.694804 0
vt 0.849734 0.682728 0
vt 0.849399 0.693948 0
vt 0.826733 0.682255 0
vt 0.826552 0.693461 0
vt 0.803822 0.682002 0
vt 0.803723 0.693178 0
vt 0.918349 0.662409 0
vt 0.940154 0.662811 0
vt 0.897373 0.663117 0
vt 0.873799 0.667986 0
vt 0.85012 0.668932 0
vt 0.826905 0.669707 0
vt 0.803906 0.670236 0
vt 0.781012 0.670539 0
vt 0.133913 0.952155 0
vt 0.159189 0.952155 0
vt 0.159189 0.991211 0
vt 0.133913 0.991211 0
vt 0.0832812 0.952155 0
vt 0.108619 0.952155 0
vt 0.108619 0.991211 0
vt 0.0832812 0.991211 0
vt 0.184457 0.952155 0
vt 0.184457 0.991211 0
vt 0.0559667 0.952155 0
vt 0.0559667 0.991211 0
vt 0.869991 0.626717 0
vt 0.895048 0.624646 0
vt 0.825471 0.62929 0
vt 0.847938 0.628296 0
vt 0.780572 0.630308 0
vt 0.803014 0.629933 0
vt 0 0.952086 0
vt 0.030469 0.952155 0
vt 0.030469 0.991211 0
vt 1.49012e-08 0.991211 0
vt 0.939535 0.623523 0
vt 0.91758 0.62387 0
vt 0.760599 0.577755 0
vt 0.760599 0.598141 0
vt 0.760599 0.557362 0
vt 0.760599 0.536952 0
vt 0.760599 0.51652 0
vt 0.760599 0.496057 0
vt 0.760599 0.475555 0
vt 0.760599 0.455011 0
vt 0.760599 0.434461 0
vt 0.760599 0.413911 0
vt 0.760599 0.393362 0
vt 0.760598 0.37281 0
vt 0.7606 0.35226 0
vt 0.760601 0.331753 0
vt 0.760601 0.320018 0
vt 0.760601 0.308324 0
vt 0.760602 0.296631 0
vt 0.760602 0.284939 0
vt 0.760602 0.273246 0
vt 0.760601 0.261555 0
vt 0.760602 0.249902 0
vt 0.760548 0.246599 0
vt 0.760609 0.243318 0
vt 0.760614 0.240041 0
vt 0.76056 0.236768 0
vt 0.760618 0.233488 0
vt 0.76056 0.230212 0
vt 0.760615 0.226937 0
vt 0.760611 0.22366 0
vt 0.760553 0.220391 0
vt 0.760608 0.217117 0
vt 0.760607 0.21384 0
vt 0.760607 0.210564 0
vt 0.760607 0.207288 0
vt 0.760606 0.204012 0
vt 0.760606 0.200736 0
vt 0.760606 0.19746 0
vt 0.760606 0.176806 0
vt 0.760607 0.156151 0
vt 0.760608 0.118171 0
vt 0.760609 0.0802813 0
vt 0.760611 0.0424517 0
vt 0.760612 0.00465107 0
vt 0.785865 0.577755 0
vt 0.785866 0.598141 0
vt 0.785865 0.557362 0
vt 0.785865 0.536952 0
vt 0.785865 0.51652 0
vt 0.785865 0.496057 0
vt 0.785865 0.475555 0
vt 0.785865 0.455011 0
vt 0.785865 0.434461 0
vt 0.785865 0.413911 0
vt 0.785867 0.39336 0
vt 0.785868 0.331754 0
vt 0.785867 0.352264 0
vt 0.785868 0.320019 0
vt 0.785869 0.308326 0
vt 0.785869 0.296632 0
vt 0.78587 0.284939 0
vt 0.785871 0.273244 0
vt 0.785872 0.261549 0
vt 0.785873 0.2499 0
vt 0.785877 0.213845 0
vt 0.785877 0.217117 0
vt 0.785877 0.210568 0
vt 0.785877 0.207292 0
vt 0.785877 0.204016 0
vt 0.785877 0.20074 0
vt 0.785877 0.197464 0
vt 0.785878 0.176807 0
vt 0.785879 0.156152 0
vt 0.785881 0.118172 0
vt 0.785883 0.0802826 0
vt 0.785886 0.0424529 0
vt 0.785888 0.00465232 0
vt 0.811141 0.577755 0
vt 0.811141 0.598141 0
vt 0.81114 0.557361 0
vt 0.81114 0.536952 0
vt 0.81114 0.51652 0
vt 0.81114 0.496056 0
vt 0.81114 0.475554 0
vt 0.811139 0.455011 0
vt 0.811139 0.434461 0
vt 0.811139 0.41391 0
vt 0.811139 0.39336 0
vt 0.811143 0.331755 0
vt 0.811141 0.352261 0
vt 0.811144 0.320021 0
vt 0.811145 0.308328 0
vt 0.811146 0.296636 0
vt 0.811147 0.284944 0
vt 0.811149 0.273252 0
vt 0.811152 0.261563 0
vt 0.811155 0.249905 0
vt 0.811153 0.213843 0
vt 0.811151 0.217118 0
vt 0.811153 0.210567 0
vt 0.811154 0.207291 0
vt 0.811154 0.204015 0
vt 0.811155 0.200739 0
vt 0.811155 0.197463 0
vt 0.811157 0.176809 0
vt 0.811159 0.156154 0
vt 0.811162 0.118174 0
vt 0.811166 0.0802846 0
vt 0.811169 0.0424548 0
vt 0.811172 0.00465429 0
vt 0.836433 0.577755 0
vt 0.836434 0.598141 0
vt 0.836433 0.557361 0
vt 0.836433 0.536952 0
vt 0.836432 0.51652 0
vt 0.836432 0.496056 0
vt 0.836432 0.475554 0
vt 0.836432 0.45501 0
vt 0.836432 0.43446 0
vt 0.836432 0.41391 0
vt 0.836432 0.39336 0
vt 0.836433 0.372811 0
vt 0.811143 0.372813 0
vt 0.836434 0.352262 0
vt 0.836435 0.331756 0
vt 0.836435 0.320023 0
vt 0.836436 0.30833 0
vt 0.836438 0.296638 0
vt 0.836439 0.284947 0
vt 0.836441 0.273255 0
vt 0.836444 0.261563 0
vt 0.836448 0.24991 0
vt 0.836449 0.246597 0
vt 0.811209 0.246597 0
vt 0.836451 0.243316 0
vt 0.811149 0.24332 0
vt 0.836452 0.240044 0
vt 0.811144 0.240044 0
vt 0.836453 0.236771 0
vt 0.811199 0.236765 0
vt 0.836454 0.233491 0
vt 0.811141 0.233488 0
vt 0.836455 0.230222 0
vt 0.811199 0.230209 0
vt 0.836455 0.226942 0
vt 0.811145 0.226939 0
vt 0.836455 0.22367 0
vt 0.811149 0.223662 0
vt 0.836455 0.220398 0
vt 0.811207 0.220388 0
vt 0.836455 0.217118 0
vt 0.836455 0.213846 0
vt 0.836454 0.210569 0
vt 0.836454 0.207293 0
vt 0.836454 0.204017 0
vt 0.836454 0.200741 0
vt 0.836454 0.197464 0
vt 0.836455 0.176811 0
vt 0.836457 0.156157 0
vt 0.836461 0.118177 0
vt 0.836466 0.0802873 0
vt 0.83647 0.0424574 0
vt 0.836474 0.00465691 0
vt 0.861769 0.577754 0
vt 0.86177 0.59814 0
vt 0.861769 0.557361 0
vt 0.861769 0.536951 0
vt 0.861768 0.516519 0
vt 0.861768 0.496056 0
vt 0.861767 0.475554 0
vt 0.861767 0.45501 0
vt 0.861767 0.43446 0
vt 0.861767 0.41391 0
vt 0.861767 0.393361 0
vt 0.861767 0.372812 0
vt 0.861768 0.352263 0
vt 0.861768 0.331757 0
vt 0.861769 0.320024 0
vt 0.86177 0.308332 0
vt 0.861771 0.296641 0
vt 0.861773 0.28495 0
vt 0.861774 0.273259 0
vt 0.861776 0.261568 0
vt 0.861778 0.249917 0
vt 0.861779 0.246601 0
vt 0.86178 0.243325 0
vt 0.861781 0.24005 0
vt 0.861782 0.236775 0
vt 0.861783 0.233499 0
vt 0.861784 0.230224 0
vt 0.861785 0.226949 0
vt 0.861785 0.223673 0
vt 0.861786 0.220398 0
vt 0.861787 0.217122 0
vt 0.861787 0.213847 0
vt 0.861788 0.210571 0
vt 0.861789 0.207296 0
vt 0.861789 0.20402 0
vt 0.86179 0.200744 0
vt 0.86179 0.197468 0
vt 0.861794 0.176815 0
vt 0.861797 0.156161 0
vt 0.861804 0.118181 0
vt 0.861809 0.0802907 0
vt 0.861815 0.0424606 0
vt 0.86182 0.0046601 0
vt 0.889082 0.577754 0
vt 0.889083 0.598139 0
vt 0.889082 0.55736 0
vt 0.889081 0.536951 0
vt 0.889081 0.516519 0
vt 0.88908 0.496055 0
vt 0.88908 0.475553 0
vt 0.889079 0.45501 0
vt 0.889079 0.43446 0
vt 0.889078 0.41391 0
vt 0.889078 0.393361 0
vt 0.889078 0.372812 0
vt 0.889078 0.352264 0
vt 0.889078 0.331758 0
vt 0.889078 0.320026 0
vt 0.889079 0.308334 0
vt 0.88908 0.296644 0
vt 0.889081 0.284953 0
vt 0.889083 0.273263 0
vt 0.889085 0.261573 0
vt 0.889087 0.249924 0
vt 0.889088 0.246607 0
vt 0.889089 0.243332 0
vt 0.88909 0.240057 0
vt 0.889091 0.236782 0
vt 0.889092 0.233506 0
vt 0.889093 0.230231 0
vt 0.889094 0.226956 0
vt 0.889095 0.22368 0
vt 0.889096 0.220405 0
vt 0.889098 0.217129 0
vt 0.889099 0.213854 0
vt 0.8891 0.210578 0
vt 0.889101 0.207302 0
vt 0.889102 0.204027 0
vt 0.889103 0.200751 0
vt 0.889104 0.197475 0
vt 0.88911 0.176821 0
vt 0.889115 0.156167 0
vt 0.889124 0.118186 0
vt 0.889131 0.0802951 0
vt 0.889137 0.0424646 0
vt 0.889142 0.00466397 0
vt 0.914579 0.577753 0
vt 0.914579 0.598139 0
vt 0.914578 0.557359 0
vt 0.914578 0.53695 0
vt 0.914577 0.516518 0
vt 0.914576 0.496054 0
vt 0.914576 0.475552 0
vt 0.914575 0.455009 0
vt 0.914574 0.434459 0
vt 0.914573 0.413909 0
vt 0.914572 0.39336 0
vt 0.914571 0.372811 0
vt 0.914571 0.352263 0
vt 0.91457 0.331759 0
vt 0.91457 0.320026 0
vt 0.914571 0.308335 0
vt 0.914571 0.296645 0
vt 0.914572 0.284956 0
vt 0.914573 0.273267 0
vt 0.914574 0.261579 0
vt 0.914577 0.249931 0
vt 0.914578 0.246615 0
vt 0.914579 0.24334 0
vt 0.914581 0.240065 0
vt 0.914582 0.23679 0
vt 0.914584 0.233515 0
vt 0.914586 0.23024 0
vt 0.914587 0.226965 0
vt 0.914589 0.22369 0
vt 0.914591 0.220414 0
vt 0.914592 0.217139 0
vt 0.914594 0.213863 0
vt 0.914596 0.210588 0
vt 0.914597 0.207312 0
vt 0.914599 0.204036 0
vt 0.9146 0.20076 0
vt 0.914602 0.197483 0
vt 0.91461 0.176829 0
vt 0.914617 0.156174 0
vt 0.914627 0.118192 0
vt 0.914635 0.0802999 0
vt 0.914642 0.0424687 0
vt 0.914648 0.00466788 0
vt 0.918907 0.881322 0
vt 0.929684 0.903378 0
vt 0.897918 0.880553 0
vt 0.906167 0.911615 0
vt 0.874951 0.875537 0
vt 0.879007 0.90902 0
vt 0.852078 0.873087 0
vt 0.853887 0.912409 0
vt 0.839457 0.869554 0
vt 0.817077 0.867301 0
vt 0.828733 0.915386 0
vt 0.795166 0.865103 0
vt 0.80356 0.917824 0
vt 0.773871 0.862666 0
vt 0.778383 0.919514 0
vt 0.798595 0.385538 0
vt 0.785866 0.39082 0
vt 0.773131 0.385545 0
vt 0.767863 0.37281 0
vt 0.773131 0.360078 0
vt 0.785867 0.354804 0
vt 0.798598 0.360082 0
vt 0.803851 0.372812 0
vt 0.795413 0.243032 0
vt 0.785872 0.246988 0
vt 0.77633 0.243035 0
vt 0.785876 0.219986 0
vt 0.795418 0.223942 0
vt 0.77633 0.22394 0
vt 0.772377 0.233487 0
vt 0.799368 0.233486 0
vt 0.183499 0.869346 0
vt 0.196605 0.86022 0
vt 0.201948 0.864502 0
vt 0.186007 0.873851 0
vt 0.189511 0.877994 0
vt 0.206619 0.870459 0
vt 0.21006 0.87771 0
vt 0.191805 0.88209 0
vt 0.191982 0.890573 0
vt 0.209893 0.893817 0
vt 0.208132 0.901683 0
vt 0.189852 0.894756 0
vt 0.186581 0.899159 0
vt 0.204646 0.908787 0
vt 0.199405 0.912867 0
vt 0.184199 0.904014 0
vt 0.21209 0.885866 0
vt 0.192606 0.886277 0
vt 0.0412277 0.888688 0
vt 0.0232318 0.888762 0
vt 0.0238378 0.881011 0
vt 0.0418574 0.884493 0
vt 0.0440988 0.896914 0
vt 0.0268872 0.90365 0
vt 0.0242597 0.896453 0
vt 0.0419427 0.892798 0
vt 0.0474939 0.901201 0
vt 0.0309169 0.909908 0
vt 0.0439127 0.880179 0
vt 0.0259374 0.873642 0
vt 0.0293022 0.867131 0
vt 0.0472333 0.87585 0
vt 0.0340758 0.862204 0
vt 0.0496167 0.871222 0
vt 0.0498679 0.905827 0
vt 0.0358569 0.914676 0
vt 0.182951 0.874329 0
vt 0.0503262 0.876276 0
vt 0.0541362 0.892162 0
vt 0.179672 0.89026 0
vt 0.181136 0.89427 0
vt 0.0527738 0.896272 0
vt 0.052577 0.880795 0
vt 0.180932 0.878866 0
vt 0.179595 0.882847 0
vt 0.0540128 0.884783 0
vt 0.183395 0.898847 0
vt 0.0505841 0.900828 0
vt 0.185972 0.898876 0
vt 0.189119 0.882846 0
vt 0.189507 0.886388 0
vt 0.185436 0.874166 0
vt 0.187804 0.878877 0
vt 0.189193 0.889927 0
vt 0.188089 0.893953 0
vt 0.184822 0.874366 0
vt 0.186077 0.879359 0
vt 0.186899 0.886414 0
vt 0.186761 0.889643 0
vt 0.186331 0.893556 0
vt 0.186678 0.883226 0
vt 0.185326 0.898709 0
vt 0.184385 0.883359 0
vt 0.184444 0.886496 0
vt 0.18419 0.874455 0
vt 0.184359 0.879503 0
vt 0.184459 0.889605 0
vt 0.18459 0.89349 0
vt 0.18467 0.898655 0
vt 0.182635 0.879326 0
vt 0.182065 0.883261 0
vt 0.182853 0.893742 0
vt 0.184026 0.898707 0
vt 0.181967 0.886522 0
vt 0.183566 0.874437 0
vt 0.182146 0.889778 0
vt 0.179183 0.886552 0
vt 0.0545027 0.888417 0
vt 0.0480794 0.900903 0
vt 0.0458241 0.896079 0
vt 0.0446053 0.8921 0
vt 0.0456899 0.881023 0
vt 0.0478028 0.876147 0
vt 0.0442754 0.888622 0
vt 0.0445999 0.885112 0
vt 0.0470209 0.885382 0
vt 0.0474374 0.881466 0
vt 0.0484188 0.876342 0
vt 0.0468849 0.888572 0
vt 0.0475574 0.895635 0
vt 0.0470049 0.891753 0
vt 0.0487064 0.90072 0
vt 0.0493476 0.90065 0
vt 0.0493082 0.885417 0
vt 0.049162 0.881583 0
vt 0.0490593 0.876432 0
vt 0.0493266 0.888529 0
vt 0.0492834 0.895518 0
vt 0.0492943 0.89165 0
vt 0.0510158 0.895716 0
vt 0.0516161 0.891766 0
vt 0.0499805 0.900687 0
vt 0.0517984 0.88848 0
vt 0.0516045 0.885226 0
vt 0.0508767 0.881392 0
vt 0.0497031 0.876411 0
vt 0.0212572 0.917076 0
vt 0.0116859 0.924698 0
vt 0.00493287 0.913024 0
vt 0.015657 0.907633 0
vt 0.229026 0.874135 0
vt 0.23937 0.870713 0
vt 0.241684 0.885781 0
vt 0.230754 0.886387 0
vt 0.0314994 0.926657 0
vt 0.0206302 0.935586 0
vt 0.22405 0.862219 0
vt 0.233482 0.856144 0
vt 0.0227205 0.859743 0
vt 0.013432 0.852256 0
vt 0.0229735 0.842927 0
vt 0.0317958 0.852914 0
vt 0.215663 0.851323 0
vt 0.223679 0.842835 0
vt 0.0168106 0.867791 0
vt 0.0063628 0.862896 0
vt 0.200797 0.84082 0
vt 0.209983 0.830565 0
vt 0.0131233 0.877165 0
vt 0.00182966 0.874775 0
vt 0.216198 0.921732 0
vt 0.22423 0.93019 0
vt 0.210007 0.941771 0
vt 0.201581 0.930436 0
vt 0.0116657 0.887305 0
vt 0 0.887475 0
vt 0.223906 0.91133 0
vt 0.234557 0.917267 0
vt 0.0125055 0.897629 0
vt 0.0010161 0.900423 0
vt 0.229125 0.8992 0
vt 0.240274 0.90151 0
vt 0.283008 0.8695 0
vt 0.288057 0.864875 0
vt 0.301737 0.873117 0
vt 0.299531 0.877778 0
vt 0.275785 0.883215 0
vt 0.278739 0.875753 0
vt 0.296308 0.882143 0
vt 0.29429 0.886381 0
vt 0.27929 0.907009 0
vt 0.277013 0.899276 0
vt 0.294672 0.894858 0
vt 0.297073 0.898892 0
vt 0.288735 0.917593 0
vt 0.283237 0.913868 0
vt 0.300628 0.903069 0
vt 0.303325 0.907757 0
vt 0.274297 0.891487 0
vt 0.293766 0.890612 0
vt 0.461818 0.874224 0
vt 0.462934 0.881918 0
vt 0.444973 0.883031 0
vt 0.444068 0.878887 0
vt 0.462416 0.88966 0
vt 0.460269 0.897013 0
vt 0.442651 0.891428 0
vt 0.444531 0.887179 0
vt 0.456661 0.903524 0
vt 0.439546 0.895929 0
vt 0.45545 0.860734 0
vt 0.459237 0.867009 0
vt 0.441733 0.874718 0
vt 0.438134 0.870618 0
vt 0.450362 0.856133 0
vt 0.43545 0.866156 0
vt 0.452046 0.908607 0
vt 0.437483 0.900702 0
vt 0.302612 0.878053 0
vt 0.435076 0.871246 0
vt 0.305739 0.897831 0
vt 0.306934 0.893733 0
vt 0.432322 0.887349 0
vt 0.433953 0.89136 0
vt 0.306523 0.886331 0
vt 0.304926 0.882447 0
vt 0.433128 0.875904 0
vt 0.431958 0.879978 0
vt 0.303786 0.902547 0
vt 0.436438 0.895761 0
vt 0.301217 0.902746 0
vt 0.297019 0.886958 0
vt 0.296866 0.890518 0
vt 0.300121 0.878054 0
vt 0.298069 0.882911 0
vt 0.297412 0.894028 0
vt 0.298779 0.897974 0
vt 0.300748 0.878213 0
vt 0.299824 0.883279 0
vt 0.29947 0.890372 0
vt 0.29982 0.893585 0
vt 0.300508 0.897461 0
vt 0.299479 0.887177 0
vt 0.301851 0.902537 0
vt 0.301777 0.887158 0
vt 0.301925 0.890292 0
vt 0.301383 0.87826 0
vt 0.301548 0.883308 0
vt 0.302115 0.893395 0
vt 0.30224 0.897281 0
vt 0.302502 0.90244 0
vt 0.303257 0.883019 0
vt 0.304085 0.886907 0
vt 0.303991 0.897417 0
vt 0.303147 0.90245 0
vt 0.304399 0.890155 0
vt 0.302005 0.878201 0
vt 0.304434 0.893416 0
vt 0.307178 0.890001 0
vt 0.431709 0.883637 0
vt 0.438942 0.89567 0
vt 0.440875 0.890709 0
vt 0.441828 0.886658 0
vt 0.440015 0.875677 0
vt 0.437585 0.870951 0
vt 0.441928 0.883167 0
vt 0.441372 0.879685 0
vt 0.438975 0.880115 0
vt 0.438301 0.876234 0
vt 0.436983 0.871187 0
vt 0.439321 0.883288 0
vt 0.439116 0.89038 0
vt 0.439411 0.88647 0
vt 0.438305 0.89553 0
vt 0.43766 0.895502 0
vt 0.436695 0.8803 0
vt 0.436588 0.876465 0
vt 0.43635 0.871318 0
vt 0.436882 0.883406 0
vt 0.437386 0.890377 0
vt 0.43712 0.886519 0
vt 0.43567 0.890689 0
vt 0.434811 0.886787 0
vt 0.437031 0.895581 0
vt 0.434412 0.883521 0
vt 0.434391 0.880261 0
vt 0.434864 0.876388 0
vt 0.435706 0.87134 0
vt 0.482793 0.904919 0
vt 0.476825 0.917013 0
vt 0.466772 0.910039 0
vt 0.471737 0.900248 0
vt 0.244761 0.893354 0
vt 0.246076 0.878166 0
vt 0.256624 0.880898 0
vt 0.255707 0.893239 0
vt 0.468618 0.928467 0
vt 0.457184 0.920274 0
vt 0.250991 0.863241 0
vt 0.260803 0.86868 0
vt 0.460169 0.836167 0
vt 0.470305 0.844845 0
vt 0.46153 0.852929 0
vt 0.452024 0.846713 0
vt 0.259895 0.849313 0
vt 0.268453 0.857254 0
vt 0.47806 0.854996 0
vt 0.467958 0.860569 0
vt 0.272752 0.836167 0
vt 0.282595 0.845793 0
vt 0.483367 0.86655 0
vt 0.472256 0.869679 0
vt 0.280062 0.947135 0
vt 0.265106 0.936517 0
vt 0.272563 0.927547 0
vt 0.287723 0.935268 0
vt 0.48603 0.879101 0
vt 0.474379 0.879701 0
vt 0.253949 0.924303 0
vt 0.264186 0.917676 0
vt 0.48587 0.892088 0
vt 0.474222 0.890058 0
vt 0.247205 0.908956 0
vt 0.258178 0.905916 0
vt 0.275452 0.431429 0
vt 0.275452 0.420796 0
vt 0.296718 0.420796 0
vt 0.296718 0.431429 0
vt 0.254186 0.431429 0
vt 0.254186 0.420796 0
vt 0.232921 0.431429 0
vt 0.232921 0.420796 0
vt 0.211655 0.431429 0
vt 0.211655 0.420796 0
vt 0.33925 0.420796 0
vt 0.360516 0.426113 0
vt 0.33925 0.431429 0
vt 0.317984 0.431429 0
vt 0.317984 0.420796 0
vt 0.317984 0.442062 0
vt 0.33925 0.442062 0
vt 0.296718 0.442062 0
vt 0.275452 0.442062 0
vt 0.254186 0.442062 0
vt 0.232921 0.442062 0
vt 0.211655 0.442062 0
vt 0.360516 0.436746 0
vt 0.232921 0.452695 0
vt 0.254186 0.452695 0
vt 0.211655 0.452695 0
vt 0.360516 0.447379 0
vt 0.33925 0.452695 0
vt 0.317984 0.452695 0
vt 0.296718 0.452695 0
vt 0.275452 0.452695 0
vt 0.296718 0.463328 0
vt 0.317984 0.463328 0
vt 0.275452 0.463328 0
vt 0.254186 0.463328 0
vt 0.232921 0.463328 0
vt 0.211655 0.463328 0
vt 0.360516 0.458011 0
vt 0.33925 0.463328 0
vt 0.211655 0.473961 0
vt 0.232921 0.473961 0
vt 0.360516 0.468644 0
vt 0.33925 0.473961 0
vt 0.317984 0.473961 0
vt 0.296718 0.473961 0
vt 0.275452 0.473961 0
vt 0.254186 0.473961 0
vt 0.275452 0.484594 0
vt 0.296718 0.484594 0
vt 0.254186 0.484594 0
vt 0.232921 0.484594 0
vt 0.211655 0.484594 0
vt 0.360516 0.479277 0
vt 0.33925 0.484594 0
vt 0.317984 0.484594 0
vt 0.360516 0.48991 0
vt 0.33925 0.495227 0
vt 0.317984 0.495227 0
vt 0.296718 0.495227 0
vt 0.275452 0.495227 0
vt 0.254186 0.495227 0
vt 0.232921 0.495227 0
vt 0.211655 0.495227 0
vt 0.275452 0.50586 0
vt 0.296718 0.50586 0
vt 0.254186 0.50586 0
vt 0.232921 0.50586 0
vt 0.211655 0.50586 0
vt 0.360516 0.500543 0
vt 0.33925 0.50586 0
vt 0.317984 0.50586 0
vt 0.360516 0.511176 0
vt 0.33925 0.516493 0
vt 0.317984 0.516493 0
vt 0.296718 0.516493 0
vt 0.275452 0.516493 0
vt 0.254186 0.516493 0
vt 0.232921 0.516493 0
vt 0.211655 0.516493 0
vt 0.254186 0.527126 0
vt 0.275452 0.527126 0
vt 0.232921 0.527126 0
vt 0.211655 0.527126 0
vt 0.360516 0.521809 0
vt 0.33925 0.527126 0
vt 0.317984 0.527126 0
vt 0.296718 0.527126 0
vt 0.360516 0.532442 0
vt 0.33925 0.537759 0
vt 0.317984 0.537758 0
vt 0.296718 0.537758 0
vt 0.275452 0.537758 0
vt 0.254186 0.537758 0
vt 0.232921 0.537758 0
vt 0.211655 0.537759 0
vt 0.254186 0.548391 0
vt 0.275452 0.548391 0
vt 0.232921 0.548391 0
vt 0.211655 0.548391 0
vt 0.360516 0.543075 0
vt 0.33925 0.548392 0
vt 0.317984 0.548391 0
vt 0.296718 0.548391 0
vt 0.317984 0.559024 0
vt 0.33925 0.559024 0
vt 0.296718 0.559024 0
vt 0.275452 0.559024 0
vt 0.254186 0.559024 0
vt 0.232921 0.559024 0
vt 0.211655 0.559024 0
vt 0.360516 0.553708 0
vt 0.232921 0.569657 0
vt 0.254186 0.569657 0
vt 0.211655 0.569657 0
vt 0.360516 0.564341 0
vt 0.33925 0.569657 0
vt 0.317984 0.569657 0
vt 0.296718 0.569657 0
vt 0.275452 0.569657 0
vt 0.296718 0.58029 0
vt 0.317984 0.58029 0
vt 0.275452 0.58029 0
vt 0.254186 0.58029 0
vt 0.232921 0.58029 0
vt 0.211655 0.58029 0
vt 0.360516 0.574974 0
vt 0.33925 0.58029 0
vt 0.211655 0.590923 0
vt 0.232921 0.590923 0
vt 0.360516 0.585607 0
vt 0.33925 0.590923 0
vt 0.317984 0.590923 0
vt 0.296718 0.590923 0
vt 0.275452 0.590923 0
vt 0.254186 0.590923 0
vt 0.296718 0.601556 0
vt 0.317984 0.601556 0
vt 0.275452 0.601556 0
vt 0.254186 0.601556 0
vt 0.232921 0.601556 0
vt 0.211655 0.601556 0
vt 0.360516 0.59624 0
vt 0.33925 0.601556 0
vt 0.211655 0.612189 0
vt 0.232921 0.612189 0
vt 0.360516 0.606873 0
vt 0.33925 0.612189 0
vt 0.317984 0.612189 0
vt 0.296718 0.612189 0
vt 0.275452 0.612189 0
vt 0.254186 0.612189 0
vt 0.275452 0.622822 0
vt 0.296718 0.622822 0
vt 0.254186 0.622822 0
vt 0.232921 0.622822 0
vt 0.211655 0.622822 0
vt 0.360516 0.617506 0
vt 0.33925 0.622822 0
vt 0.317984 0.622822 0
vt 0.360516 0.628138 0
vt 0.33925 0.633455 0
vt 0.317984 0.633455 0
vt 0.296718 0.633455 0
vt 0.275452 0.633455 0
vt 0.254186 0.633455 0
vt 0.232921 0.633455 0
vt 0.211655 0.633455 0
vt 0.275452 0.644088 0
vt 0.296718 0.644088 0
vt 0.254186 0.644088 0
vt 0.232921 0.644088 0
vt 0.211655 0.644088 0
vt 0.360516 0.638771 0
vt 0.33925 0.644088 0
vt 0.317984 0.644088 0
vt 0.360516 0.649404 0
vt 0.33925 0.654721 0
vt 0.317984 0.654721 0
vt 0.296718 0.654721 0
vt 0.275452 0.654721 0
vt 0.254186 0.654721 0
vt 0.232921 0.654721 0
vt 0.211655 0.654721 0
vt 0.254187 0.665354 0
vt 0.275452 0.665354 0
vt 0.232921 0.665354 0
vt 0.211655 0.665354 0
vt 0.360516 0.660037 0
vt 0.33925 0.665354 0
vt 0.317984 0.665354 0
vt 0.296718 0.665354 0
vt 0.317984 0.675987 0
vt 0.33925 0.675987 0
vt 0.296718 0.675987 0
vt 0.275452 0.675987 0
vt 0.254187 0.675987 0
vt 0.232921 0.675987 0
vt 0.211655 0.675987 0
vt 0.360516 0.67067 0
vt 0.232921 0.346365 0
vt 0.232921 0.335732 0
vt 0.254187 0.335733 0
vt 0.254187 0.346365 0
vt 0.211655 0.346365 0
vt 0.211655 0.335733 0
vt 0.33925 0.335732 0
vt 0.360516 0.341049 0
vt 0.33925 0.346365 0
vt 0.317984 0.346365 0
vt 0.317984 0.335732 0
vt 0.296718 0.346365 0
vt 0.296718 0.335732 0
vt 0.275452 0.346365 0
vt 0.275452 0.335733 0
vt 0.317984 0.356998 0
vt 0.33925 0.356998 0
vt 0.296718 0.356998 0
vt 0.275452 0.356998 0
vt 0.254187 0.356998 0
vt 0.232921 0.356998 0
vt 0.211655 0.356998 0
vt 0.360516 0.351682 0
vt 0.232921 0.367631 0
vt 0.254187 0.367631 0
vt 0.211655 0.367631 0
vt 0.360516 0.362315 0
vt 0.33925 0.367631 0
vt 0.317984 0.367631 0
vt 0.296718 0.367631 0
vt 0.275452 0.367631 0
vt 0.296718 0.378264 0
vt 0.317984 0.378264 0
vt 0.275452 0.378264 0
vt 0.254187 0.378264 0
vt 0.232921 0.378264 0
vt 0.211655 0.378264 0
vt 0.360516 0.372948 0
vt 0.33925 0.378264 0
vt 0.211655 0.388897 0
vt 0.232921 0.388897 0
vt 0.360516 0.383581 0
vt 0.33925 0.388897 0
vt 0.317984 0.388897 0
vt 0.296718 0.388897 0
vt 0.275452 0.388897 0
vt 0.254187 0.388897 0
vt 0.296718 0.39953 0
vt 0.317984 0.39953 0
vt 0.275452 0.39953 0
vt 0.254187 0.39953 0
vt 0.232921 0.39953 0
vt 0.211655 0.39953 0
vt 0.360516 0.394214 0
vt 0.33925 0.39953 0
vt 0.211655 0.410163 0
vt 0.232921 0.410163 0
vt 0.360516 0.404847 0
vt 0.33925 0.410163 0
vt 0.317984 0.410163 0
vt 0.296718 0.410163 0
vt 0.275452 0.410163 0
vt 0.254187 0.410163 0
vt 0.360516 0.41548 0
vt 0.36578 0.639997 0
vt 0.354048 0.669268 0
vt 0.33163 0.669298 0
vt 0.332082 0.630046 0
vt 0.332389 0.602632 0
vt 0.36344 0.607903 0
vt 0.353583 0.57272 0
vt 0.332736 0.570977 0
vt 0.332911 0.554461 0
vt 0.34801 0.555149 0
vt 0.333031 0.542995 0
vt 0.343545 0.543153 0
vt 0.382061 0.645781 0
vt 0.375649 0.671392 0
vt 0.398736 0.615449 0
vt 0.393675 0.602169 0
vt 0.384891 0.587355 0
vt 0.373683 0.567515 0
vt 0.359457 0.551109 0
vt 0.35275 0.540075 0
vt 0.412712 0.583777 0
vt 0.41898 0.595032 0
vt 0.407089 0.569247 0
vt 0.378148 0.701288 0
vt 0.356537 0.711318 0
vt 0.389933 0.718023 0
vt 0.374417 0.733571 0
vt 0.400932 0.728563 0
vt 0.394824 0.752091 0
vt 0.435195 0.749944 0
vt 0.435839 0.772528 0
vt 0.471911 0.753024 0
vt 0.47634 0.773286 0
vt 0.502785 0.747308 0
vt 0.506756 0.764122 0
vt 0.526341 0.733221 0
vt 0.534923 0.748918 0
vt 0.545026 0.713081 0
vt 0.563427 0.717348 0
vt 0.559402 0.681634 0
vt 0.569621 0.681698 0
vt 0.331175 0.707662 0
vt 0.347193 0.733798 0
vt 0.330859 0.733797 0
vt 0.559612 0.627167 0
vt 0.58408 0.628956 0
vt 0.551379 0.602756 0
vt 0.568617 0.596967 0
vt 0.541411 0.585529 0
vt 0.553553 0.570865 0
vt 0.527462 0.576414 0
vt 0.534447 0.557284 0
vt 0.502369 0.569225 0
vt 0.505479 0.552831 0
vt 0.481576 0.553924 0
vt 0.482962 0.573627 0
vt 0.455712 0.580875 0
vt 0.455874 0.564105 0
vt 0.362262 0.750339 0
vt 0.386183 0.776048 0
vt 0.432562 0.796574 0
vt 0.483404 0.793672 0
vt 0.518259 0.784156 0
vt 0.553318 0.768032 0
vt 0.560713 0.742556 0
vt 0.348868 0.771254 0
vt 0.330388 0.772101 0
vt 0.602219 0.685972 0
vt 0.59847 0.721047 0
vt 0.594403 0.747079 0
vt 0.588523 0.774883 0
vt 0.583771 0.793204 0
vt 0.552679 0.795677 0
vt 0.57399 0.815211 0
vt 0.546977 0.828061 0
vt 0.560529 0.845145 0
vt 0.535727 0.864924 0
vt 0.547399 0.871257 0
vt 0.522035 0.894952 0
vt 0.52886 0.904857 0
vt 0.511584 0.924812 0
vt 0.516613 0.814477 0
vt 0.512204 0.847746 0
vt 0.503428 0.883377 0
vt 0.490349 0.915474 0
vt 0.475244 0.951258 0
vt 0.477574 0.824516 0
vt 0.474034 0.859263 0
vt 0.466324 0.895425 0
vt 0.457036 0.929814 0
vt 0.445151 0.964314 0
vt 0.433693 0.826583 0
vt 0.432026 0.863297 0
vt 0.428838 0.901421 0
vt 0.424152 0.93875 0
vt 0.416782 0.975889 0
vt 0.38873 0.819479 0
vt 0.392284 0.862069 0
vt 0.3922 0.903485 0
vt 0.390296 0.943709 0
vt 0.387292 0.983828 0
vt 0.350569 0.816493 0
vt 0.3577 0.860024 0
vt 0.359089 0.903699 0
vt 0.356776 0.946784 0
vt 0.353737 0.987494 0
vt 0.329831 0.816513 0
vt 0.329266 0.8608 0
vt 0.328701 0.904305 0
vt 0.328133 0.947339 0
vt 0.327593 0.987598 0
vt 0.62936 0.565627 0
vt 0.616138 0.588103 0
vt 0.605703 0.558628 0
vt 0.619818 0.543596 0
vt 0.580397 0.531809 0
vt 0.592072 0.513162 0
vt 0.553939 0.514725 0
vt 0.561135 0.491613 0
vt 0.511337 0.507729 0
vt 0.509182 0.481335 0
vt 0.468961 0.487754 0
vt 0.478055 0.514372 0
vt 0.445857 0.538543 0
vt 0.435794 0.523527 0
vt 0.602017 0.602489 0
vt 0.589283 0.575348 0
vt 0.568457 0.551463 0
vt 0.545627 0.537976 0
vt 0.5109 0.533702 0
vt 0.481568 0.53648 0
vt 0.454719 0.553439 0
vt 0.393671 0.556719 0
vt 0.416352 0.554162 0
vt 0.439554 0.621041 0
vt 0.466084 0.616796 0
vt 0.487045 0.617169 0
vt 0.509195 0.619546 0
vt 0.544455 0.624683 0
vt 0.420585 0.650721 0
vt 0.450035 0.65519 0
vt 0.472691 0.656911 0
vt 0.498105 0.660958 0
vt 0.529268 0.677668 0
vt 0.411744 0.68717 0
vt 0.425379 0.700597 0
vt 0.443799 0.717222 0
vt 0.463753 0.723102 0
vt 0.496012 0.723383 0
vt 0.425469 0.536952 0
vt 0.38649 0.544743 0
vt 0.649845 0.600561 0
vt 0.638083 0.624927 0
vt 0.620014 0.646381 0
vt 0.657029 0.570676 0
vt 0.369927 0.534778 0
vt 0.376411 0.503569 0
vt 0.389155 0.507002 0
vt 0.381628 0.5208 0
vt 0.370276 0.515434 0
vt 0.396985 0.529693 0
vt 0.406911 0.542001 0
vt 0.418835 0.525835 0
vt 0.4286 0.51234 0
vt 0.410343 0.51473 0
vt 0.424505 0.494106 0
vt 0.358963 0.527321 0
vt 0.350407 0.532569 0
vt 0.343062 0.534545 0
vt 0.333088 0.537526 0
vt 0.342392 0.449681 0
vt 0.333942 0.44808 0
vt 0.334136 0.42478 0
vt 0.351701 0.43809 0
vt 0.358173 0.462188 0
vt 0.368957 0.455179 0
vt 0.377961 0.491685 0
vt 0.393007 0.488016 0
vt 0.419163 0.486385 0
vt 0.409941 0.476467 0
vt 0.516595 0.458281 0
vt 0.566897 0.46025 0
vt 0.605897 0.491578 0
vt 0.63667 0.527446 0
vt 0.56635 0.407359 0
vt 0.593298 0.432945 0
vt 0.622867 0.468248 0
vt 0.650315 0.514341 0
vt 0.644155 0.55478 0
vt 0.657719 0.552863 0
vt 0.483311 0.472323 0
vt 0.558405 0.394782 0
vt 0.49618 0.457221 0
vt 0.333871 0.456135 0
vt 0.341139 0.458997 0
vt 0.356541 0.467419 0
vt 0.372717 0.493336 0
vt 0.370689 0.501686 0
vt 0.36674 0.512898 0
vt 0.356791 0.525016 0
vt 0.350172 0.529242 0
vt 0.341966 0.53186 0
vt 0.350417 0.510743 0
vt 0.34756 0.514176 0
vt 0.354628 0.50335 0
vt 0.355602 0.497782 0
vt 0.357382 0.49305 0
vt 0.348497 0.474302 0
vt 0.340061 0.47073 0
vt 0.333745 0.4702 0
vt 0.337286 0.53167 0
vt 0.345242 0.518729 0
vt 0.333179 0.528659 0
vt 0.335763 0.527382 0
vt 0.333284 0.518159 0
vt 0.335351 0.517499 0
vt 0.333376 0.508955 0
vt 0.335237 0.508523 0
vt 0.343958 0.517444 0
vt 0.344173 0.514013 0
vt 0.343927 0.509975 0
vt 0.341248 0.504004 0
vt 0.333454 0.500968 0
vt 0.790938 0.709197 0
vt 0.79176 0.711007 0
vt 0.788708 0.711136 0
vt 0.79808 0.724408 0
vt 0.790949 0.737228 0
vt 0.807763 0.757113 0
vt 0.793604 0.773265 0
vt 0.810175 0.773112 0
vt 0.807847 0.784455 0
vt 0.8064 0.807455 0
vt 0.785643 0.786379 0
vt 0.807252 0.838499 0
vt 0.780321 0.809174 0
vt 0.802368 0.863232 0
vt 0.773983 0.83399 0
vt 0.793567 0.877504 0
vt 0.771837 0.864846 0
vt 0.778824 0.747386 0
vt 0.763798 0.774991 0
vt 0.751508 0.78747 0
vt 0.73882 0.807127 0
vt 0.753382 0.827535 0
vt 0.746541 0.845297 0
vt 0.716311 0.823467 0
vt 0.778178 0.701825 0
vt 0.756382 0.744446 0
vt 0.743312 0.753278 0
vt 0.731218 0.758015 0
vt 0.708775 0.808269 0
vt 0.790363 0.708095 0
vt 0.781456 0.694198 0
vt 0.759139 0.700253 0
vt 0.761302 0.676427 0
vt 0.742563 0.722432 0
vt 0.741622 0.702265 0
vt 0.719669 0.730858 0
vt 0.705933 0.768798 0
vt 0.706496 0.742621 0
vt 0.705105 0.79098 0
vt 0.742788 0.647277 0
vt 0.731965 0.644654 0
vt 0.738115 0.634804 0
vt 0.745501 0.637008 0
vt 0.747322 0.625963 0
vt 0.744516 0.624769 0
vt 0.754309 0.652565 0
vt 0.751448 0.639055 0
vt 0.749439 0.626248 0
vt 0.749094 0.62347 0
vt 0.747745 0.62388 0
vt 0.746649 0.622383 0
vt 0.743968 0.67276 0
vt 0.73305 0.689748 0
vt 0.713885 0.709738 0
vt 0.696859 0.732142 0
vt 0.732911 0.661543 0
vt 0.723488 0.676343 0
vt 0.710068 0.693591 0
vt 0.718994 0.661799 0
vt 0.706644 0.679817 0
vt 0.701045 0.709707 0
vt 0.689194 0.712898 0
vt 0.697733 0.696447 0
vt 0.748457 0.621008 0
vt 0.68216 0.683138 0
vt 0.694399 0.67484 0
vt 0.702909 0.665154 0
vt 0.681535 0.652228 0
vt 0.693288 0.653091 0
vt 0.740905 0.614889 0
vt 0.746705 0.613733 0
vt 0.738018 0.609679 0
vt 0.7469 0.596092 0
vt 0.715146 0.649097 0
vt 0.726464 0.635357 0
vt 0.731161 0.627218 0
vt 0.737407 0.618579 0
vt 0.733266 0.606359 0
vt 0.732979 0.600754 0
vt 0.733767 0.611583 0
vt 0.729342 0.614801 0
vt 0.722051 0.622785 0
vt 0.710387 0.635195 0
vt 0.698311 0.648722 0
vt 0.730254 0.606485 0
vt 0.727856 0.608951 0
vt 0.720132 0.614155 0
vt 0.705024 0.625497 0
vt 0.691762 0.64077 0
vt 0.684039 0.63803 0
vt 0.689463 0.635844 0
vt 0.7287 0.599764 0
vt 0.725906 0.600582 0
vt 0.717607 0.604297 0
vt 0.703192 0.614671 0
vt 0.690721 0.629127 0
vt 0.689517 0.62198 0
vt 0.68901 0.622104 0
vt 0.669521 0.560491 0
vt 0.681753 0.546692 0
vt 0.688318 0.54047 0
vt 0.684146 0.553061 0
vt 0.702712 0.535778 0
vt 0.700914 0.546752 0
vt 0.714343 0.531777 0
vt 0.714736 0.541408 0
vt 0.729641 0.528917 0
vt 0.727725 0.542599 0
vt 0.734147 0.541274 0
vt 0.736185 0.550441 0
vt 0.737732 0.548111 0
vt 0.741238 0.556286 0
vt 0.664467 0.575511 0
vt 0.682154 0.566328 0
vt 0.700627 0.558281 0
vt 0.71512 0.552413 0
vt 0.72744 0.552828 0
vt 0.736215 0.557701 0
vt 0.742469 0.561303 0
vt 0.665332 0.59101 0
vt 0.683415 0.581146 0
vt 0.701937 0.571966 0
vt 0.716151 0.565263 0
vt 0.726866 0.564497 0
vt 0.73567 0.566564 0
vt 0.743972 0.567501 0
vt 0.668408 0.603528 0
vt 0.686134 0.595536 0
vt 0.704536 0.58634 0
vt 0.717669 0.580168 0
vt 0.726798 0.578554 0
vt 0.735137 0.578254 0
vt 0.744631 0.574201 0
vt 0.6751 0.615858 0
vt 0.692857 0.607191 0
vt 0.70917 0.596741 0
vt 0.72027 0.590411 0
vt 0.727285 0.587828 0
vt 0.734557 0.586724 0
vt 0.745036 0.58119 0
vt 0.717474 0.523296 0
vt 0.733512 0.508728 0
vt 0.718467 0.508292 0
vt 0.734466 0.498894 0
vt 0.717182 0.489811 0
vt 0.734331 0.486503 0
vt 0.716038 0.471311 0
vt 0.734324 0.470931 0
vt 0.733591 0.46586 0
vt 0.715578 0.464726 0
vt 0.715215 0.460217 0
vt 0.733845 0.46028 0
vt 0.701016 0.527659 0
vt 0.701024 0.512477 0
vt 0.700595 0.492313 0
vt 0.699647 0.473869 0
vt 0.700085 0.466502 0
vt 0.699942 0.460162 0
vt 0.683276 0.531879 0
vt 0.682319 0.515214 0
vt 0.68111 0.494039 0
vt 0.680063 0.475569 0
vt 0.681684 0.46845 0
vt 0.682797 0.460099 0
vt 0.664946 0.496176 0
vt 0.654792 0.496973 0
vt 0.655702 0.477069 0
vt 0.664198 0.477218 0
vt 0.665509 0.470549 0
vt 0.670968 0.463209 0
vt 0.659031 0.468158 0
vt 0.661142 0.462796 0
vt 0.667885 0.51715 0
vt 0.658681 0.520963 0
vt 0.670192 0.532116 0
vt 0.667142 0.534962 0
vt 0.678612 0.538742 0
vt 0.516754 0.366736 0
vt 0.505768 0.38218 0
vt 0.490963 0.365024 0
vt 0.505322 0.353812 0
vt 0.516448 0.343769 0
vt 0.527343 0.354556 0
vt 0.520813 0.397001 0
vt 0.528333 0.376631 0
vt 0.548963 0.374103 0
vt 0.493825 0.411382 0
vt 0.482945 0.393276 0
vt 0.443322 0.360746 0
vt 0.451969 0.36644 0
vt 0.442624 0.371889 0
vt 0.437555 0.365159 0
vt 0.466166 0.392823 0
vt 0.464579 0.375153 0
vt 0.472246 0.375115 0
vt 0.456463 0.38794 0
vt 0.458034 0.372483 0
vt 0.434105 0.384024 0
vt 0.430294 0.369635 0
vt 0.466674 0.408583 0
vt 0.454178 0.393868 0
vt 0.482307 0.443762 0
vt 0.448064 0.413885 0
vt 0.470643 0.456899 0
vt 0.449281 0.459038 0
vt 0.432812 0.416925 0
vt 0.418497 0.378429 0
vt 0.418212 0.369461 0
vt 0.406209 0.378741 0
vt 0.407169 0.365442 0
vt 0.399498 0.367713 0
vt 0.402714 0.361945 0
vt 0.398762 0.356049 0
vt 0.394518 0.365028 0
vt 0.36745 0.354922 0
vt 0.372168 0.363554 0
vt 0.370136 0.371173 0
vt 0.365944 0.365156 0
vt 0.377722 0.367461 0
vt 0.376053 0.373896 0
vt 0.383613 0.369173 0
vt 0.382474 0.376276 0
vt 0.388935 0.368555 0
vt 0.39067 0.373269 0
vt 0.364277 0.356996 0
vt 0.36486 0.350595 0
vt 0.363395 0.370579 0
vt 0.362387 0.364529 0
vt 0.356546 0.375896 0
vt 0.356393 0.369089 0
vt 0.34707 0.378066 0
vt 0.347234 0.371706 0
vt 0.339424 0.378039 0
vt 0.339588 0.371184 0
vt 0.336605 0.37785 0
vt 0.336345 0.368903 0
vt 0.334471 0.377945 0
vt 0.334533 0.36721 0
vt 0.396566 0.377402 0
vt 0.366407 0.370687 0
vt 0.39001 0.378022 0
vt 0.422686 0.396455 0
vt 0.433091 0.479469 0
vt 0.445091 0.477187 0
vt 0.422222 0.464828 0
vt 0.434529 0.457907 0
vt 0.395253 0.466291 0
vt 0.360301 0.378245 0
vt 0.367434 0.37876 0
vt 0.377147 0.38154 0
vt 0.387339 0.382283 0
vt 0.397452 0.382293 0
vt 0.350445 0.383998 0
vt 0.36177 0.387885 0
vt 0.37637 0.393086 0
vt 0.393995 0.398695 0
vt 0.40882 0.400102 0
vt 0.343941 0.385713 0
vt 0.35869 0.394334 0
vt 0.3757 0.402762 0
vt 0.394243 0.409974 0
vt 0.412507 0.417313 0
vt 0.341143 0.388805 0
vt 0.352245 0.402725 0
vt 0.372321 0.414523 0
vt 0.393665 0.425649 0
vt 0.41742 0.439267 0
vt 0.334393 0.390022 0
vt 0.352449 0.414745 0
vt 0.371887 0.424153 0
vt 0.393525 0.435275 0
vt 0.414529 0.445659 0
vt 0.352853 0.426033 0
vt 0.37135 0.437121 0
vt 0.392294 0.448469 0
vt 0.408975 0.456877 0
vt 0.334207 0.415612 0
vt 0.334282 0.405615 0
vt 0.334328 0.399286 0
vt 0.771399 0.66817 0
vt 0.785144 0.688841 0
vt 0.790733 0.706986 0
vt 0.791272 0.7087 0
vt 0.792447 0.710483 0
vt 0.800026 0.721362 0
vt 0.810593 0.751529 0
vt 0.814855 0.767109 0
vt 0.815321 0.736111 0
vt 0.819816 0.748198 0
vt 0.806039 0.714421 0
vt 0.819832 0.723942 0
vt 0.822695 0.738533 0
vt 0.815339 0.711342 0
vt 0.793932 0.708939 0
vt 0.750814 0.596446 0
vt 0.75161 0.612593 0
vt 0.751457 0.620225 0
vt 0.751389 0.622354 0
vt 0.751954 0.624026 0
vt 0.754914 0.631587 0
vt 0.760507 0.641286 0
vt 0.766317 0.652737 0
vt 0.752584 0.582096 0
vt 0.7511 0.572179 0
vt 0.747578 0.564604 0
vt 0.745625 0.561042 0
vt 0.744084 0.555342 0
vt 0.742268 0.545553 0
vt 0.74289 0.538102 0
vt 0.743769 0.526199 0
vt 0.739736 0.509711 0
vt 0.739422 0.501205 0
vt 0.739892 0.488891 0
vt 0.740263 0.472454 0
vt 0.737326 0.464306 0
vt 0.738696 0.460296 0
vt 0.742911 0.46031 0
vt 0.761955 0.460373 0
vt 0.763235 0.473919 0
vt 0.762509 0.49729 0
vt 0.757379 0.51396 0
vt 0.752655 0.520189 0
vt 0.748365 0.525463 0
vt 0.747678 0.531596 0
vt 0.750057 0.534504 0
vt 0.753023 0.537148 0
vt 0.757411 0.542259 0
vt 0.761839 0.547144 0
vt 0.763182 0.568086 0
vt 0.761686 0.581767 0
vt 0.755793 0.59614 0
vt 0.757226 0.604777 0
vt 0.760813 0.610277 0
vt 0.762066 0.613739 0
vt 0.763487 0.616956 0
vt 0.765022 0.622942 0
vt 0.766252 0.634975 0
vt 0.768346 0.645896 0
vt 0.782214 0.664149 0
vt 0.791289 0.670616 0
vt 0.795314 0.676436 0
vt 0.801201 0.685735 0
vt 0.806075 0.700519 0
vt 0.487851 0.297574 0
vt 0.49422 0.30559 0
vt 0.491058 0.306361 0
vt 0.495221 0.314037 0
vt 0.490474 0.310464 0
vt 0.501374 0.308002 0
vt 0.500793 0.316969 0
vt 0.509497 0.309696 0
vt 0.508954 0.321724 0
vt 0.517623 0.309569 0
vt 0.518057 0.32358 0
vt 0.523533 0.3075 0
vt 0.528239 0.324017 0
vt 0.528727 0.304375 0
vt 0.539815 0.321321 0
vt 0.534886 0.29938 0
vt 0.546401 0.315268 0
vt 0.492173 0.315004 0
vt 0.498484 0.32172 0
vt 0.508906 0.328123 0
vt 0.515395 0.335847 0
vt 0.528315 0.337801 0
vt 0.543778 0.334327 0
vt 0.550225 0.328916 0
vt 0.55811 0.373662 0
vt 0.558357 0.339763 0
vt 0.554484 0.329473 0
vt 0.553728 0.316148 0
vt 0.553513 0.303035 0
vt 0.931346 0.199157 0
vt 0.932617 0.200879 0
vt 0.932344 0.201728 0
vt 0.930801 0.200284 0
vt 0.924639 0.194827 0
vt 0.925705 0.190194 0
vt 0.931639 0.177056 0
vt 0.930396 0.153812 0
vt 0.940989 0.148681 0
vt 0.937686 0.173733 0
vt 0.928826 0.127752 0
vt 0.943975 0.122049 0
vt 0.92777 0.213733 0
vt 0.925235 0.206401 0
vt 0.93076 0.203911 0
vt 0.931622 0.20654 0
vt 0.915661 0.228263 0
vt 0.912014 0.206888 0
vt 0.932308 0.205375 0
vt 0.931761 0.203482 0
vt 0.932377 0.203187 0
vt 0.932744 0.204395 0
vt 0.933359 0.203207 0
vt 0.933469 0.203838 0
vt 0.934635 0.205373 0
vt 0.935133 0.207591 0
vt 0.933342 0.205467 0
vt 0.938119 0.222779 0
vt 0.930967 0.218316 0
vt 0.932946 0.2077 0
vt 0.935368 0.209617 0
vt 0.941343 0.252281 0
vt 0.92077 0.241041 0
vt 0.932189 0.305052 0
vt 0.903189 0.257109 0
vt 0.895048 0.236885 0
vt 0.891789 0.202455 0
vt 0.933292 0.202559 0
vt 0.912028 0.187007 0
vt 0.896342 0.174023 0
vt 0.915399 0.171466 0
vt 0.906398 0.156481 0
vt 0.914401 0.140716 0
vt 0.92105 0.162089 0
vt 0.927337 0.184606 0
vt 0.933004 0.195536 0
vt 0.931966 0.197435 0
vt 0.933329 0.198868 0
vt 0.933024 0.199673 0
vt 0.89753 0.131878 0
vt 0.911734 0.117152 0
vt 0.929166 0.102039 0
vt 0.946827 0.102274 0
vt 0.935291 0.193729 0
vt 0.934656 0.197281 0
vt 0.884473 0.155698 0
vt 0.8826 0.0801163 0
vt 0.893209 0.0474448 0
vt 0.911479 0.0444431 0
vt 0.902322 0.0706048 0
vt 0.930134 0.0428802 0
vt 0.921578 0.0652847 0
vt 0.947356 0.0520557 0
vt 0.940427 0.0676558 0
vt 0.958808 0.0693699 0
vt 0.954399 0.0790497 0
vt 0.881398 0.120291 0
vt 0.898011 0.102044 0
vt 0.91565 0.0915877 0
vt 0.934396 0.0849738 0
vt 0.951001 0.0892917 0
vt 0.873451 0.152586 0
vt 0.872734 0.170799 0
vt 0.873637 0.12248 0
vt 0.876174 0.0822001 0
vt 0.873946 0.0573666 0
vt 0.882048 0.280793 0
vt 0.874575 0.242966 0
vt 0.873412 0.194993 0
vt 0.856391 0.0756777 0
vt 0.842851 0.104723 0
vt 0.836194 0.139588 0
vt 0.835479 0.180371 0
vt 0.839427 0.235102 0
vt 0.85751 0.29531 0
vt 0.914019 0.299711 0
vt 0.901607 0.277356 0
vt 0.883534 0.298229 0
vt 0.886451 0.287169 0
vt 0.88135 0.322096 0
vt 0.849026 0.316183 0
vt 0.879621 0.342632 0
vt 0.840469 0.334175 0
vt 0.875192 0.358872 0
vt 0.835045 0.351259 0
vt 0.870236 0.375337 0
vt 0.834719 0.374326 0
vt 0.867597 0.391046 0
vt 0.838987 0.391272 0
vt 0.919621 0.335397 0
vt 0.915869 0.35519 0
vt 0.912576 0.367426 0
vt 0.909377 0.383813 0
vt 0.906637 0.396462 0
vt 0.931942 0.347748 0
vt 0.932063 0.365774 0
vt 0.931586 0.373667 0
vt 0.930052 0.384153 0
vt 0.925199 0.402213 0
vt 0.833981 0.400744 0
vt 0.86781 0.408068 0
vt 0.870258 0.421558 0
vt 0.831562 0.410411 0
vt 0.868253 0.431445 0
vt 0.827896 0.42434 0
vt 0.868044 0.44114 0
vt 0.827436 0.437265 0
vt 0.866151 0.450595 0
vt 0.828841 0.446645 0
vt 0.866211 0.459345 0
vt 0.832443 0.458074 0
vt 0.864383 0.466634 0
vt 0.834746 0.466634 0
vt 0.894935 0.411298 0
vt 0.894086 0.426485 0
vt 0.892567 0.434424 0
vt 0.89263 0.441856 0
vt 0.892148 0.453388 0
vt 0.892234 0.461117 0
vt 0.892596 0.466634 0
vt 0.92906 0.421331 0
vt 0.929478 0.429735 0
vt 0.929753 0.433202 0
vt 0.929408 0.435736 0
vt 0.928133 0.440643 0
vt 0.923722 0.448931 0
vt 0.911609 0.466634 0
vt 0.93497 0.38519 0
vt 0.935523 0.374072 0
vt 0.930243 0.404333 0
vt 0.936422 0.367978 0
vt 0.938253 0.3504 0
vt 0.944489 0.306177 0
vt 0.930831 0.421064 0
vt 0.930197 0.433353 0
vt 0.930651 0.428943 0
vt 0.93006 0.436096 0
vt 0.929463 0.441786 0
vt 0.927888 0.449611 0
vt 0.923462 0.466634 0
vt 0.933609 0.201572 0
vt 0.933454 0.202183 0
vt 0.934168 0.199958 0
vt 0.933905 0.200888 0
vt 0.932219 0.453082 0
vt 0.932001 0.466634 0
vt 0.936819 0.457566 0
vt 0.937614 0.466634 0
vt 0.932524 0.443591 0
vt 0.931985 0.437565 0
vt 0.932232 0.434786 0
vt 0.932942 0.430436 0
vt 0.934142 0.421942 0
vt 0.935433 0.405392 0
vt 0.938671 0.386138 0
vt 0.940126 0.375585 0
vt 0.942007 0.367557 0
vt 0.945255 0.349309 0
vt 0.954734 0.307334 0
vt 0.94627 0.389492 0
vt 0.940279 0.406009 0
vt 0.948675 0.382177 0
vt 0.951529 0.37199 0
vt 0.952949 0.344601 0
vt 0.964034 0.308523 0
vt 0.96443 0.143395 0
vt 0.970268 0.159352 0
vt 0.961255 0.169492 0
vt 0.955255 0.160777 0
vt 0.977343 0.119083 0
vt 0.977105 0.151674 0
vt 0.947937 0.151668 0
vt 0.955469 0.132576 0
vt 0.96052 0.116613 0
vt 0.972061 0.0847997 0
vt 0.942072 0.176367 0
vt 0.946331 0.182484 0
vt 0.949683 0.191662 0
vt 0.936968 0.195272 0
vt 0.937942 0.197831 0
vt 0.937974 0.20158 0
vt 0.935922 0.202477 0
vt 0.935671 0.200918 0
vt 0.934506 0.202669 0
vt 0.934627 0.201788 0
vt 0.933847 0.202338 0
vt 0.933978 0.201725 0
vt 0.935422 0.199622 0
vt 0.934501 0.20108 0
vt 0.934148 0.201148 0
vt 0.933645 0.202808 0
vt 0.934769 0.203941 0
vt 0.935982 0.204992 0
vt 0.937587 0.206428 0
vt 0.946365 0.213327 0
vt 0.948353 0.257509 0
vt 0.959312 0.259838 0
vt 0.966365 0.261951 0
vt 0.972253 0.309195 0
vt 0.978565 0.267159 0
vt 0.969268 0.248047 0
vt 0.979317 0.255787 0
vt 0.985949 0.236342 0
vt 0.974368 0.229016 0
vt 0.976764 0.216512 0
vt 0.987598 0.213485 0
vt 0.97353 0.187693 0
vt 0.97893 0.182537 0
vt 0.959823 0.243912 0
vt 0.962787 0.226441 0
vt 0.961939 0.216406 0
vt 0.961142 0.198238 0
vt 0.954299 0.202642 0
vt 0.952347 0.215515 0
vt 0.945069 0.230364 0
vt 0.949016 0.241589 0
vt 0.945597 0.239471 0
vt 0.952358 0.22717 0
vt 0.960897 0.343947 0
vt 0.963169 0.372383 0
vt 0.959846 0.384518 0
vt 0.957366 0.396695 0
vt 0.950532 0.411348 0
vt 0.947523 0.430664 0
vt 0.939211 0.423408 0
vt 0.946277 0.439671 0
vt 0.937337 0.431827 0
vt 0.944979 0.447872 0
vt 0.936452 0.438058 0
vt 0.94416 0.451815 0
vt 0.935972 0.442546 0
vt 0.943772 0.456661 0
vt 0.936155 0.448818 0
vt 0.943684 0.460905 0
vt 0.94378 0.466634 0
vt 0.338482 0.195289 0
vt 0.335426 0.196632 0
vt 0.335426 0.183378 0
vt 0.342485 0.193135 0
vt 0.345272 0.179341 0
vt 0.345786 0.192295 0
vt 0.335426 0.165009 0
vt 0.346475 0.164502 0
vt 0.335426 0.147314 0
vt 0.34736 0.148286 0
vt 0.352133 0.180406 0
vt 0.350273 0.19246 0
vt 0.353876 0.165503 0
vt 0.355732 0.14915 0
vt 0.358638 0.184704 0
vt 0.355168 0.194511 0
vt 0.361798 0.165471 0
vt 0.36416 0.150863 0
vt 0.363556 0.185457 0
vt 0.358596 0.195876 0
vt 0.367746 0.195996 0
vt 0.362013 0.198796 0
vt 0.3684 0.16545 0
vt 0.371049 0.151856 0
vt 0.373142 0.184132 0
vt 0.375573 0.195518 0
vt 0.375289 0.167947 0
vt 0.3784 0.153587 0
vt 0.382587 0.183489 0
vt 0.381618 0.198229 0
vt 0.385297 0.171497 0
vt 0.387214 0.159529 0
vt 0.390889 0.187115 0
vt 0.388075 0.202852 0
vt 0.396744 0.18995 0
vt 0.395814 0.207189 0
vt 0.412992 0.185335 0
vt 0.416963 0.196651 0
vt 0.434748 0.179681 0
vt 0.435665 0.189679 0
vt 0.451443 0.176793 0
vt 0.450931 0.188025 0
vt 0.4706 0.179296 0
vt 0.464681 0.190435 0
vt 0.486165 0.189574 0
vt 0.476386 0.197777 0
vt 0.500609 0.205349 0
vt 0.484452 0.208164 0
vt 0.507978 0.220883 0
vt 0.489947 0.219718 0
vt 0.51147 0.234597 0
vt 0.4929 0.230907 0
vt 0.511498 0.246164 0
vt 0.495239 0.242564 0
vt 0.505751 0.259441 0
vt 0.493024 0.253801 0
vt 0.495639 0.267142 0
vt 0.486581 0.261242 0
vt 0.478699 0.267915 0
vt 0.487805 0.273967 0
vt 0.392108 0.177397 0
vt 0.398352 0.180932 0
vt 0.395745 0.166661 0
vt 0.409343 0.170892 0
vt 0.507297 0.269247 0
vt 0.500297 0.275895 0
vt 0.515427 0.271506 0
vt 0.509473 0.275507 0
vt 0.516101 0.259488 0
vt 0.519853 0.246784 0
vt 0.520582 0.234283 0
vt 0.518949 0.217238 0
vt 0.51044 0.199315 0
vt 0.494631 0.176495 0
vt 0.47685 0.16145 0
vt 0.459225 0.149876 0
vt 0.522479 0.264576 0
vt 0.530282 0.252679 0
vt 0.53234 0.236336 0
vt 0.532739 0.215734 0
vt 0.52585 0.192847 0
vt 0.509025 0.15923 0
vt 0.490891 0.139701 0
vt 0.46573 0.120529 0
vt 0.432047 0.16097 0
vt 0.427694 0.141973 0
vt 0.414242 0.134209 0
vt 0.443075 0.108841 0
vt 0.398762 0.126652 0
vt 0.420135 0.0995055 0
vt 0.386401 0.124546 0
vt 0.401076 0.0948324 0
vt 0.375622 0.124009 0
vt 0.386353 0.0950896 0
vt 0.364126 0.122775 0
vt 0.371858 0.0949677 0
vt 0.351134 0.122352 0
vt 0.354311 0.0934693 0
vt 0.335426 0.121485 0
vt 0.335426 0.0917969 0
vt 0.554381 0.292721 0
vt 0.540545 0.289153 0
vt 0.543862 0.278256 0
vt 0.556425 0.28083 0
vt 0.545423 0.270216 0
vt 0.55651 0.271555 0
vt 0.545242 0.261695 0
vt 0.555986 0.262529 0
vt 0.544491 0.253713 0
vt 0.552866 0.253256 0
vt 0.544406 0.244475 0
vt 0.549248 0.245241 0
vt 0.507338 0.27853 0
vt 0.5115 0.277746 0
vt 0.512601 0.280965 0
vt 0.507897 0.281868 0
vt 0.514674 0.28735 0
vt 0.509107 0.28769 0
vt 0.51481 0.293337 0
vt 0.509223 0.294018 0
vt 0.513752 0.298825 0
vt 0.509405 0.299447 0
vt 0.496833 0.286763 0
vt 0.490771 0.281874 0
vt 0.501495 0.278952 0
vt 0.505002 0.294125 0
vt 0.483725 0.277027 0
vt 0.46612 0.273319 0
vt 0.309223 0.668744 0
vt 0.298177 0.639222 0
vt 0.301241 0.60721 0
vt 0.311862 0.572271 0
vt 0.317805 0.554831 0
vt 0.322518 0.542935 0
vt 0.287588 0.670361 0
vt 0.281779 0.644627 0
vt 0.265819 0.613957 0
vt 0.27117 0.600809 0
vt 0.280267 0.586211 0
vt 0.291893 0.56664 0
vt 0.306451 0.550554 0
vt 0.313382 0.539668 0
vt 0.252573 0.582027 0
vt 0.246069 0.593122 0
vt 0.258502 0.56765 0
vt 0.305737 0.710708 0
vt 0.284383 0.700167 0
vt 0.287332 0.732512 0
vt 0.272209 0.716601 0
vt 0.266492 0.750513 0
vt 0.260967 0.726863 0
vt 0.225023 0.769905 0
vt 0.226228 0.747372 0
vt 0.184575 0.769648 0
vt 0.189502 0.749536 0
vt 0.154454 0.759739 0
vt 0.158838 0.743064 0
vt 0.126741 0.743864 0
vt 0.135694 0.728425 0
vt 0.0991131 0.711671 0
vt 0.117564 0.707878 0
vt 0.0938295 0.675986 0
vt 0.104013 0.676176 0
vt 0.314533 0.733401 0
vt 0.0807204 0.623093 0
vt 0.105131 0.621903 0
vt 0.113913 0.597786 0
vt 0.0968863 0.591613 0
vt 0.124245 0.580863 0
vt 0.112498 0.56598 0
vt 0.138349 0.572107 0
vt 0.131832 0.5529 0
vt 0.163507 0.565521 0
vt 0.160777 0.549121 0
vt 0.209744 0.57818 0
vt 0.182743 0.570344 0
vt 0.184563 0.550742 0
vt 0.209954 0.561455 0
vt 0.299069 0.749564 0
vt 0.274531 0.77466 0
vt 0.227691 0.793999 0
vt 0.17701 0.789816 0
vt 0.14247 0.779435 0
vt 0.10791 0.76246 0
vt 0.101184 0.736869 0
vt 0.311938 0.770797 0
vt 0.0640959 0.714473 0
vt 0.0612477 0.679432 0
vt 0.0674851 0.74052 0
vt 0.0726312 0.768388 0
vt 0.0768948 0.786779 0
vt 0.107839 0.790048 0
vt 0.0860765 0.808981 0
vt 0.11269 0.822501 0
vt 0.0987239 0.839193 0
vt 0.122955 0.859578 0
vt 0.111141 0.865592 0
vt 0.135833 0.889907 0
vt 0.128761 0.899614 0
vt 0.145479 0.919991 0
vt 0.143337 0.809732 0
vt 0.146878 0.843047 0
vt 0.15471 0.878841 0
vt 0.166926 0.911227 0
vt 0.181063 0.947355 0
vt 0.182043 0.820753 0
vt 0.184682 0.855532 0
vt 0.191439 0.891838 0
vt 0.199811 0.926423 0
vt 0.210768 0.961192 0
vt 0.225801 0.823938 0
vt 0.226525 0.860646 0
vt 0.228718 0.898806 0
vt 0.232418 0.936215 0
vt 0.238794 0.973507 0
vt 0.270895 0.817985 0
vt 0.266255 0.860445 0
vt 0.265263 0.901826 0
vt 0.266108 0.942063 0
vt 0.268041 0.982225 0
vt 0.309104 0.815968 0
vt 0.300865 0.859292 0
vt 0.298344 0.902905 0
vt 0.29952 0.946024 0
vt 0.301469 0.986788 0
vt 0.0608906 0.552575 0
vt 0.0498004 0.58165 0
vt 0.0371914 0.55897 0
vt 0.0472095 0.537289 0
vt 0.0866942 0.526493 0
vt 0.0755171 0.507678 0
vt 0.113403 0.510106 0
vt 0.106769 0.486959 0
vt 0.15594 0.504092 0
vt 0.158651 0.477881 0
vt 0.220494 0.536187 0
vt 0.188927 0.511421 0
vt 0.198539 0.485111 0
vt 0.230842 0.521431 0
vt 0.0768298 0.569602 0
vt 0.0635047 0.596308 0
vt 0.0981156 0.546323 0
vt 0.121145 0.533427 0
vt 0.155805 0.529954 0
vt 0.211338 0.550847 0
vt 0.184953 0.533365 0
vt 0.272165 0.555433 0
vt 0.249585 0.552397 0
vt 0.224953 0.618608 0
vt 0.198586 0.613765 0
vt 0.177678 0.613653 0
vt 0.155544 0.615506 0
vt 0.12029 0.619791 0
vt 0.243198 0.648668 0
vt 0.213702 0.652439 0
vt 0.19106 0.653621 0
vt 0.165618 0.657052 0
vt 0.134145 0.67296 0
vt 0.251167 0.685266 0
vt 0.237232 0.698344 0
vt 0.218441 0.714493 0
vt 0.198382 0.719875 0
vt 0.166188 0.719363 0
vt 0.240855 0.535035 0
vt 0.279587 0.543629 0
vt 0.015956 0.593221 0
vt 0.0270573 0.617758 0
vt 0.0445102 0.63956 0
vt 0.00954711 0.563317 0
vt 0.296332 0.534023 0
vt 0.284933 0.519826 0
vt 0.277697 0.505904 0
vt 0.290486 0.502729 0
vt 0.296377 0.514697 0
vt 0.269424 0.528388 0
vt 0.259263 0.540464 0
vt 0.247704 0.524088 0
vt 0.238245 0.510431 0
vt 0.256402 0.513187 0
vt 0.242693 0.492341 0
vt 0.307436 0.526799 0
vt 0.315879 0.532216 0
vt 0.323179 0.534341 0
vt 0.325464 0.449535 0
vt 0.316361 0.437795 0
vt 0.309478 0.461752 0
vt 0.298835 0.45456 0
vt 0.28917 0.490835 0
vt 0.274225 0.486886 0
vt 0.248172 0.484748 0
vt 0.257557 0.47504 0
vt 0.10175 0.455659 0
vt 0.151775 0.454803 0
vt 0.0622748 0.485901 0
vt 0.0308405 0.52083 0
vt 0.0761408 0.427937 0
vt 0.103475 0.403142 0
vt 0.0459553 0.462324 0
vt 0.0175922 0.507479 0
vt 0.0227407 0.547824 0
vt 0.00930119 0.545588 0
vt 0.184574 0.469458 0
vt 0.11164 0.390846 0
vt 0.172083 0.454174 0
vt 0.326554 0.458868 0
vt 0.311013 0.467005 0
vt 0.294373 0.492585 0
vt 0.296236 0.500961 0
vt 0.299958 0.512236 0
vt 0.309653 0.524539 0
vt 0.316181 0.528896 0
vt 0.324328 0.53168 0
vt 0.316307 0.510408 0
vt 0.319094 0.513895 0
vt 0.312244 0.502938 0
vt 0.311379 0.497357 0
vt 0.309692 0.492593 0
vt 0.318922 0.474028 0
vt 0.32742 0.470614 0
vt 0.329011 0.531586 0
vt 0.32132 0.51849 0
vt 0.33062 0.52733 0
vt 0.331232 0.517458 0
vt 0.331523 0.508487 0
vt 0.322628 0.517231 0
vt 0.322482 0.513798 0
vt 0.322808 0.509767 0
vt 0.325603 0.503852 0
vt 0.791028 0.211202 0
vt 0.788792 0.209283 0
vt 0.791844 0.209385 0
vt 0.790954 0.183174 0
vt 0.798123 0.195931 0
vt 0.793498 0.147116 0
vt 0.807706 0.163142 0
vt 0.807706 0.1358 0
vt 0.810069 0.147123 0
vt 0.785497 0.134073 0
vt 0.806187 0.112812 0
vt 0.780103 0.111327 0
vt 0.80694 0.0817618 0
vt 0.773687 0.0865696 0
vt 0.801978 0.0570723 0
vt 0.771442 0.055734 0
vt 0.793132 0.0428802 0
vt 0.778799 0.173122 0
vt 0.76369 0.145655 0
vt 0.751362 0.133289 0
vt 0.738612 0.113752 0
vt 0.753108 0.0932114 0
vt 0.74621 0.0755127 0
vt 0.716051 0.0976229 0
vt 0.77829 0.218683 0
vt 0.756371 0.176258 0
vt 0.743278 0.167546 0
vt 0.731174 0.162922 0
vt 0.708566 0.112891 0
vt 0.790456 0.212309 0
vt 0.781591 0.226282 0
vt 0.761488 0.244225 0
vt 0.759259 0.220413 0
vt 0.741747 0.218538 0
vt 0.742627 0.198381 0
vt 0.719724 0.190173 0
vt 0.706514 0.178555 0
vt 0.705857 0.152388 0
vt 0.704954 0.130215 0
vt 0.738377 0.285916 0
vt 0.732233 0.276106 0
vt 0.743029 0.27345 0
vt 0.745748 0.283698 0
vt 0.747575 0.294728 0
vt 0.744772 0.295924 0
vt 0.754533 0.268124 0
vt 0.751689 0.281637 0
vt 0.74969 0.29444 0
vt 0.749346 0.297216 0
vt 0.747998 0.296808 0
vt 0.746903 0.298305 0
vt 0.744165 0.247994 0
vt 0.733221 0.231106 0
vt 0.714023 0.211329 0
vt 0.696923 0.189141 0
vt 0.733149 0.259255 0
vt 0.723716 0.244554 0
vt 0.710274 0.227484 0
vt 0.719277 0.25908 0
vt 0.706916 0.241252 0
vt 0.701201 0.211509 0
vt 0.697957 0.224788 0
vt 0.689347 0.208481 0
vt 0.748711 0.299677 0
vt 0.694745 0.246373 0
vt 0.682492 0.238329 0
vt 0.703261 0.255884 0
vt 0.682121 0.269171 0
vt 0.693782 0.267981 0
vt 0.746962 0.306947 0
vt 0.741169 0.305792 0
vt 0.747154 0.324577 0
vt 0.738286 0.310992 0
vt 0.715477 0.271744 0
vt 0.726759 0.285389 0
vt 0.731445 0.293494 0
vt 0.737678 0.30211 0
vt 0.733253 0.319893 0
vt 0.733543 0.3143 0
vt 0.734045 0.309088 0
vt 0.729632 0.305875 0
vt 0.722369 0.297916 0
vt 0.710773 0.285571 0
vt 0.698777 0.27223 0
vt 0.730537 0.314169 0
vt 0.728148 0.311707 0
vt 0.720456 0.306508 0
vt 0.705464 0.295187 0
vt 0.692358 0.280144 0
vt 0.690175 0.285085 0
vt 0.684816 0.283206 0
vt 0.728982 0.32087 0
vt 0.726197 0.320047 0
vt 0.71793 0.316316 0
vt 0.703613 0.305947 0
vt 0.690066 0.298399 0
vt 0.691528 0.291515 0
vt 0.688532 0.379782 0
vt 0.681991 0.373501 0
vt 0.669813 0.359582 0
vt 0.684403 0.367159 0
vt 0.702906 0.384589 0
vt 0.701138 0.373612 0
vt 0.714517 0.388671 0
vt 0.714933 0.379051 0
vt 0.729801 0.39163 0
vt 0.727914 0.377944 0
vt 0.734329 0.379304 0
vt 0.736383 0.370154 0
vt 0.737926 0.37249 0
vt 0.741444 0.364337 0
vt 0.664819 0.344511 0
vt 0.68246 0.353883 0
vt 0.700885 0.362094 0
vt 0.715343 0.36806 0
vt 0.727651 0.367722 0
vt 0.736426 0.362899 0
vt 0.742682 0.359328 0
vt 0.665747 0.329025 0
vt 0.683775 0.339095 0
vt 0.702231 0.348443 0
vt 0.716402 0.355236 0
vt 0.7271 0.356063 0
vt 0.735897 0.354041 0
vt 0.744194 0.35314 0
vt 0.668874 0.316549 0
vt 0.686548 0.324759 0
vt 0.704866 0.334125 0
vt 0.717949 0.340371 0
vt 0.727057 0.342028 0
vt 0.735382 0.342363 0
vt 0.744862 0.346447 0
vt 0.675621 0.304307 0
vt 0.693307 0.313218 0
vt 0.709511 0.323802 0
vt 0.720562 0.330168 0
vt 0.727556 0.332774 0
vt 0.734814 0.333903 0
vt 0.745276 0.339463 0
vt 0.717626 0.397168 0
vt 0.733625 0.411835 0
vt 0.718582 0.412173 0
vt 0.734556 0.421674 0
vt 0.717254 0.43064 0
vt 0.734392 0.434062 0
vt 0.716065 0.449129 0
vt 0.734349 0.449633 0
vt 0.715589 0.45571 0
vt 0.733604 0.454699 0
vt 0.701189 0.392691 0
vt 0.701157 0.407866 0
vt 0.700677 0.42802 0
vt 0.699682 0.446455 0
vt 0.700101 0.453824 0
vt 0.683467 0.388332 0
vt 0.682465 0.404987 0
vt 0.6812 0.426149 0
vt 0.680103 0.44461 0
vt 0.681706 0.45174 0
vt 0.655748 0.442925 0
vt 0.654891 0.423015 0
vt 0.665042 0.42389 0
vt 0.664244 0.442841 0
vt 0.665537 0.449519 0
vt 0.670977 0.4569 0
vt 0.66115 0.457239 0
vt 0.659054 0.451862 0
vt 0.658845 0.399056 0
vt 0.668038 0.40294 0
vt 0.667344 0.385123 0
vt 0.670385 0.387994 0
vt 0.678823 0.381433 0
vt 0.179071 0.362768 0
vt 0.164084 0.379484 0
vt 0.153506 0.363979 0
vt 0.165054 0.351412 0
vt 0.143283 0.351736 0
vt 0.154238 0.341297 0
vt 0.121489 0.370569 0
vt 0.141847 0.373528 0
vt 0.148874 0.393868 0
vt 0.186498 0.390923 0
vt 0.175354 0.408683 0
vt 0.226886 0.370393 0
vt 0.217695 0.36483 0
vt 0.226373 0.359316 0
vt 0.232029 0.363791 0
vt 0.205039 0.373275 0
vt 0.203156 0.390781 0
vt 0.197439 0.373107 0
vt 0.211576 0.370732 0
vt 0.212874 0.386104 0
vt 0.239168 0.368353 0
vt 0.23515 0.382587 0
vt 0.215041 0.392029 0
vt 0.202366 0.406422 0
vt 0.186151 0.441077 0
vt 0.220764 0.412028 0
vt 0.197491 0.454372 0
vt 0.235876 0.41532 0
vt 0.218705 0.45692 0
vt 0.251173 0.368369 0
vt 0.250751 0.377277 0
vt 0.262208 0.36454 0
vt 0.262963 0.377775 0
vt 0.266687 0.36113 0
vt 0.269799 0.36691 0
vt 0.2707 0.355328 0
vt 0.274788 0.364313 0
vt 0.298967 0.370747 0
vt 0.297039 0.363133 0
vt 0.301846 0.354592 0
vt 0.303218 0.364805 0
vt 0.293037 0.373382 0
vt 0.291459 0.366953 0
vt 0.286611 0.375666 0
vt 0.285573 0.368582 0
vt 0.278497 0.372561 0
vt 0.280288 0.367897 0
vt 0.304478 0.350314 0
vt 0.30498 0.356698 0
vt 0.30677 0.364225 0
vt 0.30569 0.370241 0
vt 0.312689 0.368842 0
vt 0.312452 0.375629 0
vt 0.321794 0.371562 0
vt 0.321881 0.377913 0
vt 0.329435 0.37113 0
vt 0.329519 0.37798 0
vt 0.332701 0.368884 0
vt 0.332339 0.377825 0
vt 0.272573 0.376587 0
vt 0.302688 0.37031 0
vt 0.279086 0.377298 0
vt 0.246296 0.395133 0
vt 0.222521 0.475071 0
vt 0.234427 0.477582 0
vt 0.24554 0.463205 0
vt 0.233413 0.456077 0
vt 0.272395 0.46517 0
vt 0.308677 0.377924 0
vt 0.301559 0.378344 0
vt 0.291843 0.380981 0
vt 0.281684 0.381578 0
vt 0.271619 0.38144 0
vt 0.318436 0.383792 0
vt 0.307082 0.387519 0
vt 0.292451 0.392498 0
vt 0.27481 0.397819 0
vt 0.26003 0.398985 0
vt 0.324909 0.385591 0
vt 0.310065 0.393997 0
vt 0.292974 0.402153 0
vt 0.274383 0.409051 0
vt 0.256073 0.416057 0
vt 0.327663 0.388717 0
vt 0.316377 0.402465 0
vt 0.296162 0.413935 0
vt 0.2747 0.42468 0
vt 0.250794 0.437834 0
vt 0.315992 0.414466 0
vt 0.296441 0.423548 0
vt 0.274675 0.434275 0
vt 0.253559 0.444252 0
vt 0.31541 0.425733 0
vt 0.296761 0.436496 0
vt 0.27567 0.447451 0
vt 0.258888 0.455531 0
vt 0.785295 0.231608 0
vt 0.771611 0.252397 0
vt 0.790829 0.213415 0
vt 0.791363 0.211697 0
vt 0.792532 0.209904 0
vt 0.800078 0.19896 0
vt 0.810553 0.168702 0
vt 0.814767 0.153084 0
vt 0.819786 0.171952 0
vt 0.815329 0.184078 0
vt 0.806113 0.205849 0
vt 0.822695 0.181593 0
vt 0.819876 0.196208 0
vt 0.815422 0.208847 0
vt 0.794023 0.211435 0
vt 0.751066 0.324229 0
vt 0.751864 0.308086 0
vt 0.751709 0.300457 0
vt 0.75164 0.298329 0
vt 0.752204 0.296657 0
vt 0.755159 0.289093 0
vt 0.760743 0.279382 0
vt 0.766544 0.267908 0
vt 0.752823 0.33858 0
vt 0.751326 0.348491 0
vt 0.747794 0.35605 0
vt 0.745836 0.359603 0
vt 0.744287 0.365294 0
vt 0.742455 0.37507 0
vt 0.743064 0.382523 0
vt 0.743919 0.39443 0
vt 0.73985 0.410892 0
vt 0.739517 0.419395 0
vt 0.739958 0.43171 0
vt 0.740291 0.44815 0
vt 0.737336 0.456278 0
vt 0.763266 0.446836 0
vt 0.762595 0.423459 0
vt 0.757503 0.406755 0
vt 0.752793 0.400496 0
vt 0.748514 0.395195 0
vt 0.747839 0.389055 0
vt 0.750225 0.386159 0
vt 0.753196 0.38353 0
vt 0.757593 0.378439 0
vt 0.762029 0.373572 0
vt 0.763404 0.352631 0
vt 0.761925 0.338939 0
vt 0.756045 0.324543 0
vt 0.757482 0.315903 0
vt 0.76107 0.310398 0
vt 0.762322 0.306933 0
vt 0.763743 0.303714 0
vt 0.765275 0.297723 0
vt 0.766496 0.285681 0
vt 0.768581 0.274747 0
vt 0.782439 0.256326 0
vt 0.791495 0.249782 0
vt 0.795503 0.243927 0
vt 0.801362 0.234577 0
vt 0.806191 0.21975 0
vt 0.183088 0.296494 0
vt 0.179789 0.305046 0
vt 0.176704 0.304234 0
vt 0.180286 0.309077 0
vt 0.175571 0.312492 0
vt 0.170059 0.315265 0
vt 0.16965 0.306469 0
vt 0.161974 0.319778 0
vt 0.161661 0.307982 0
vt 0.153015 0.321429 0
vt 0.153701 0.30771 0
vt 0.143018 0.321655 0
vt 0.147954 0.305577 0
vt 0.131728 0.31876 0
vt 0.142935 0.302429 0
vt 0.125427 0.312673 0
vt 0.137021 0.297443 0
vt 0.178541 0.313495 0
vt 0.172236 0.319962 0
vt 0.161909 0.326053 0
vt 0.155407 0.333519 0
vt 0.142664 0.335194 0
vt 0.127528 0.331433 0
vt 0.121322 0.325955 0
vt 0.11245 0.369917 0
vt 0.113024 0.336443 0
vt 0.117113 0.32639 0
vt 0.118238 0.313343 0
vt 0.118801 0.300562 0
vt 0.932344 0.731541 0
vt 0.932617 0.73239 0
vt 0.931346 0.734112 0
vt 0.930801 0.732985 0
vt 0.925705 0.743075 0
vt 0.924639 0.738442 0
vt 0.940989 0.784588 0
vt 0.930396 0.779457 0
vt 0.931639 0.756213 0
vt 0.937686 0.759536 0
vt 0.943975 0.81122 0
vt 0.928826 0.805518 0
vt 0.93076 0.729358 0
vt 0.925234 0.726868 0
vt 0.92777 0.719536 0
vt 0.931622 0.726729 0
vt 0.912014 0.726382 0
vt 0.915661 0.705006 0
vt 0.932377 0.730082 0
vt 0.931761 0.729787 0
vt 0.932309 0.727894 0
vt 0.932744 0.728874 0
vt 0.933359 0.730062 0
vt 0.933469 0.729431 0
vt 0.933342 0.727802 0
vt 0.935133 0.725679 0
vt 0.934635 0.727896 0
vt 0.932946 0.725569 0
vt 0.930967 0.714953 0
vt 0.938119 0.71049 0
vt 0.935368 0.723652 0
vt 0.92077 0.692229 0
vt 0.941343 0.680988 0
vt 0.903189 0.676159 0
vt 0.932188 0.628217 0
vt 0.891789 0.730814 0
vt 0.895048 0.696384 0
vt 0.933292 0.730711 0
vt 0.912028 0.746262 0
vt 0.896343 0.759246 0
vt 0.914401 0.792553 0
vt 0.906397 0.776788 0
vt 0.915399 0.761804 0
vt 0.92105 0.77118 0
vt 0.927337 0.748663 0
vt 0.933004 0.737733 0
vt 0.931966 0.735834 0
vt 0.933024 0.733596 0
vt 0.933329 0.734401 0
vt 0.911734 0.816117 0
vt 0.89753 0.801391 0
vt 0.929166 0.83123 0
vt 0.946827 0.830996 0
vt 0.934657 0.735988 0
vt 0.935291 0.73954 0
vt 0.884473 0.777572 0
vt 0.911479 0.888826 0
vt 0.893209 0.885824 0
vt 0.8826 0.853153 0
vt 0.902322 0.862664 0
vt 0.930134 0.890389 0
vt 0.921578 0.867984 0
vt 0.947356 0.881213 0
vt 0.940427 0.865613 0
vt 0.958808 0.863899 0
vt 0.954399 0.854219 0
vt 0.881398 0.812979 0
vt 0.898011 0.831225 0
vt 0.91565 0.841681 0
vt 0.934396 0.848295 0
vt 0.951001 0.843977 0
vt 0.873451 0.780683 0
vt 0.872734 0.76247 0
vt 0.873637 0.810789 0
vt 0.876174 0.851069 0
vt 0.873946 0.875902 0
vt 0.874575 0.690303 0
vt 0.882048 0.652476 0
vt 0.873412 0.738276 0
vt 0.856391 0.857591 0
vt 0.842851 0.828546 0
vt 0.836194 0.793681 0
vt 0.835479 0.752898 0
vt 0.839427 0.698167 0
vt 0.85751 0.637959 0
vt 0.901607 0.655913 0
vt 0.914019 0.633558 0
vt 0.886451 0.6461 0
vt 0.883534 0.63504 0
vt 0.88135 0.611173 0
vt 0.849026 0.617086 0
vt 0.879621 0.590637 0
vt 0.840469 0.599094 0
vt 0.875192 0.574397 0
vt 0.835045 0.58201 0
vt 0.870236 0.557932 0
vt 0.834719 0.558943 0
vt 0.867597 0.542223 0
vt 0.838986 0.541997 0
vt 0.919621 0.597872 0
vt 0.915869 0.578078 0
vt 0.912576 0.565842 0
vt 0.909377 0.549456 0
vt 0.906637 0.536807 0
vt 0.931941 0.585521 0
vt 0.932063 0.567495 0
vt 0.931586 0.559601 0
vt 0.930052 0.549116 0
vt 0.925199 0.531056 0
vt 0.870258 0.511711 0
vt 0.867809 0.525201 0
vt 0.833981 0.532525 0
vt 0.831562 0.522858 0
vt 0.868253 0.501824 0
vt 0.827896 0.508928 0
vt 0.868044 0.492129 0
vt 0.827436 0.496004 0
vt 0.866151 0.482674 0
vt 0.828841 0.486623 0
vt 0.866211 0.473924 0
vt 0.832443 0.475195 0
vt 0.894086 0.506784 0
vt 0.894935 0.521971 0
vt 0.892567 0.498844 0
vt 0.89263 0.491413 0
vt 0.892148 0.47988 0
vt 0.892234 0.472152 0
vt 0.929478 0.503534 0
vt 0.92906 0.511938 0
vt 0.929753 0.500066 0
vt 0.929408 0.497532 0
vt 0.928133 0.492626 0
vt 0.923722 0.484338 0
vt 0.93497 0.548078 0
vt 0.935523 0.559197 0
vt 0.930243 0.528935 0
vt 0.936422 0.565291 0
vt 0.938253 0.582869 0
vt 0.944489 0.627092 0
vt 0.930831 0.512205 0
vt 0.930197 0.499916 0
vt 0.930651 0.504326 0
vt 0.93006 0.497173 0
vt 0.929463 0.491483 0
vt 0.927888 0.483658 0
vt 0.933454 0.731086 0
vt 0.933609 0.731697 0
vt 0.933905 0.732382 0
vt 0.934167 0.733311 0
vt 0.932219 0.480187 0
vt 0.936819 0.475703 0
vt 0.932524 0.489677 0
vt 0.931985 0.495704 0
vt 0.932232 0.498482 0
vt 0.932942 0.502833 0
vt 0.934142 0.511327 0
vt 0.935433 0.527877 0
vt 0.938671 0.547131 0
vt 0.940126 0.557684 0
vt 0.942007 0.565712 0
vt 0.945255 0.58396 0
vt 0.954734 0.625934 0
vt 0.940279 0.52726 0
vt 0.94627 0.543777 0
vt 0.948675 0.551092 0
vt 0.951529 0.561279 0
vt 0.952949 0.588668 0
vt 0.964034 0.624747 0
vt 0.961255 0.763777 0
vt 0.970268 0.773917 0
vt 0.96443 0.789874 0
vt 0.955255 0.772492 0
vt 0.977105 0.781595 0
vt 0.977342 0.814186 0
vt 0.955469 0.800694 0
vt 0.947937 0.781601 0
vt 0.96052 0.816656 0
vt 0.972061 0.848469 0
vt 0.942072 0.756903 0
vt 0.946331 0.750785 0
vt 0.949683 0.741607 0
vt 0.936968 0.737998 0
vt 0.937942 0.735438 0
vt 0.937974 0.731689 0
vt 0.935671 0.732351 0
vt 0.935922 0.730792 0
vt 0.934506 0.7306 0
vt 0.934627 0.731481 0
vt 0.933847 0.730931 0
vt 0.933978 0.731544 0
vt 0.935422 0.733647 0
vt 0.934501 0.732189 0
vt 0.934148 0.732121 0
vt 0.933646 0.730461 0
vt 0.934769 0.729328 0
vt 0.935982 0.728277 0
vt 0.937587 0.726841 0
vt 0.946365 0.719942 0
vt 0.948353 0.675759 0
vt 0.959312 0.673432 0
vt 0.966365 0.671319 0
vt 0.972253 0.624074 0
vt 0.978565 0.66611 0
vt 0.979317 0.677482 0
vt 0.969268 0.685222 0
vt 0.985949 0.696927 0
vt 0.974368 0.704253 0
vt 0.976764 0.716757 0
vt 0.987598 0.719784 0
vt 0.97353 0.745576 0
vt 0.97893 0.750733 0
vt 0.959824 0.689357 0
vt 0.962787 0.706828 0
vt 0.961939 0.716864 0
vt 0.961142 0.735031 0
vt 0.954299 0.730627 0
vt 0.952347 0.717754 0
vt 0.945069 0.702905 0
vt 0.949016 0.69168 0
vt 0.945597 0.693798 0
vt 0.952358 0.706099 0
vt 0.960897 0.589322 0
vt 0.963169 0.560885 0
vt 0.959846 0.54875 0
vt 0.957366 0.536574 0
vt 0.950532 0.521921 0
vt 0.939211 0.509861 0
vt 0.947523 0.502604 0
vt 0.937336 0.501442 0
vt 0.946277 0.493598 0
vt 0.936452 0.495211 0
vt 0.944979 0.485397 0
vt 0.935972 0.490723 0
vt 0.94416 0.481454 0
vt 0.936155 0.484451 0
vt 0.943772 0.476608 0
vt 0.943684 0.472364 0
vt 0.33237 0.195289 0
vt 0.328367 0.193135 0
vt 0.325066 0.192295 0
vt 0.32558 0.179341 0
vt 0.324377 0.164502 0
vt 0.323493 0.148286 0
vt 0.320579 0.19246 0
vt 0.318719 0.180406 0
vt 0.316976 0.165503 0
vt 0.31512 0.14915 0
vt 0.315684 0.194511 0
vt 0.312214 0.184704 0
vt 0.309054 0.165471 0
vt 0.306692 0.150863 0
vt 0.312256 0.195876 0
vt 0.307296 0.185457 0
vt 0.308839 0.198796 0
vt 0.303106 0.195996 0
vt 0.302452 0.16545 0
vt 0.299803 0.151856 0
vt 0.295279 0.195518 0
vt 0.29771 0.184132 0
vt 0.295563 0.167947 0
vt 0.292452 0.153587 0
vt 0.289234 0.198229 0
vt 0.288265 0.183489 0
vt 0.285555 0.171497 0
vt 0.283638 0.159529 0
vt 0.282777 0.202852 0
vt 0.279963 0.187115 0
vt 0.275038 0.207189 0
vt 0.274108 0.18995 0
vt 0.253889 0.196651 0
vt 0.257859 0.185335 0
vt 0.235187 0.189679 0
vt 0.236104 0.179681 0
vt 0.219921 0.188024 0
vt 0.219409 0.176793 0
vt 0.206171 0.190435 0
vt 0.200252 0.179296 0
vt 0.194467 0.197777 0
vt 0.184687 0.189574 0
vt 0.186401 0.208164 0
vt 0.170243 0.205349 0
vt 0.180905 0.219717 0
vt 0.162874 0.220883 0
vt 0.177952 0.230907 0
vt 0.159382 0.234596 0
vt 0.175613 0.242564 0
vt 0.159354 0.246164 0
vt 0.177828 0.253801 0
vt 0.165101 0.259441 0
vt 0.184271 0.261242 0
vt 0.175213 0.267142 0
vt 0.192153 0.267915 0
vt 0.183047 0.273967 0
vt 0.278744 0.177397 0
vt 0.272501 0.180932 0
vt 0.275107 0.166661 0
vt 0.261509 0.170892 0
vt 0.170555 0.275895 0
vt 0.163555 0.269247 0
vt 0.161379 0.275507 0
vt 0.155425 0.271506 0
vt 0.154751 0.259488 0
vt 0.150999 0.246784 0
vt 0.15027 0.234283 0
vt 0.151904 0.217238 0
vt 0.160412 0.199315 0
vt 0.176222 0.176495 0
vt 0.194003 0.16145 0
vt 0.211627 0.149876 0
vt 0.148373 0.264575 0
vt 0.14057 0.252679 0
vt 0.138512 0.236335 0
vt 0.138113 0.215734 0
vt 0.145002 0.192846 0
vt 0.161828 0.15923 0
vt 0.179961 0.139701 0
vt 0.205122 0.120529 0
vt 0.238805 0.16097 0
vt 0.243159 0.141973 0
vt 0.25661 0.134209 0
vt 0.227777 0.108841 0
vt 0.272089 0.126652 0
vt 0.250717 0.0995054 0
vt 0.284451 0.124546 0
vt 0.269776 0.0948322 0
vt 0.295231 0.124009 0
vt 0.284499 0.0950897 0
vt 0.306726 0.122775 0
vt 0.298994 0.0949677 0
vt 0.319718 0.122352 0
vt 0.316541 0.0934693 0
vt 0.118239 0.290507 0
vt 0.13174 0.287384 0
vt 0.11659 0.278947 0
vt 0.128778 0.276784 0
vt 0.116775 0.270008 0
vt 0.127461 0.269021 0
vt 0.117547 0.261367 0
vt 0.127852 0.260872 0
vt 0.120807 0.252595 0
vt 0.128787 0.253275 0
vt 0.124498 0.245066 0
vt 0.129134 0.244475 0
vt 0.163514 0.27853 0
vt 0.159352 0.277746 0
vt 0.158251 0.280965 0
vt 0.162955 0.281868 0
vt 0.161745 0.28769 0
vt 0.156177 0.28735 0
vt 0.161629 0.294018 0
vt 0.156042 0.293337 0
vt 0.161447 0.299447 0
vt 0.1571 0.298825 0
vt 0.180081 0.281874 0
vt 0.174019 0.286763 0
vt 0.169357 0.278952 0
vt 0.16585 0.294125 0
vt 0.187127 0.277027 0
vt 0.204732 0.273319 0

# 2440 vertex normals
vn 0.272871 0.0671725 0.959703
vn 0.250443 0.10575 0.962339
vn 0.272662 0.74544 0.608255
vn 0.291881 0.732173 0.615409
vn 0.264572 0.0249648 0.964043
vn 0.29604 0.719225 0.628551
vn 0.272898 -0.0112309 0.961977
vn 0.294389 0.702798 0.647619
vn 0.297041 -0.0311293 0.954357
vn 0.306139 0.691323 0.654486
vn 0.460253 0.0514546 0.886295
vn 0.370075 0.725348 0.580443
vn 0.555603 0.0365926 0.830642
vn 0.364092 0.72507 0.584561
vn 0.577268 -0.0218516 0.816262
vn 0.466823 0.842515 0.268783
vn 0.590843 -0.0250559 0.806397
vn 0.863407 0.0200814 0.504109
vn 0.0734605 0.0621071 0.995362
vn 0.107792 0.0440688 0.993196
vn 0.742926 0.0271009 0.668825
vn 0.327288 -0.894791 0.303696
vn 0.435656 -0.135229 0.889897
vn 0.418354 -0.100926 0.902659
vn 0.818703 -0.0414448 0.57272
vn 0.820134 -0.0528282 0.569727
vn 0.641514 0.313127 0.700294
vn 0.731422 0.213207 0.647738
vn 0.86549 0.0632965 0.496911
vn 0.840554 0.0722384 0.53689
vn 0.560129 0.289815 0.776056
vn 0.675029 0.131905 0.725904
vn 0.846719 0.024873 0.531458
vn 0.841844 0.047488 0.537628
vn 0.466423 -0.200571 0.861522
vn 0.821721 -0.0615871 0.566552
vn 0.554161 0.346358 0.756929
vn 0.820968 0.0600313 0.56781
vn 0.420679 0.48477 0.76683
vn 0.833726 0.114569 0.540161
vn 0.62045 0.166114 0.766452
vn 0.586527 0.319633 0.744192
vn 0.804815 0.054049 0.59106
vn 0.793077 0.0466031 0.607336
vn 0.343799 0.505612 0.791302
vn 0.825671 0.157297 0.54178
vn 0.549276 0.147894 0.822449
vn 0.572243 0.117806 0.811578
vn 0.776286 0.0329607 0.629519
vn 0.772844 0.0234389 0.634163
vn 0.370347 0.391649 0.842291
vn 0.8263 0.0867347 0.556512
vn 0.580327 0.0954953 0.808765
vn 0.784891 0.0364398 0.618562
vn 0.505191 0.155894 0.848811
vn 0.76941 0.018586 0.638484
vn 0.416684 0.11512 0.901733
vn 0.8251 0.0439789 0.563272
vn 0.526856 -0.271104 0.805559
vn 0.823585 -0.0965009 0.558924
vn 0.479124 0.20036 0.854574
vn 0.754835 0.0321064 0.655128
vn 0.421228 0.1963 0.885457
vn 0.822446 0.0741908 0.563984
vn 0.502616 -0.31877 0.803594
vn 0.82584 -0.120702 0.550835
vn 0.538125 -0.289907 0.791439
vn 0.426785 -0.296772 0.854272
vn 0.867461 -0.124673 0.481631
vn 0.88188 -0.105871 0.459434
vn 0.424675 0.226788 0.876481
vn 0.746528 0.0326249 0.664554
vn 0.401541 0.202495 0.893174
vn 0.820108 0.0802346 0.566556
vn 0.418843 -0.196481 0.886547
vn 0.42309 -0.249099 0.871174
vn 0.831259 -0.108924 0.545108
vn 0.839571 -0.0786468 0.537527
vn 0.357743 -0.232676 0.904368
vn 0.855514 -0.0893907 0.510006
vn 0.410333 0.15864 0.898032
vn 0.819352 0.0577425 0.570375
vn 0.442798 -0.169746 0.880407
vn 0.847269 -0.063388 0.527368
vn 0.495198 0.104588 0.862462
vn 0.817333 0.0664096 0.572325
vn 0.472868 0.0765733 0.8778
vn 0.815751 0.0644568 0.574801
vn 0.441147 0.0419326 0.896455
vn 0.816241 0.0280778 0.57703
vn 0.742592 0.0675999 0.666324
vn 0.652286 -0.139289 0.745064
vn 0.890434 -0.0205701 0.454647
vn 0.884609 0.04053 0.464568
vn 0.622684 -0.0203868 0.782208
vn 0.85613 0.0150766 0.516541
vn 0.425653 -0.0303057 0.904379
vn 0.817265 -0.00875891 0.576196
vn 0.647866 0.0212415 0.761459
vn 0.851417 0.0157478 0.524254
vn 0.0337238 0.102789 0.994131
vn 0.0305498 -0.670263 0.741495
vn 8.17711e-08 0.353718 0.935352
vn 0.0319233 0.345876 0.937737
vn 0.006287 -0.646394 0.762977
vn 6.68055e-08 -0.64502 0.764166
vn 0.0495634 0.337574 0.939993
vn 0.06995 0.33507 0.939593
vn 0.00430332 -0.64909 0.7607
vn 0.00427274 -0.647706 0.761878
vn 0.124974 0.325544 0.937231
vn 0.171913 0.275891 0.94569
vn 0.0297871 -0.663921 0.747209
vn 0.0177622 -0.654941 0.755471
vn 8.67242e-08 0.126164 0.992009
vn 4.45538e-08 0.86039 0.509636
vn 0.00180071 -0.707533 0.706678
vn 0.00418111 -0.707421 0.70678
vn 6.18172e-08 -0.707107 0.707107
vn 0.00570712 -0.707248 0.706943
vn 6.18172e-08 0.707107 0.707107
vn 1.22465e-16 1 6.12323e-17
vn 0.000213694 -0.707183 0.70703
vn 0.00308245 -0.706111 0.708095
vn 0.707107 -0.707107 -6.18172e-08
vn 0.57735 -0.57735 0.57735
vn 0.707107 0.707107 -6.18172e-08
vn 0.57735 0.57735 0.57735
vn 0.352533 0.70711 0.612957
vn 0.352559 0.707102 0.61295
vn 0.352526 0.707097 0.612976
vn 0.352775 0.707229 0.61268
vn 0.352102 0.707012 0.613317
vn 0.352499 0.707104 0.612983
vn 0.352309 -0.707579 0.612544
vn 0.352345 -0.707528 0.612583
vn 0.352706 -0.707487 0.612421
vn 0.352647 0.70688 0.613156
vn 0.352586 -0.707095 0.612944
vn 6.92487e-08 0.610374 0.792113
vn 0.685127 0.610813 0.396873
vn 0.352653 -0.707687 0.612222
vn 0.686682 -0.609285 0.396536
vn 0.352373 -0.707492 0.612608
vn 0.352437 -0.707376 0.612705
vn 0.706175 0.708037 -6.17358e-08
vn 6.92373e-08 -0.610544 0.791983
vn 0.352408 -0.70744 0.612647
vn 0.707397 -0.706817 -0.000518882
vn 0.57735 0.57735 -0.57735
vn 0.57735 -0.57735 -0.57735
vn 0.682317 -3.87955e-17 -0.731056
vn 0.26341 -0.305527 -0.915024
vn 0.416223 0.555361 -0.719953
vn 0.416648 -0.554534 -0.720345
vn 0.113105 0.419154 -0.900842
vn -0.0247515 0.699358 -0.714343
vn -0.168313 0.672855 -0.720373
vn -0.154305 0.744026 -0.650088
vn -0.0439782 0.710212 -0.702613
vn -0.0282912 0.709079 -0.704562
vn -0.0173347 0.708647 -0.705351
vn -0.00830125 0.70847 -0.705692
vn -6.17037e-08 0.708403 -0.705809
vn -0.0174267 -0.708417 -0.705579
vn -0.0245981 6.42262e-17 -0.999697
vn -0.0401327 6.60978e-17 -0.999194
vn -0.0283827 -0.708803 -0.704835
vn -0.0441002 -0.709874 -0.702946
vn -0.0624734 6.87635e-17 -0.998047
vn -0.230971 8.78625e-17 -0.972961
vn -0.15452 -0.743604 -0.65052
vn -6.17211e-08 -0.708205 -0.706007
vn -8.74228e-08 6.12323e-17 -1
vn -0.0117805 6.26708e-17 -0.999931
vn -0.00836229 -0.708256 -0.705906
vn -0.227398 8.74763e-17 -0.973802
vn -0.168376 -0.672405 -0.720778
vn -0.227462 -3.05195e-05 -0.973787
vn -0.188581 -0.760976 -0.620769
vn -8.74228e-08 6.12324e-17 -1
vn -0.0155649 0.00329608 -0.999873
vn -0.0242321 6.41819e-17 -0.999706
vn -0.0155649 -0.00329608 -0.999873
vn -0.0136117 0.00137337 -0.999906
vn -0.0171821 6.33275e-17 -0.999852
vn -0.0176097 0.00228895 -0.999842
vn -0.0193797 0.00308243 -0.999807
vn -0.0219735 6.39085e-17 -0.999758
vn -0.0193797 -0.00308243 -0.999807
vn -0.0176097 -0.00228895 -0.999842
vn -0.0136117 -0.00137337 -0.999906
vn -0.0228585 -0.0047609 -0.999727
vn -0.0228585 0.0047609 -0.999727
vn -0.0228891 -0.00405898 -0.99973
vn -0.0229196 0.0040895 -0.999729
vn -0.0468162 -0.00582913 -0.998886
vn -0.0468162 0.00582913 -0.998886
vn -0.043367 -0.00244149 -0.999056
vn -0.043367 0.002472 -0.999056
vn -0.0621067 6.872e-17 -0.99807
vn -0.0496546 6.72377e-17 -0.998766
vn -0.0504472 -0.00408948 -0.998718
vn -0.0535608 -0.00546289 -0.99855
vn -0.0581085 6.82451e-17 -0.99831
vn -0.0535608 0.00546289 -0.99855
vn -0.0504472 0.00408948 -0.998718
vn 0.000396752 -0.999999 -0.00103766
vn -0.000488311 -0.999999 -0.00122078
vn -0.000427272 -0.999999 -0.00106818
vn -0.000427272 -0.999999 -0.000946102
vn -0.000366233 -1 -0.000854544
vn -0.000213636 -1 -0.000732466
vn -0.000183117 -1 -0.000640908
vn -0.000152597 -1 -0.000579869
vn -4.80258e-11 -1 -0.00054935
vn -0.048372 -0.0298166 -0.998384
vn -0.021119 -0.00952183 -0.999732
vn -0.0274057 0.0168767 -0.999482
vn -0.0427261 6.64089e-17 -0.999087
vn -0.0274057 -0.0168767 -0.999482
vn -0.021119 0.00952183 -0.999732
vn -0.048372 0.0298166 -0.998384
vn -0.0753522 7.02862e-17 -0.997157
vn -0.037508 -0.0274366 -0.99892
vn -0.0211803 -0.00814858 -0.999743
vn -0.0212414 0.0155342 -0.999654
vn -0.0212108 0.00820961 -0.999741
vn -0.0375078 0.0276196 -0.998915
vn -0.0212414 -0.0156258 -0.999652
vn -0.032381 6.51658e-17 -0.999476
vn -0.0571924 6.81362e-17 -0.998363
vn -0.272662 0.74544 0.608255
vn -0.250442 0.10575 0.962339
vn -0.272871 0.0671725 0.959703
vn -0.29188 0.732173 0.615409
vn -0.264571 0.0249648 0.964043
vn -0.29604 0.719225 0.628551
vn -0.272897 -0.0112309 0.961978
vn -0.294389 0.702798 0.647619
vn -0.297041 -0.0311293 0.954357
vn -0.306139 0.691323 0.654486
vn -0.460253 0.0514546 0.886295
vn -0.370075 0.725348 0.580443
vn -0.555603 0.0365926 0.830642
vn -0.364091 0.72507 0.584561
vn -0.577268 -0.0218516 0.816263
vn -0.466823 0.842515 0.268783
vn -0.590843 -0.0250559 0.806397
vn -0.863406 0.0200813 0.504109
vn -0.107792 0.0440688 0.993196
vn -0.0734603 0.0621071 0.995362
vn -0.327287 -0.894791 0.303696
vn -0.742925 0.0271009 0.668825
vn -0.818703 -0.0414448 0.57272
vn -0.418354 -0.100926 0.902659
vn -0.435656 -0.135229 0.889897
vn -0.820134 -0.0528282 0.569727
vn -0.86549 0.0632965 0.496911
vn -0.731422 0.213207 0.647738
vn -0.641514 0.313127 0.700294
vn -0.840554 0.0722384 0.53689
vn -0.846719 0.024873 0.531458
vn -0.675029 0.131905 0.725905
vn -0.560129 0.289815 0.776056
vn -0.841844 0.047488 0.537628
vn -0.466423 -0.200571 0.861522
vn -0.821721 -0.0615871 0.566553
vn -0.554161 0.346358 0.756929
vn -0.820967 0.0600313 0.567811
vn -0.420679 0.48477 0.76683
vn -0.833726 0.114569 0.540161
vn -0.804815 0.054049 0.59106
vn -0.586527 0.319633 0.744192
vn -0.620449 0.166114 0.766452
vn -0.793077 0.0466031 0.607336
vn -0.343799 0.505612 0.791302
vn -0.825671 0.157297 0.54178
vn -0.776286 0.0329607 0.629519
vn -0.572243 0.117806 0.811578
vn -0.549276 0.147894 0.82245
vn -0.772844 0.0234389 0.634163
vn -0.370356 0.391659 0.842282
vn -0.8263 0.0867347 0.556512
vn -0.784891 0.0364398 0.618562
vn -0.580327 0.0954953 0.808765
vn -0.505191 0.155894 0.848811
vn -0.76941 0.018586 0.638485
vn -0.416684 0.11512 0.901733
vn -0.8251 0.0439789 0.563272
vn -0.526834 -0.271108 0.805572
vn -0.823584 -0.0965009 0.558924
vn -0.479124 0.20036 0.854574
vn -0.754835 0.0321064 0.655128
vn -0.421227 0.1963 0.885457
vn -0.822446 0.0741908 0.563984
vn -0.502616 -0.31877 0.803594
vn -0.82584 -0.120702 0.550835
vn -0.867461 -0.124673 0.481631
vn -0.426785 -0.296772 0.854272
vn -0.538125 -0.289907 0.791439
vn -0.88188 -0.105871 0.459434
vn -0.424675 0.226788 0.876481
vn -0.746528 0.0326249 0.664554
vn -0.401541 0.202495 0.893175
vn -0.820108 0.0802346 0.566556
vn -0.831259 -0.108924 0.545109
vn -0.42309 -0.249099 0.871175
vn -0.418843 -0.196481 0.886547
vn -0.839571 -0.0786468 0.537527
vn -0.855513 -0.0893907 0.510006
vn -0.357743 -0.232676 0.904368
vn -0.410332 0.15864 0.898032
vn -0.819352 0.0577425 0.570376
vn -0.442798 -0.169746 0.880407
vn -0.847269 -0.063388 0.527369
vn -0.495198 0.104588 0.862462
vn -0.817333 0.0664097 0.572326
vn -0.472868 0.0765733 0.8778
vn -0.815751 0.0644568 0.574801
vn -0.441147 0.0419326 0.896455
vn -0.81624 0.0280778 0.57703
vn -0.890434 -0.0205701 0.454648
vn -0.652286 -0.139289 0.745065
vn -0.742592 0.0675999 0.666324
vn -0.884609 0.04053 0.464569
vn -0.622684 -0.0203868 0.782208
vn -0.85613 0.0150766 0.516541
vn -0.425653 -0.0303057 0.904379
vn -0.817264 -0.00875891 0.576196
vn -0.647865 0.0212415 0.761459
vn -0.851416 0.0157478 0.524254
vn -0.0337236 0.102789 0.994131
vn -0.0305497 -0.670263 0.741495
vn -0.0319231 0.345876 0.937737
vn -0.00628687 -0.646394 0.762977
vn -0.0699498 0.33507 0.939593
vn -0.0495632 0.337574 0.939993
vn -0.0042726 -0.647706 0.761878
vn -0.00430319 -0.64909 0.7607
vn -0.029787 -0.663921 0.747209
vn -0.171913 0.275891 0.94569
vn -0.124978 0.325553 0.937228
vn -0.0177621 -0.654941 0.755471
vn -0.00180059 -0.707533 0.706678
vn -0.00418099 -0.707421 0.70678
vn -0.005707 -0.707248 0.706943
vn -0.00021357 -0.707183 0.70703
vn -0.707107 -0.707107 6.18172e-08
vn -0.00308233 -0.706111 0.708095
vn -0.57735 -0.57735 0.57735
vn -0.707107 0.707107 6.18172e-08
vn -0.57735 0.57735 0.57735
vn -0.352533 0.70711 0.612957
vn -0.352559 0.707102 0.61295
vn -0.352526 0.707097 0.612976
vn -0.352775 0.707229 0.61268
vn -0.352102 0.707012 0.613317
vn -0.352499 0.707104 0.612983
vn -0.352309 -0.707579 0.612544
vn -0.352345 -0.707528 0.612583
vn -0.352647 0.70688 0.613156
vn -0.352706 -0.707487 0.612421
vn -0.352586 -0.707095 0.612944
vn -0.352653 -0.707687 0.612222
vn -0.685127 0.610813 0.396873
vn -0.686681 -0.609285 0.396536
vn -0.352373 -0.707492 0.612608
vn -0.352437 -0.707376 0.612705
vn -0.706175 0.708037 6.17358e-08
vn -0.352435 -0.707433 0.612641
vn -0.707397 -0.706817 -0.000518759
vn -0.57735 0.57735 -0.57735
vn -0.57735 -0.57735 -0.57735
vn -0.682317 1.28324e-16 -0.731056
vn -0.26341 -0.305527 -0.915024
vn -0.416224 0.555361 -0.719953
vn -0.416648 -0.554534 -0.720345
vn -0.113105 0.419154 -0.900842
vn 0.0247514 0.699358 -0.714343
vn 0.168313 0.672855 -0.720373
vn 0.154305 0.744026 -0.650088
vn 0.0439781 0.710212 -0.702613
vn 0.0282911 0.709079 -0.704562
vn 0.0173346 0.708647 -0.705351
vn 0.00830112 0.70847 -0.705692
vn 0.0401325 5.62682e-17 -0.999194
vn 0.0245979 5.82014e-17 -0.999697
vn 0.0174265 -0.708417 -0.705579
vn 0.0283826 -0.708803 -0.704835
vn 0.230971 3.12908e-17 -0.972961
vn 0.0624732 5.3462e-17 -0.998047
vn 0.0441 -0.709874 -0.702946
vn 0.154519 -0.743604 -0.65052
vn 0.0117803 5.97854e-17 -0.999931
vn 0.00836216 -0.708256 -0.705906
vn 0.227397 3.178e-17 -0.973802
vn 0.168376 -0.672405 -0.720778
vn 0.227462 -3.05195e-05 -0.973787
vn 0.188581 -0.760976 -0.620769
vn 0.0155648 0.00329608 -0.999873
vn 0.0242319 5.82468e-17 -0.999706
vn 0.0155648 -0.00329608 -0.999873
vn 0.0136116 0.00137337 -0.999906
vn 0.0171819 5.91191e-17 -0.999852
vn 0.0176095 0.00228895 -0.999842
vn 0.0193796 0.00308243 -0.999807
vn 0.0219733 5.85266e-17 -0.999758
vn 0.0193796 -0.00308243 -0.999807
vn 0.0176095 -0.00228895 -0.999842
vn 0.0136116 -0.00137337 -0.999906
vn 0.0228583 -0.0047609 -0.999727
vn 0.0228583 0.0047609 -0.999727
vn 0.0228889 -0.00405898 -0.99973
vn 0.0229194 0.0040895 -0.999729
vn 0.046816 -0.00582913 -0.998886
vn 0.046816 0.00582913 -0.998886
vn 0.0433668 -0.00244149 -0.999056
vn 0.0433668 0.002472 -0.999056
vn 0.0621065 5.35083e-17 -0.99807
vn 0.0496544 5.50759e-17 -0.998766
vn 0.050447 -0.00408948 -0.998718
vn 0.0535607 -0.00546289 -0.99855
vn 0.0581083 5.40127e-17 -0.99831
vn 0.0535607 0.00546289 -0.99855
vn 0.050447 0.00408948 -0.998718
vn -0.000396753 -0.999999 -0.00103766
vn 0.000488311 -0.999999 -0.00122078
vn 0.000427272 -0.999999 -0.00106818
vn 0.000427272 -0.999999 -0.000946102
vn 0.000366233 -1 -0.000854544
vn 0.000213636 -1 -0.000732466
vn 0.000183117 -1 -0.000640908
vn 0.000152597 -1 -0.000579869
vn 0.0483718 -0.0298166 -0.998384
vn 0.0211189 -0.00952183 -0.999732
vn 0.0274056 0.0168767 -0.999482
vn 0.0427259 5.5944e-17 -0.999087
vn 0.0274056 -0.0168767 -0.999482
vn 0.0211189 0.00952183 -0.999732
vn 0.0483718 0.0298166 -0.998384
vn 0.0753521 5.18303e-17 -0.997157
vn 0.0375079 -0.0274366 -0.99892
vn 0.0211801 -0.00814858 -0.999743
vn 0.0212412 0.0155342 -0.999654
vn 0.0212106 0.00820961 -0.999741
vn 0.0375077 0.0276196 -0.998915
vn 0.0212412 -0.0156258 -0.999652
vn 0.0323809 5.72347e-17 -0.999476
vn 0.0571922 5.41281e-17 -0.998363
vn -7.03047e-08 -0.59437 -0.804192
vn -0.420285 -0.420285 -0.80419
vn -0.715996 -0.695944 0.0548748
vn -0.999814 0.0190746 -0.00302133
vn -0.59437 1.22032e-16 -0.804192
vn -0.420285 0.420285 -0.80419
vn -0.696906 0.714943 -0.0563689
vn 0.696906 0.714943 -0.0563691
vn 0.420285 0.420285 -0.80419
vn 0.59437 -2.35467e-17 -0.804192
vn 0.999814 0.0190746 -0.0030215
vn 0.715981 -0.69596 0.0548735
vn 0.420285 -0.420285 -0.80419
vn -7.03047e-08 0.59437 -0.804192
vn -6.73154e-09 0.997031 -0.0769999
vn -6.73154e-09 -0.997031 -0.0769999
vn -0.696906 -0.714943 -0.0563689
vn 0.999814 -0.0190746 -0.0030215
vn 0.696906 -0.714943 -0.0563691
vn 0.715981 0.69596 0.0548735
vn -0.999814 -0.0190746 -0.00302133
vn -0.716011 0.695929 0.0548736
vn -0.71601 -0.0549039 0.695928
vn -0.716011 0.0548735 0.695929
vn 0.696906 -0.056369 -0.714943
vn 0.696906 0.056369 -0.714943
vn 0.999814 0.00302141 -0.0190747
vn 0.999814 -0.00302141 -0.0190747
vn -0.999814 -0.00302141 -0.0190745
vn -0.999814 0.00302141 -0.0190745
vn -0.696907 0.056369 -0.714943
vn -0.696907 -0.056369 -0.714943
vn 0.716011 -0.0548735 0.695929
vn 0.716011 0.0548735 0.695929
vn 0.726704 -0.653334 0.212264
vn -0.688511 0.689732 -0.224102
vn -2.7014e-08 0.951061 -0.309004
vn -0.726704 -0.653334 0.212264
vn -0.999271 0.0363171 -0.0117801
vn 0.688511 0.689732 -0.224102
vn 0.999271 0.0363171 -0.0118108
vn -0.726702 -0.555762 0.403774
vn -0.99927 0.0309153 -0.0224616
vn -5.13842e-08 0.80903 -0.587767
vn 0.688524 0.586711 -0.426269
vn 0.99927 0.0309153 -0.0224618
vn -0.688524 0.586711 -0.426269
vn 0.726702 -0.555762 0.403774
vn -0.688524 0.426269 -0.586711
vn -7.07255e-08 0.587801 -0.809005
vn -0.726693 -0.4038 0.555755
vn -0.99927 0.0224617 -0.0309152
vn 0.688524 0.426269 -0.586711
vn 0.99927 0.0224617 -0.0309154
vn 0.726693 -0.4038 0.555755
vn -0.99927 0.0117802 -0.0363475
vn -0.688511 0.224102 -0.689732
vn 0.999269 0.0118107 -0.0363477
vn 0.726718 -0.21226 0.65332
vn -8.31444e-08 0.309004 -0.951061
vn -0.726699 -0.212293 0.65333
vn 0.688511 0.224102 -0.689732
vn -8.71632e-08 0.0769999 -0.997031
vn -8.71632e-08 -0.0769999 -0.997031
vn 0.726704 0.653334 0.212264
vn 0.999271 -0.0363171 -0.0117803
vn 0.688511 -0.689732 -0.224102
vn -0.999271 -0.0363171 -0.0117801
vn -0.726704 0.653334 0.212264
vn -2.7014e-08 -0.951061 -0.309004
vn -0.688511 -0.689732 -0.224102
vn -0.688524 -0.586711 -0.426269
vn -0.99927 -0.0309153 -0.0224616
vn -0.726702 0.555762 0.403774
vn -5.13842e-08 -0.80903 -0.587767
vn 0.99927 -0.0309153 -0.0224618
vn 0.688524 -0.586711 -0.426269
vn 0.726702 0.555762 0.403774
vn 0.726702 0.403774 0.555762
vn -0.688524 -0.426269 -0.586711
vn -0.99927 -0.0224617 -0.0309152
vn -0.726702 0.403774 0.555762
vn -7.07277e-08 -0.587767 -0.80903
vn 0.99927 -0.0224617 -0.0309154
vn 0.688524 -0.426269 -0.586711
vn 0.999271 -0.0117802 -0.0363172
vn 0.688511 -0.224102 -0.689732
vn 0.726704 0.212264 0.653334
vn -8.31444e-08 -0.309004 -0.951061
vn -0.688511 -0.224102 -0.689732
vn -0.999271 -0.0117802 -0.0363171
vn -0.726704 0.212264 0.653334
vn 0.548986 0.548986 -0.63026
vn 1 -1.22465e-16 -8.74228e-08
vn 0.776386 -5.64876e-17 -0.630258
vn -0.548986 0.548986 -0.63026
vn -5.50989e-08 0.776386 -0.630258
vn -0.776386 1.33672e-16 -0.630258
vn -1 1.22465e-16 8.74228e-08
vn -0.548986 -0.548986 -0.63026
vn -5.50989e-08 -0.776386 -0.630258
vn -1.22465e-16 -1 -6.12323e-17
vn 0.548986 -0.548986 -0.63026
vn 0.715996 -0.695944 0.0548747
vn -0.715981 -0.69596 0.0548736
vn -0.715981 0.69596 0.0548736
vn 0.716011 0.695929 0.0548734
vn 0.71601 -0.0549039 0.695928
vn -0.716011 -0.0548735 0.695929
vn 0.999271 0.0363171 -0.0117803
vn -0.999271 0.0363171 -0.0118106
vn 0.99927 0.0117802 -0.0363477
vn -0.999269 0.0118107 -0.0363475
vn -0.726718 -0.21226 0.65332
vn 0.726699 -0.212293 0.65333
vn 0.154581 0.700573 0.696636
vn 6.11817e-08 0.714303 0.699837
vn 7.60315e-08 0.493583 0.869699
vn 0.0942418 0.482318 0.870912
vn 0.163767 0.673869 0.720472
vn 6.35103e-08 0.687195 0.726473
vn 0.164619 0.652678 0.739535
vn 6.49612e-08 0.669214 0.743069
vn 0.183022 0.741581 0.645415
vn 5.67876e-08 0.760298 0.649574
vn 8.63745e-08 0.154394 0.988009
vn 8.74228e-08 -6.12324e-17 1
vn 0.0286876 0.151495 0.988042
vn 0.0606105 0.305677 0.950204
vn 8.30553e-08 0.312123 0.950042
vn 0.118719 0.286788 0.950609
vn 0.0565213 0.142951 0.988115
vn 0.184155 0.449644 0.874018
vn 0.27098 0.661167 0.699591
vn 0.281332 0.668292 0.688649
vn 0.309372 0.634216 0.708561
vn 0.353743 0.687771 0.633906
vn 0.465911 0.613686 0.63743
vn 0.424776 0.661519 0.618028
vn 0.502468 0.605104 0.617556
vn 0.0825837 0.129033 0.988195
vn 0.171886 0.256608 0.951109
vn 0.265519 0.398706 0.8778
vn 0.366331 0.584457 0.724025
vn 0.334947 0.333512 0.881238
vn 0.218093 0.216811 0.95154
vn 0.45972 0.473637 0.751215
vn 0.586731 0.565184 0.579925
vn 0.635223 0.5339 0.558071
vn 0.623785 0.501463 0.599522
vn 0.105993 0.110175 0.988244
vn 0.735145 0.426413 0.527004
vn 0.749901 0.449465 0.485417
vn 0.125739 0.0869798 0.988243
vn 0.255659 0.169289 0.95183
vn 0.390243 0.258006 0.883823
vn 0.532172 0.356134 0.768089
vn 0.684119 0.448084 0.575501
vn 0.582338 0.238508 0.777172
vn 0.430232 0.175517 0.885491
vn 0.737619 0.310106 0.599794
vn 0.837433 0.338098 0.429413
vn 0.85881 0.330523 0.391408
vn 0.140785 0.0601533 0.988211
vn 0.283338 0.116003 0.951978
vn 0.150244 0.030763 0.98817
vn 0.300274 0.0589316 0.952031
vn 0.454338 0.0887496 0.886397
vn 0.61204 0.119606 0.781729
vn 0.76884 0.152443 0.621005
vn 0.894415 0.166358 0.415147
vn 0.938306 0.162666 0.305159
vn 0.621881 -1.2411e-16 0.783112
vn 0.462396 -1.1092e-16 0.886673
vn 0.778936 -1.33791e-16 0.627104
vn 0.910988 -1.36818e-16 0.412432
vn 0.958168 -1.34867e-16 0.286205
vn 0.153481 -7.93029e-17 0.988152
vn 0.305955 -9.57647e-17 0.952046
vn 0.150244 -0.030763 0.98817
vn 0.300274 -0.0589316 0.952031
vn 0.454338 -0.0887496 0.886397
vn 0.61204 -0.119606 0.781729
vn 0.76884 -0.152443 0.621005
vn 0.894415 -0.166358 0.415147
vn 0.938306 -0.162666 0.305159
vn 0.737619 -0.310106 0.599794
vn 0.582338 -0.238508 0.777172
vn 0.837442 -0.33809 0.429402
vn 0.85881 -0.330523 0.391408
vn 0.140785 -0.0601533 0.988211
vn 0.283338 -0.116003 0.951978
vn 0.430232 -0.175517 0.885491
vn 0.125739 -0.0869798 0.988243
vn 0.255659 -0.169289 0.95183
vn 0.390243 -0.258006 0.883823
vn 0.532172 -0.356134 0.768089
vn 0.684103 -0.448093 0.575513
vn 0.749901 -0.449465 0.485417
vn 0.735145 -0.426413 0.527004
vn 0.586731 -0.565184 0.579925
vn 0.45972 -0.473637 0.751215
vn 0.635234 -0.533909 0.55805
vn 0.623785 -0.501463 0.599522
vn 0.105993 -0.110175 0.988244
vn 0.218093 -0.216811 0.95154
vn 0.334947 -0.333512 0.881238
vn 0.171886 -0.256608 0.951109
vn 0.0825837 -0.129033 0.988195
vn 0.265519 -0.398706 0.8778
vn 0.366331 -0.584457 0.724025
vn 0.424767 -0.661536 0.618015
vn 0.465911 -0.613686 0.63743
vn 0.502468 -0.605104 0.617556
vn 0.309372 -0.634216 0.708561
vn 0.281332 -0.668292 0.688649
vn 0.353743 -0.687771 0.633906
vn 0.0565213 -0.142951 0.988115
vn 0.118719 -0.286788 0.950609
vn 0.184155 -0.449644 0.874018
vn 0.27098 -0.661167 0.699591
vn 0.0942418 -0.482318 0.870912
vn 0.0606105 -0.305677 0.950204
vn 0.154581 -0.700573 0.696636
vn 0.163767 -0.673869 0.720472
vn 0.164619 -0.652678 0.739535
vn 0.183022 -0.741581 0.645415
vn 0.0286876 -0.151495 0.988042
vn 5.67876e-08 -0.760298 0.649574
vn 6.49612e-08 -0.669214 0.743069
vn 8.63745e-08 -0.154394 0.988009
vn 8.30553e-08 -0.312123 0.950042
vn 7.60315e-08 -0.493583 0.869699
vn 6.11817e-08 -0.714303 0.699837
vn 6.35103e-08 -0.687195 0.726473
vn -0.0942417 -0.482318 0.870912
vn -0.0606103 -0.305677 0.950204
vn -0.154581 -0.700573 0.696636
vn -0.163767 -0.673869 0.720472
vn -0.164619 -0.652678 0.739535
vn -0.183022 -0.741581 0.645415
vn -0.0286875 -0.151495 0.988042
vn -0.353743 -0.687771 0.633906
vn -0.309372 -0.634216 0.708561
vn -0.0565212 -0.142951 0.988115
vn -0.118719 -0.286788 0.950609
vn -0.184155 -0.449644 0.874018
vn -0.27098 -0.661167 0.699591
vn -0.281332 -0.668292 0.688649
vn -0.366331 -0.584457 0.724025
vn -0.265519 -0.398706 0.8778
vn -0.424767 -0.661536 0.618015
vn -0.46591 -0.613686 0.63743
vn -0.502468 -0.605104 0.617556
vn -0.0825835 -0.129033 0.988195
vn -0.171886 -0.256608 0.951109
vn -0.105993 -0.110175 0.988244
vn -0.218093 -0.216811 0.95154
vn -0.334947 -0.333512 0.881238
vn -0.45972 -0.473637 0.751216
vn -0.586731 -0.565184 0.579925
vn -0.635234 -0.533909 0.55805
vn -0.623785 -0.501463 0.599522
vn -0.532172 -0.356134 0.768089
vn -0.390243 -0.258006 0.883823
vn -0.684103 -0.448093 0.575513
vn -0.749901 -0.449465 0.485417
vn -0.735145 -0.426413 0.527004
vn -0.125739 -0.0869798 0.988243
vn -0.255658 -0.169289 0.95183
vn -0.140785 -0.0601533 0.988211
vn -0.283338 -0.116003 0.951978
vn -0.430232 -0.175517 0.885491
vn -0.582338 -0.238508 0.777172
vn -0.737619 -0.310106 0.599794
vn -0.837442 -0.33809 0.429403
vn -0.85881 -0.330523 0.391409
vn -0.76884 -0.152443 0.621005
vn -0.61204 -0.119606 0.781729
vn -0.894415 -0.166358 0.415147
vn -0.938306 -0.162666 0.305159
vn -0.150244 -0.030763 0.98817
vn -0.300273 -0.0589316 0.952031
vn -0.454338 -0.0887496 0.886397
vn -0.305955 -2.08274e-17 0.952046
vn -0.153481 -4.17108e-17 0.988152
vn -0.462396 2.33407e-18 0.886674
vn -0.621881 2.82067e-17 0.783112
vn -0.778936 5.69931e-17 0.627104
vn -0.910988 8.63097e-17 0.412432
vn -0.958168 9.98168e-17 0.286205
vn -0.894415 0.166358 0.415147
vn -0.76884 0.152443 0.621005
vn -0.938306 0.162666 0.305159
vn -0.150244 0.030763 0.98817
vn -0.300273 0.0589316 0.952031
vn -0.454338 0.0887496 0.886397
vn -0.61204 0.119606 0.781729
vn -0.283338 0.116003 0.951978
vn -0.140785 0.0601533 0.988211
vn -0.430232 0.175517 0.885491
vn -0.582338 0.238508 0.777172
vn -0.737619 0.310106 0.599794
vn -0.837442 0.33809 0.429403
vn -0.85881 0.330523 0.391409
vn -0.749901 0.449465 0.485417
vn -0.684103 0.448093 0.575513
vn -0.735145 0.426413 0.527004
vn -0.125739 0.0869798 0.988243
vn -0.255658 0.169289 0.95183
vn -0.390243 0.258006 0.883823
vn -0.532172 0.356134 0.768089
vn -0.334947 0.333512 0.881238
vn -0.218093 0.216811 0.95154
vn -0.45972 0.473637 0.751216
vn -0.586731 0.565184 0.579925
vn -0.635234 0.533909 0.55805
vn -0.623785 0.501463 0.599522
vn -0.105993 0.110175 0.988244
vn -0.502468 0.605104 0.617556
vn -0.46591 0.613686 0.63743
vn -0.0825835 0.129033 0.988195
vn -0.171886 0.256608 0.951109
vn -0.265519 0.398706 0.8778
vn -0.366331 0.584457 0.724025
vn -0.424767 0.661536 0.618015
vn -0.184155 0.449644 0.874018
vn -0.118719 0.286788 0.950609
vn -0.27098 0.661167 0.699591
vn -0.281332 0.668292 0.688649
vn -0.309372 0.634216 0.708561
vn -0.35375 0.687784 0.633887
vn -0.0565212 0.142951 0.988115
vn -0.183022 0.741581 0.645415
vn -0.164619 0.652678 0.739535
vn -0.0286875 0.151495 0.988042
vn -0.0606103 0.305677 0.950204
vn -0.0942417 0.482318 0.870912
vn -0.154581 0.700573 0.696636
vn -0.163767 0.673869 0.720472
vn 0.416277 0.257701 0.871954
vn 0.35237 -0.181007 0.918189
vn 8.63582e-08 -0.155588 0.987822
vn 8.30484e-08 0.312361 0.949963
vn 7.62463e-08 0.489228 0.872156
vn 0.394222 0.398952 0.827905
vn 0.4689 0.500579 0.727704
vn 6.88967e-08 0.615564 0.788087
vn 6.19678e-08 0.70538 0.708829
vn 0.480628 0.606583 0.633288
vn 7.36812e-08 0.538204 0.842815
vn 0.449664 0.49471 0.743683
vn 0.751333 0.275532 0.59965
vn 0.775222 -0.234572 0.586521
vn 0.605438 0.596954 0.526394
vn 0.312122 0.343435 0.885795
vn 0.412562 0.325094 0.850944
vn 0.561765 0.363666 0.743079
vn 0.659796 0.450525 0.601412
vn 0.642425 0.393268 0.657746
vn 0.0950368 0.347095 0.933002
vn 0.323018 0.750199 0.57694
vn 0.184002 0.268357 0.945583
vn 0.652531 -0.526212 0.545256
vn 0.21531 -0.25239 0.943367
vn 0.686174 -0.492679 0.535193
vn 0.339035 -0.0832253 0.937085
vn 0.613008 -0.536802 0.579711
vn 0.334522 -0.0140084 0.942284
vn 0.360284 -0.580391 0.730303
vn 0.303786 0.0305189 0.952252
vn 0.120702 -0.503377 0.855595
vn 0.318409 0.0926265 0.943417
vn 0.0239572 -0.304302 0.952274
vn 0.329854 0.145212 0.932797
vn 0.0706513 -0.204568 0.976299
vn 0.42181 0.149454 0.894282
vn 0.0641808 -0.168463 0.983616
vn 0.678507 0.118781 0.724927
vn 0.02115 0.109412 0.993771
vn 0.680466 0.212234 0.701372
vn 8.56051e-08 -0.202861 0.979208
vn 0.0249644 0.102787 0.99439
vn 8.69696e-08 0.101688 0.994816
vn -0.000610314 0.509919 0.860222
vn 0.599786 0.456195 0.657375
vn 0.0372637 0.656585 0.753331
vn 0.397786 0.501825 0.768074
vn -0.0742228 0.667822 0.740611
vn 0.317583 0.388327 0.865068
vn -0.0412916 0.702141 0.710839
vn 0.193796 0.273694 0.942091
vn -0.0251175 0.735458 0.677105
vn 0.0210889 0.233869 0.972039
vn -0.0867351 0.264875 0.960374
vn -0.0155648 0.848161 0.52951
vn 0.191508 0.881486 0.431633
vn -0.0814858 0.3528 0.932144
vn 0.0848119 0.206033 0.974863
vn 0.157359 0.252397 0.954743
vn 0.273112 0.298138 0.914617
vn 0.368064 0.318897 0.873404
vn 0.435782 0.317063 0.842357
vn 0.657041 0.255016 0.709411
vn 0.714815 0.170693 0.678162
vn 0.0513021 0.273021 0.960639
vn 8.47298e-08 0.246289 0.969196
vn 0.649146 0.320606 0.689798
vn 0.614809 0.369404 0.696814
vn 0.579223 0.386555 0.717688
vn 0.619756 0.376852 0.688393
vn 0.482907 0.34319 0.805619
vn 0.490198 0.300125 0.818309
vn 0.407949 0.364245 0.8372
vn 0.448908 0.356648 0.819319
vn 0.459352 0.37411 0.805628
vn 0.450831 0.385123 0.805252
vn 0.394615 0.398766 0.827807
vn 0.366625 0.357164 0.859081
vn 0.369404 0.367603 0.853469
vn 0.350362 0.413964 0.840167
vn 0.287826 0.461662 0.839062
vn 0.278058 0.361832 0.88981
vn 0.263044 0.386218 0.884106
vn 0.22288 0.456533 0.861337
vn 0.174968 0.505859 0.844685
vn 0.156686 0.345723 0.925162
vn 0.174783 0.408192 0.896008
vn 0.147714 0.496093 0.855612
vn 0.111182 0.527802 0.842059
vn 0.0991265 0.319903 0.942251
vn 0.114233 0.414572 0.902818
vn 0.10056 0.522605 0.846624
vn 0.0723305 0.544065 0.83592
vn 8.30176e-08 0.313434 0.94961
vn 7.92566e-08 0.422013 0.90659
vn 7.38556e-08 0.535067 0.844809
vn 7.29268e-08 0.551484 0.834185
vn 0.820075 0.251995 0.513786
vn 0.706269 0.45931 0.53872
vn 0.578825 0.24519 0.777717
vn 0.731868 -0.0436417 0.680047
vn 0.439505 0.0267652 0.897841
vn 0.540215 -0.263073 0.79935
vn 0.217786 -0.109442 0.969841
vn 0.272418 -0.351158 0.895811
vn -0.00827064 -0.125251 0.992091
vn 0.0536225 -0.242567 0.968652
vn 0.0698877 0.113896 0.991032
vn -0.133063 -0.0691559 0.988692
vn -0.183968 -0.0036928 0.982925
vn 0.00888109 0.12409 0.992231
vn 0.601296 0.542485 0.586646
vn 0.475584 0.408381 0.779131
vn 0.362478 0.254195 0.896657
vn 0.20271 0.12049 0.971798
vn 0.0155036 0.0498677 0.998636
vn -0.1146 0.0511809 0.992092
vn -0.139167 0.135596 0.980942
vn 0.46715 0.294445 0.83371
vn 0.0429411 0.1533 0.987246
vn 0.5257 0.780477 0.338371
vn 0.170999 0.882798 0.437523
vn -0.0464802 0.835728 0.547173
vn -0.324111 0.732851 0.598232
vn -0.53766 0.535677 0.651132
vn 0.728582 0.249402 0.63794
vn 0.232067 0.131354 0.96379
vn 0.0322277 0.130162 0.990969
vn -0.196665 0.101476 0.975205
vn -0.45812 -0.0802039 0.885264
vn 0.765432 -0.376918 0.521581
vn 0.508235 -0.552853 0.660342
vn 0.263961 -0.686409 0.677619
vn -0.011292 -0.627227 0.778754
vn -0.236037 -0.493895 0.836872
vn 0.0279862 0.156014 0.987358
vn 0.612897 0.331475 0.717274
vn 0.738776 0.36214 0.568388
vn 0.0725122 0.0127873 0.997286
vn 0.558157 0.336469 0.758452
vn 0.669342 0.382647 0.636839
vn 0.28963 -0.0337851 0.956542
vn 0.516757 0.367822 0.773091
vn 0.322555 0.277936 0.904826
vn 0.251603 0.26967 0.929502
vn 0.214183 0.263869 0.940478
vn 0.430509 0.344505 0.834253
vn 0.33858 0.295059 0.893479
vn 0.379075 -0.0672026 0.922922
vn 0.40871 -0.0839577 0.908794
vn 0.381761 0.0147406 0.924143
vn 8.5959e-08 0.182228 0.983256
vn 0.0428181 0.503989 0.862648
vn 7.31196e-08 0.548133 0.836391
vn 7.80116e-08 0.451347 0.892348
vn 0.154305 0.378134 0.912801
vn -0.00839262 0.396685 0.917917
vn 0.244767 0.251481 0.936401
vn -0.00402845 0.194072 0.980979
vn 0.447326 0.133401 0.884366
vn 0.414299 0.23335 0.879718
vn 0.360834 0.215286 0.907442
vn 0.201546 -0.326215 0.92356
vn 0.307051 -0.412067 0.857858
vn 0.561863 -0.373436 0.738143
vn 0.772342 -0.190255 0.606045
vn 0.896165 0.0465112 0.441277
vn 0.210763 0.0586266 0.975778
vn 0.339066 -0.123663 0.932599
vn 5.75845e-08 0.752414 0.65869
vn -0.166757 0.712836 0.681218
vn -0.376941 0.624787 0.683781
vn -0.656623 0.248671 0.712046
vn -0.69535 -0.314165 0.646366
vn -0.536042 -0.497924 0.681711
vn -0.42785 -0.587252 0.687081
vn -0.207989 -0.707286 0.675638
vn 0.307299 -0.608096 0.731974
vn -0.401851 -0.489076 0.774158
vn -0.165294 -0.729998 0.66316
vn -0.447591 -0.29698 0.843484
vn -0.4201 -0.0455045 0.906336
vn -0.418148 0.366967 0.830956
vn -0.273726 0.594604 0.755989
vn -0.192024 0.521353 0.831455
vn 7.29394e-08 0.551266 0.83433
vn 0.532343 -0.260571 0.805427
vn 0.120306 -0.901777 0.41512
vn 8.41082e-08 -0.272749 0.962085
vn 0.712937 -0.348869 0.608285
vn 6.77744e-08 -0.631656 0.775249
vn 0.798235 -0.39898 0.45126
vn 4.89401e-08 -0.828621 0.55981
vn 0.815283 -0.495383 0.299848
vn 0.659362 -0.653381 0.371935
vn 0.692749 -0.484854 0.533868
vn 0.547554 -0.251665 0.798029
vn 0.509952 -0.12748 0.850704
vn 8.54974e-08 -0.208718 0.977976
vn -0.186169 -0.759022 0.623881
vn 0.536248 -0.79813 0.274639
vn 0.301068 -0.16062 0.939978
vn 0.747962 -0.662203 0.0451682
vn 0.818575 -0.254679 0.514852
vn 0.813698 -0.554195 -0.175393
vn 0.928367 -0.306292 0.210522
vn 0.871235 -0.490446 -0.0202954
vn 0.9125 -0.180278 0.36721
vn 0.888203 -0.201214 0.413048
vn 0.911707 -0.285601 0.295336
vn 0.824818 -0.153177 0.544253
vn 0.90688 -0.23335 0.35088
vn 0.783907 -0.108678 0.611293
vn 0.937474 -0.0346388 0.346327
vn 0.754947 -0.209757 0.621335
vn 0.842634 -0.183847 0.50613
vn 0.726572 -0.131996 0.674292
vn 0.755187 -0.0227365 0.655115
vn 0.68561 0.181466 0.704989
vn 0.628484 0.453975 0.631597
vn 0.860184 0.276504 0.42852
vn 0.741076 0.146036 0.655347
vn 0.477508 0.235244 0.84655
vn 0.125006 0.0501121 0.99089
vn 0.343855 0.106266 0.93299
vn 0.291609 0.241039 0.92567
vn 0.210915 0.447924 0.868838
vn 0.42928 0.231975 0.872873
vn -0.70265 -0.187847 0.686292
vn -0.593385 -0.00308244 0.804913
vn 0.0209669 0.156107 0.987518
vn 0.228746 -0.451021 0.862702
vn 0.0577117 0.231518 0.971117
vn 0.653071 -0.0915868 0.751738
vn 0.637032 0.396386 0.661112
vn 0.365893 0.271284 0.89024
vn 0.671158 0.361658 0.647109
vn 0.383051 0.225265 0.895839
vn 0.835865 -0.331715 0.437373
vn 0.630399 -0.0881997 0.771244
vn 0.574059 -0.110356 0.811343
vn 0.760601 -0.344623 0.550201
vn 0.61887 -0.31621 0.719034
vn 0.408712 -0.146095 0.900894
vn 0.635219 -0.77231 0.00585956
vn 0.631595 -0.771708 0.0745278
vn 0.416923 -0.851302 0.318529
vn -0.0466028 -0.81587 0.576355
vn 0.452411 -0.247263 0.856846
vn 0.223707 -0.112311 0.968164
vn 0.8758 -0.385758 0.290112
vn 0.934159 -0.262617 0.24162
vn 0.976302 0.164253 0.140906
vn 0.890052 0.135778 0.435168
vn 0.832335 -0.268391 0.484959
vn 0.885314 -0.131601 0.445983
vn 0.928067 0.228957 0.293719
vn 0.6279 0.0741004 0.774758
vn 0.691485 0.413694 0.592204
vn 0.875933 0.468959 0.113226
vn 0.805318 0.273699 0.525882
vn 0.694715 0.645151 0.318043
vn -0.527018 -0.443424 0.725001
vn 0.498864 0.466178 0.730625
vn 0.321704 0.749309 0.578828
vn 0.291365 0.520349 0.80271
vn 0.333023 0.421405 0.843513
vn 0.0609463 0.669951 0.7399
vn -0.145238 0.0900298 0.985292
vn -0.714088 -0.147255 0.684393
vn -0.333152 0.119942 0.935213
vn -0.0816376 -0.777526 0.623529
vn 0.251353 0.268077 0.93003
vn 0.25819 0.17231 0.950604
vn 0.241469 0.159707 0.957176
vn 0.147287 0.117042 0.982145
vn -0.294145 0.103888 0.950098
vn 0.0648527 -0.0345779 0.997296
vn -0.00241094 0.209912 0.977717
vn 0.0584745 0.244762 0.967818
vn 0.0635708 0.291333 0.954507
vn 0.0289929 0.365798 0.930243
vn 0.0280471 0.513422 0.857678
vn -0.14826 0.162879 0.975443
vn -0.0539265 0.254679 0.965521
vn -0.0606117 0.351799 0.934111
vn -0.113929 0.437526 0.891959
vn -0.0895742 0.533967 0.840747
vn 0.184639 0.305769 0.934031
vn -0.0978752 0.481289 0.871081
vn 0.2924 0.138158 0.946263
vn 0.310044 0.233563 0.921586
vn 0.295946 0.331257 0.895927
vn 0.222395 0.414149 0.882622
vn -0.147775 0.446133 0.882682
vn 0.265058 0.356096 0.896069
vn 0.488495 0.347739 0.800282
vn 0.315205 0.467284 0.82601
vn 0.453174 0.384568 0.804202
vn 0.0477625 0.553891 0.831218
vn 0.390037 0.33907 0.856098
vn 0.166545 0.399685 0.901396
vn 0.360435 0.226851 0.904779
vn 0.103429 0.255749 0.961195
vn 0.321764 -0.21635 0.92177
vn -0.0021057 0.0453813 0.998968
vn -0.573852 -0.233441 0.784984
vn 0.032015 -0.155771 0.987274
vn -0.552035 -0.345785 0.758743
vn -0.447291 -0.585726 0.675911
vn 0.326459 0.237253 0.914951
vn 0.197401 0.543799 0.815668
vn 0.239298 0.400163 0.88465
vn 0.226819 0.284439 0.931476
vn 0.21043 0.0560027 0.976004
vn 0.218822 -0.204814 0.954027
vn -0.0805702 -0.786293 0.612578
vn 0.233381 0.188793 0.953882
vn 0.338246 0.475918 0.811845
vn 0.408805 0.371053 0.833785
vn 0.393269 0.262525 0.881147
vn 0.392629 0.065311 0.917375
vn 0.413297 -0.203078 0.887663
vn 0.238481 -0.878051 0.414915
vn 0.299333 0.142952 0.943379
vn 0.50564 0.375567 0.77671
vn 0.557733 0.324813 0.763827
vn 0.550962 0.235516 0.800608
vn 0.538512 0.083348 0.838486
vn 0.538332 -0.177013 0.823933
vn 0.478994 -0.817357 0.320143
vn 0.358051 0.135932 0.923754
vn 0.593174 0.324665 0.736707
vn 0.596461 0.288831 0.748873
vn 0.61569 0.203012 0.761388
vn 0.612885 0.0994923 0.783883
vn 0.648598 -0.139474 0.748243
vn 0.658735 -0.698655 0.279193
vn 0.5766 0.168405 0.799482
vn 0.845936 -0.358908 0.394432
vn 0.358505 0.154639 0.920631
vn 0.567716 -0.690616 0.44805
vn 0.133489 0.144171 0.980508
vn 0.164406 -0.734287 0.65863
vn -0.0625327 0.148229 0.986974
vn -0.024385 -0.719404 0.694164
vn -0.317434 -0.487092 0.81362
vn -0.240124 0.154732 0.958331
vn 8.61614e-08 0.169257 0.985572
vn 7.62317e-08 -0.489525 0.871989
vn 0.571906 0.263506 0.776845
vn 0.391656 0.24916 0.885734
vn 0.125405 0.241317 0.962309
vn -0.0952801 0.242961 0.965345
vn -0.217203 0.24763 0.944194
vn 8.43398e-08 0.263226 0.964734
vn 0.67469 0.304888 0.672188
vn 0.434899 0.333514 0.83644
vn 0.134985 0.345504 0.928658
vn -0.093907 0.328995 0.939651
vn -0.245618 0.299087 0.922073
vn 8.32707e-08 0.304521 0.952506
vn 0.195443 0.625362 0.755463
vn 0.270002 0.355913 0.894665
vn 0.141943 0.305554 0.941535
vn -0.0739778 0.557673 0.826758
vn -0.305405 0.44851 0.83998
vn 8.10716e-08 0.374194 0.927351
vn -0.0783118 0.305618 0.948928
vn 8.10132e-08 0.375843 0.926683
vn 0.455167 0.619941 0.639137
vn 0.331038 0.439075 0.835241
vn 0.699224 0.484857 0.525356
vn 0.329427 0.47943 0.813404
vn 0.717056 0.277453 0.639414
vn 0.589546 -0.396937 0.703475
vn 0.523589 -0.161447 0.836534
vn 0.53988 -0.372331 0.754917
vn 0.551354 -0.112401 0.826665
vn 0.570627 -0.34768 0.743978
vn 0.493916 -0.295941 0.817598
vn 0.488638 -0.0433979 0.871406
vn 0.436734 -0.0717514 0.896724
vn 0.667918 -0.131142 0.732589
vn 0.465852 -0.0948857 0.87976
vn 0.565484 -0.103489 0.818241
vn 0.595405 0.00061039 0.803426
vn 0.504461 -0.0851806 0.859223
vn 0.583424 -0.152166 0.797786
vn 0.468928 -0.0041201 0.883227
vn 0.474361 0.00192271 0.880328
vn 0.393296 0.131353 0.90998
vn 0.288223 0.276534 0.916764
vn 0.348099 0.129889 0.928416
vn 0.564546 0.163705 0.809005
vn 0.480772 0.230757 0.845937
vn 0.362451 0.100715 0.926545
vn 0.502524 0.183266 0.844916
vn 0.428338 0.274491 0.860919
vn 0.33968 0.0713847 0.937828
vn 0.230908 0.111456 0.966571
vn 0.270579 0.0462664 0.961585
vn 0.253127 0.24156 0.93679
vn 0.294141 0.105138 0.949962
vn 0.274244 0.0627472 0.959611
vn 0.213602 0.0880775 0.972942
vn 0.150946 0.126012 0.980478
vn 8.64421e-08 0.14936 0.988783
vn 0.414088 0.272691 0.86843
vn 0.394401 0.348927 0.850116
vn 0.334823 0.266369 0.903848
vn 0.422415 0.150734 0.893781
vn 0.247907 0.374195 0.8936
vn 0.221567 0.367143 0.90339
vn 0.23454 0.384206 0.89296
vn 0.254075 0.343314 0.904202
vn 0.342149 0.175668 0.923079
vn 0.389667 0.209543 0.896801
vn 0.393637 0.247572 0.885301
vn 0.311082 0.279739 0.908281
vn 0.315443 0.362472 0.876989
vn 0.401513 0.362021 0.841266
vn 0.3405 0.198098 0.919139
vn 0.402944 0.22163 0.887984
vn 0.386154 0.266521 0.883092
vn 0.360796 0.268567 0.893139
vn 0.385703 0.211987 0.897939
vn 0.24733 0.225905 0.942229
vn 0.37679 0.248365 0.892381
vn 0.399582 0.216561 0.89075
vn 0.352401 0.186439 0.91709
vn 0.333881 0.164316 0.928183
vn 0.178477 0.290087 0.94021
vn 0.258528 0.358417 0.897051
vn 0.338487 0.296829 0.892927
vn 0.314379 0.259841 0.913044
vn 0.299633 0.246592 0.921636
vn 8.29451e-08 0.315935 0.948781
vn 0.197095 0.42651 0.882747
vn 0.273669 0.367853 0.888701
vn 0.270187 0.33388 0.903063
vn 0.254134 0.321184 0.912281
vn 0.157205 0.440029 0.884116
vn 0.234176 0.386804 0.891933
vn 0.250868 0.369191 0.894854
vn 0.22496 0.372858 0.900206
vn 7.73998e-08 0.464924 0.885351
vn 7.73081e-08 0.466917 0.884301
vn 7.97863e-08 0.408745 0.912649
vn -0.887496 -0.310196 0.340777
vn -0.979019 -0.183145 0.0893292
vn -0.946075 -0.258439 -0.195325
vn -0.599009 -0.780234 -0.180066
vn 0.115759 -0.920183 -0.373982
vn 0.288953 -0.818302 -0.496878
vn 0.393454 -0.766795 -0.507168
vn 0.579891 -0.790289 -0.197916
vn 0.0765436 -0.800901 -0.593885
vn 0.234022 -0.847096 -0.47714
vn -0.222363 -0.731363 -0.644719
vn -0.0552091 -0.77015 -0.635469
vn -0.0270399 -0.852182 -0.522546
vn -0.216655 -0.745215 -0.630646
vn -0.443291 -0.629763 -0.637881
vn -0.373131 -0.811115 -0.450406
vn -0.905431 -0.361232 -0.222947
vn -0.845597 -0.467799 -0.257155
vn -0.641827 -0.724261 -0.252
vn -0.392756 -0.829612 -0.396845
vn -0.203591 -0.848543 -0.488391
vn -0.210033 -0.857984 -0.468774
vn -0.129126 -0.929729 -0.344864
vn 0.304336 -0.775214 -0.553555
vn -0.0985465 -0.806622 -0.582794
vn -0.36052 -0.833624 -0.418445
vn -0.507713 -0.821813 -0.258556
vn -0.746077 -0.644203 -0.168436
vn -0.887892 -0.460045 0.00247212
vn -0.857929 -0.510802 0.055118
vn -0.297652 -0.909038 -0.291639
vn 0.446589 -0.700021 -0.557252
vn 0.201149 -0.799531 -0.565941
vn 0.034517 -0.857953 -0.512568
vn 0.0307021 -0.878857 -0.476097
vn -0.244241 -0.968754 -0.0431534
vn -2.05572e-08 -0.97196 -0.235147
vn -5.82965e-08 -0.745206 -0.666834
vn -6.64796e-08 -0.64941 -0.760438
vn 0.0763594 -0.626716 -0.775498
vn -0.0334801 -0.611246 -0.790732
vn -0.0796256 -0.625926 -0.775807
vn 0.0174261 -0.675774 -0.736903
vn -0.168314 -0.808698 -0.563629
vn -0.732653 -0.654767 -0.185742
vn -0.784767 -0.523554 -0.331711
vn -0.708147 -0.488436 -0.509861
vn -0.639899 -0.458523 -0.616674
vn -0.624948 -0.453184 -0.63566
vn -0.365041 -0.553803 -0.748363
vn 0.132973 -0.637888 -0.758562
vn -0.22575 -0.695897 -0.681736
vn -0.843498 -0.361168 -0.397578
vn -0.784008 -0.360035 -0.505673
vn -0.746079 -0.369408 -0.553989
vn -0.698499 -0.413416 -0.584112
vn -0.638766 -0.492457 -0.591156
vn -0.587157 -0.624635 -0.514857
vn -0.523067 -0.736304 -0.429251
vn -0.915341 -0.340262 -0.215345
vn -0.861216 -0.247235 -0.444052
vn -0.713628 -0.284804 -0.640016
vn -0.781616 -0.288738 -0.552908
vn -0.675416 -0.475578 -0.563595
vn 0.636595 -0.751926 0.171333
vn 0.788 -0.308882 0.532586
vn 0.745185 -0.526027 0.409871
vn 0.805266 -0.233233 0.545115
vn 0.758006 -0.430962 0.48959
vn 0.766133 -0.174389 0.618571
vn 0.634898 -0.468475 0.614358
vn 0.65994 -0.223368 0.717346
vn 0.518981 -0.486111 0.703104
vn 0.583196 -0.256699 0.770707
vn 0.472464 -0.448293 0.758823
vn 0.583834 -0.301012 0.754009
vn 0.520473 -0.331712 0.786813
vn 0.605049 -0.369347 0.705336
vn 0.547699 -0.129554 0.826584
vn 0.544592 -0.251024 0.800254
vn 0.640785 -0.361838 0.677103
vn 0.793335 0.439714 0.421037
vn 0.710735 0.553133 0.434626
vn 0.282883 0.293626 0.913105
vn 0.421378 0.20396 0.883652
vn 0.418843 0.161415 0.893597
vn 0.831712 0.349812 0.431146
vn 0.873967 0.455035 0.170661
vn 0.864126 0.447445 0.230391
vn 0.680086 0.728947 -0.0782204
vn 0.742191 0.651733 -0.156196
vn 0.845046 0.444756 0.296799
vn 0.622473 0.782578 -0.00994937
vn -0.374316 -0.102819 0.921583
vn -0.233138 -0.0850576 0.968717
vn -0.229258 -0.109074 0.967235
vn -0.401666 -0.126076 0.907067
vn -0.300487 -0.106236 0.947851
vn -0.189006 -0.127784 0.973626
vn -0.414268 -0.107641 0.903767
vn -0.256205 -0.0914646 0.962286
vn -0.285297 -0.0325034 0.957888
vn -0.396533 -0.0879252 0.9138
vn -0.647588 0.473537 0.596987
vn -0.836065 0.337844 0.43227
vn -0.889521 0.365776 -0.27379
vn -0.933236 0.167854 -0.31764
vn -0.829189 -0.000152598 0.558968
vn -0.951644 0.220256 -0.214152
vn -0.757672 -0.0291764 0.651983
vn -0.788739 -0.0612826 0.611666
vn -0.956324 0.108008 -0.271622
vn -0.934042 0.331439 0.133095
vn -0.609016 0.0112312 0.793079
vn -0.104192 0.756845 0.645236
vn -0.388872 -0.0231334 0.921001
vn -0.203015 -0.21739 0.954739
vn -0.10053 -0.289169 0.951985
vn -0.157846 0.746044 0.646918
vn 0.428393 0.0523398 0.902075
vn 0.488038 -0.134744 0.862359
vn 0.858142 0.286393 0.426111
vn 0.872914 0.221875 0.434503
vn 0.879008 0.355241 0.318038
vn 0.882425 0.380266 0.27699
vn 0.872728 0.401389 0.277908
vn 0.866047 0.470517 0.169046
vn 0.839791 0.451254 0.301863
vn 0.813007 0.537691 0.223402
vn 0.775656 0.553686 0.302968
vn 0.871682 0.190072 0.451711
vn 0.846692 0.360766 0.391102
vn 0.787542 0.497185 0.364122
vn 0.549733 0.827178 0.11649
vn 0.732824 0.619965 -0.280379
vn 0.667935 0.677121 -0.30882
vn 0.655871 -0.250873 0.711966
vn 0.831586 0.00296036 0.555388
vn 0.606912 0.191632 0.77132
vn 0.553032 0.331984 0.764161
vn 0.789069 0.25227 0.560116
vn 0.404993 0.548953 0.731185
vn 0.724974 0.45647 0.515798
vn 0.335586 0.693207 0.637845
vn 0.622441 0.693734 0.362355
vn 0.282146 0.811221 0.512167
vn 0.433532 0.892823 0.12214
vn 0.828664 -0.119056 0.546939
vn 0.840653 0.227216 0.491604
vn 0.777787 0.406549 0.479338
vn 0.704997 0.596928 0.382957
vn 0.455502 0.877951 0.147378
vn 0.508266 -0.475092 0.718299
vn 0.224989 -0.489225 0.842638
vn 0.723884 -0.335131 0.603058
vn 0.805073 -0.162547 0.57047
vn 0.626216 0.0711089 0.7764
vn -0.229414 -0.168619 0.958612
vn -0.08878 -0.337358 0.937181
vn 0.00125136 -0.434681 0.900583
vn 0.59247 0.0104681 0.805525
vn 0.513578 -0.0510587 0.856523
vn 0.409445 -0.0887801 0.908005
vn 0.276502 -0.0154426 0.960889
vn 0.217573 0.0827078 0.972533
vn 0.259962 0.0636628 0.963518
vn 0.0260937 0.325179 0.945292
vn -0.480686 0.160595 0.862061
vn 0.0236524 0.0195322 0.999529
vn -0.449512 0.00576806 0.893256
vn 0.482754 0.0485562 0.874409
vn 0.34725 0.218549 0.91195
vn 0.414879 0.0741618 0.906849
vn 0.309896 0.242204 0.919403
vn 0.240798 0.085271 0.966822
vn 0.256822 0.262438 0.930144
vn 0.0557881 0.0935395 0.994051
vn 0.202189 0.260907 0.943953
vn 0.269913 0.100104 0.957667
vn 0.274582 0.151558 0.949545
vn 0.570871 0.309226 0.760582
vn 0.384115 0.27446 0.881548
vn 0.147773 0.256482 0.955186
vn -0.0924424 0.254652 0.962604
vn 0.168986 0.299182 0.939113
vn 0.730749 0.641725 0.232799
vn 0.543509 0.781037 0.307538
vn -0.0721472 0.922899 0.378224
vn -0.488891 0.661723 0.568425
vn 0.0284134 0.607271 0.793987
vn 0.286667 0.239301 0.927662
vn 0.492578 0.0741003 0.867108
vn 0.38787 0.0979366 0.916496
vn 0.194588 0.15998 0.967751
vn 0.198712 0.0539277 0.978573
vn 0.0907327 0.11292 0.989453
vn 0.0340598 0.0851187 0.995789
vn 0.0666224 0.0675379 0.99549
vn -0.0349442 0.0586575 0.997666
vn 0.0566435 0.0289626 0.997974
vn -0.147925 0.10526 0.983381
vn 0.0409261 -0.0012818 0.999161
vn 8.72722e-08 0.0586576 0.998278
vn 8.74217e-08 -0.00503564 0.999987
vn 0.494014 0.264357 0.828291
vn 0.302721 0.32967 0.894247
vn 0.121345 0.328967 0.936513
vn -0.0359207 0.34227 0.938915
vn -0.1511 0.335466 0.929856
vn -0.235088 0.337541 0.911482
vn 8.14661e-08 0.362809 0.931864
vn 0.609035 0.677886 0.411761
vn 0.407735 0.802682 0.435263
vn -0.00354017 0.952831 0.30348
vn -0.533726 0.713548 0.453857
vn -0.725897 0.506251 0.4656
vn -0.711706 0.479089 0.513759
vn 7.33995e-08 0.543217 0.839592
vn -0.644451 0.722215 -0.251176
vn -0.175946 0.850734 -0.495272
vn -0.0152901 0.966509 -0.256177
vn 0.339555 0.751409 -0.565762
vn 0.566525 0.658723 -0.49511
vn -0.250291 0.890805 -0.379236
vn 0.590539 0.720641 -0.363235
vn -0.175637 0.844093 -0.506615
vn 0.442283 0.759866 -0.476434
vn -0.740771 0.538762 -0.401241
vn -0.901264 0.301927 -0.310747
vn -0.91981 0.309096 -0.241679
vn -2.65578e-08 0.95274 -0.303786
vn 0.452227 0.891789 -0.0142523
vn 0.189553 0.975814 0.108892
vn 0.5474 0.769095 -0.329917
vn 0.458086 0.869631 -0.184119
vn -0.834096 0.34667 -0.429073
vn -6.49005e-08 0.669984 -0.742375
vn -0.632972 0.445491 -0.633155
vn -6.65545e-08 0.648405 -0.761295
vn -0.84968 0.246533 -0.466117
vn -0.717378 0.362016 -0.595242
vn -0.256119 0.562472 -0.786148
vn 0.278306 0.607274 -0.744153
vn 0.48968 0.644504 -0.58722
vn -0.390985 0.729751 -0.560887
vn -0.582617 0.587195 -0.561925
vn -0.237103 0.600556 -0.76362
vn 0.14469 0.558069 -0.817083
vn 0.347918 0.600525 -0.719946
vn -0.352348 0.793752 -0.49579
vn -0.45993 0.576636 -0.675245
vn -0.380124 0.635209 -0.672321
vn -0.241899 0.519841 -0.819299
vn -0.0118109 0.498252 -0.866952
vn 0.223584 0.61133 -0.759135
vn -0.432304 0.685857 -0.585418
vn 0.125098 0.963125 -0.238202
vn -0.225264 0.947688 -0.226149
vn -0.250105 0.77186 -0.584534
vn 0.057773 0.841142 -0.537719
vn 0.275836 0.94745 0.162028
vn -0.0681498 0.997159 0.0320759
vn 0.271742 0.854718 -0.442283
vn 0.23576 0.924148 -0.300613
vn 0.223464 0.969088 -0.10456
vn 0.338673 0.678658 0.651709
vn 0.33962 0.72859 -0.594823
vn 0.0390338 0.678012 -0.734014
vn -0.30922 0.552122 -0.774302
vn 0.29921 0.631718 -0.715127
vn 0.00677522 0.558351 -0.829577
vn -0.27635 0.43865 -0.855112
vn -0.306292 0.551179 -0.776136
vn -0.0629924 0.647045 -0.759845
vn -0.387531 0.730871 -0.561825
vn -0.133675 0.750381 -0.647348
vn -0.314015 0.866478 -0.388085
vn -0.0700423 0.873438 -0.481872
vn 0.139993 0.666486 -0.732256
vn 0.0310378 0.753638 -0.656557
vn 0.0143441 0.832907 -0.553227
vn -0.573216 0.79433 -0.201154
vn -0.619175 0.59888 -0.507902
vn -0.569334 0.371875 -0.73319
vn -0.569644 0.255111 -0.781296
vn -0.579744 0.389548 -0.715646
vn -0.861671 0.500937 -0.0811497
vn -0.818458 0.548273 -0.171822
vn -0.788897 0.518709 -0.329518
vn -0.610719 0.560851 -0.558989
vn -0.785236 0.446195 -0.429318
vn -0.546366 0.667774 -0.505531
vn -0.556024 0.612698 -0.561639
vn -0.460236 0.713549 -0.528234
vn -0.419302 0.7266 -0.544278
vn -0.381673 0.781992 -0.492762
vn -0.414695 0.822767 -0.388693
vn -0.437805 0.815852 -0.377773
vn -0.439168 0.894663 -0.0819128
vn -0.605135 0.712379 -0.355426
vn -0.43474 0.740354 -0.512715
vn -0.397446 0.710051 -0.581261
vn -0.422359 0.647349 -0.63447
vn -0.466089 0.588135 -0.660953
vn -0.510719 0.618057 -0.597639
vn -0.670507 0.513394 -0.535581
vn -0.713514 0.637155 -0.29143
vn -0.743846 0.522002 -0.417381
vn -0.539247 0.723066 -0.431727
vn 0.133825 0.610132 -0.780916
vn -0.0203564 0.518888 -0.8546
vn -0.159096 0.552275 -0.81834
vn -0.352346 0.668953 -0.654487
vn -0.17744 0.731704 -0.658122
vn -0.0551784 0.52633 -0.848488
vn -0.0314351 0.544712 -0.838034
vn -0.276289 0.341569 -0.898329
vn -0.259074 0.356062 -0.897831
vn -0.439545 0.281514 -0.852965
vn -0.397417 0.286481 -0.871773
vn -0.586334 0.282882 -0.759072
vn -0.541779 0.277879 -0.793258
vn -0.613249 0.341752 -0.712131
vn -0.62641 0.309527 -0.715404
vn -0.529816 0.490171 -0.692118
vn -6.65091e-08 0.649015 -0.760776
vn 8.74065e-08 -0.0192882 0.999814
vn -0.0118109 -0.0865222 0.99618
vn 8.10091e-08 -0.375959 0.926636
vn -0.022859 -0.390801 0.920191
vn 8.60485e-08 -0.176616 0.98428
vn 0.00341827 -0.204542 0.978852
vn 0.065005 -0.0369582 0.9972
vn 0.0922288 -0.37331 0.923111
vn 0.0639063 -0.216225 0.97425
vn 0.111882 0.118138 0.986674
vn 0.207987 -0.347031 0.9145
vn 0.130255 -0.217357 0.967362
vn 0.213818 0.149178 0.965416
vn 0.202466 -0.342245 0.917538
vn 0.12467 -0.186868 0.974442
vn 0.194618 0.119206 0.973609
vn 0.166149 -0.323874 0.931397
vn 0.105443 -0.171974 0.979442
vn 0.195504 0.136603 0.971142
vn 0.26445 -0.290208 0.919699
vn 0.187878 -0.196912 0.962251
vn 0.257187 0.259262 0.930934
vn 0.34166 0.331131 0.879557
vn 0.377952 0.252029 0.890861
vn 0.378929 0.193249 0.905023
vn 0.4464 0.118596 0.88694
vn 0.526663 0.0524618 0.848454
vn 0.57923 0.0278338 0.814689
vn 0.611907 0.0650972 0.788246
vn 0.585938 0.141914 0.797833
vn 0.48895 0.302721 0.8181
vn 0.311604 0.542393 0.780201
vn 0.174537 0.627773 0.758576
vn 0.166421 0.599427 0.782938
vn 0.328358 0.364646 0.871329
vn 0.347952 -0.139413 0.927089
vn 0.386467 -0.0432764 0.921288
vn 0.300401 -0.169229 0.93868
vn 0.317493 -0.0182506 0.948085
vn 0.227857 0.701729 0.675024
vn 0.343705 0.438192 0.830575
vn 0.361135 0.698283 0.618047
vn 0.611456 0.512177 0.603155
vn 0.77097 0.21113 0.600857
vn 0.794993 0.0233166 0.606171
vn 0.757639 -0.069248 0.64899
vn 0.698612 -0.114172 0.706333
vn 0.6247 -0.0890553 0.77577
vn 0.532917 -0.0627158 0.84384
vn 0.366782 -0.00521882 0.930292
vn 0.407493 0.064365 0.910937
vn 0.223277 0.0424214 0.973831
vn 0.0977537 0.00253311 0.995207
vn 0.0705297 0.0151375 0.997395
vn 0.0805392 0.0350966 0.996133
vn 0.0844449 0.0588093 0.994691
vn 0.0511191 0.0888708 0.994731
vn 8.69413e-08 0.104802 0.994493
vn 0.516667 -0.179242 0.837214
vn 0.500604 -0.139197 0.854412
vn 0.517481 -0.0457175 0.854472
vn 0.571104 0.0275893 0.820414
vn 0.612498 0.0314047 0.789848
vn 0.549994 0.111732 0.827661
vn 0.443238 0.153758 0.883119
vn 0.430869 0.266401 0.862196
vn 0.432855 0.278366 0.857408
vn 0.460871 0.204418 0.863603
vn 0.401789 0.260515 0.877894
vn 0.455683 0.261062 0.850999
vn 0.392356 0.236097 0.888997
vn 0.42327 0.215679 0.879958
vn 0.450896 0.123879 0.883938
vn -0.35237 -0.181007 0.918189
vn -0.416277 0.257701 0.871954
vn -0.394221 0.398952 0.827905
vn -0.4689 0.500579 0.727704
vn -0.480628 0.606583 0.633288
vn -0.449664 0.49471 0.743683
vn -0.775222 -0.234572 0.586521
vn -0.751333 0.275532 0.599651
vn -0.605438 0.596954 0.526394
vn -0.312122 0.343435 0.885795
vn -0.412562 0.325094 0.850944
vn -0.561765 0.363666 0.743079
vn -0.659796 0.450525 0.601412
vn -0.642425 0.393268 0.657746
vn -0.0950367 0.347095 0.933002
vn -0.323018 0.750199 0.57694
vn -0.184002 0.268357 0.945583
vn -0.21531 -0.25239 0.943367
vn -0.652531 -0.526212 0.545256
vn -0.339035 -0.0832253 0.937085
vn -0.686174 -0.492679 0.535193
vn -0.334522 -0.0140084 0.942284
vn -0.613008 -0.536802 0.579711
vn -0.303785 0.0305189 0.952252
vn -0.360284 -0.580391 0.730303
vn -0.318409 0.0926265 0.943417
vn -0.120702 -0.503377 0.855595
vn -0.329854 0.145212 0.932797
vn -0.0239571 -0.304302 0.952274
vn -0.42181 0.149454 0.894282
vn -0.0706511 -0.204568 0.976299
vn -0.678507 0.118781 0.724927
vn -0.0641806 -0.168463 0.983616
vn -0.680466 0.212234 0.701372
vn -0.0211498 0.109412 0.993771
vn -0.0249642 0.102787 0.99439
vn -0.599767 0.456204 0.657387
vn 0.000610465 0.509919 0.860222
vn -0.0372636 0.656585 0.753331
vn -0.397786 0.501825 0.768074
vn 0.0742229 0.667822 0.740611
vn -0.317583 0.388327 0.865068
vn 0.0412917 0.702141 0.710839
vn -0.193796 0.273694 0.942091
vn 0.0251176 0.735458 0.677105
vn -0.0210887 0.233869 0.972039
vn -0.191508 0.881486 0.431633
vn 0.0155649 0.848161 0.529509
vn 0.0867353 0.264875 0.960374
vn 0.081486 0.3528 0.932144
vn -0.0848117 0.206033 0.974863
vn -0.157359 0.252397 0.954743
vn -0.273112 0.298138 0.914617
vn -0.368064 0.318897 0.873404
vn -0.435782 0.317063 0.842357
vn -0.657041 0.255016 0.709411
vn -0.714815 0.170693 0.678162
vn -0.051302 0.273021 0.960639
vn -0.649146 0.320606 0.689798
vn -0.614809 0.369404 0.696814
vn -0.579223 0.386555 0.717688
vn -0.619755 0.376852 0.688393
vn -0.482907 0.34319 0.805619
vn -0.490198 0.300125 0.81831
vn -0.407949 0.364245 0.8372
vn -0.448907 0.356648 0.819319
vn -0.459352 0.37411 0.805628
vn -0.450831 0.385123 0.805252
vn -0.394615 0.398766 0.827807
vn -0.366625 0.357164 0.859081
vn -0.369404 0.367603 0.853469
vn -0.350362 0.413964 0.840167
vn -0.287826 0.461662 0.839062
vn -0.278058 0.361832 0.88981
vn -0.263043 0.386218 0.884106
vn -0.22288 0.456533 0.861337
vn -0.174968 0.505859 0.844685
vn -0.156686 0.345723 0.925162
vn -0.174782 0.408192 0.896008
vn -0.147714 0.496093 0.855612
vn -0.111182 0.527802 0.842059
vn -0.0991264 0.319903 0.942251
vn -0.114233 0.414572 0.902818
vn -0.10056 0.522605 0.846624
vn -0.0723303 0.544065 0.83592
vn -0.578824 0.24519 0.777717
vn -0.706269 0.45931 0.53872
vn -0.820074 0.251995 0.513786
vn -0.731868 -0.0436417 0.680047
vn -0.439505 0.0267652 0.897841
vn -0.540215 -0.263073 0.79935
vn -0.217785 -0.109442 0.969841
vn -0.272418 -0.351158 0.895811
vn 0.00827081 -0.125251 0.992091
vn -0.0536223 -0.242567 0.968652
vn 0.183969 -0.0036928 0.982925
vn 0.133063 -0.0691559 0.988692
vn -0.0698876 0.113896 0.991032
vn -0.00888092 0.12409 0.992231
vn -0.475584 0.408381 0.779131
vn -0.601296 0.542485 0.586646
vn -0.362478 0.254195 0.896657
vn -0.20271 0.12049 0.971798
vn -0.0155035 0.0498677 0.998636
vn 0.139167 0.135596 0.980942
vn 0.1146 0.0511809 0.992092
vn -0.46715 0.294445 0.833711
vn -0.0429409 0.1533 0.987246
vn -0.5257 0.780477 0.338371
vn -0.170999 0.882798 0.437523
vn 0.0464803 0.835728 0.547173
vn 0.324111 0.732851 0.598232
vn 0.53766 0.535677 0.651131
vn -0.728582 0.249402 0.63794
vn -0.232066 0.131354 0.96379
vn -0.0322275 0.130162 0.990969
vn 0.196665 0.101476 0.975205
vn 0.458121 -0.0802039 0.885264
vn -0.765432 -0.376918 0.521581
vn -0.508234 -0.552853 0.660342
vn -0.263961 -0.686409 0.677619
vn 0.0112921 -0.627227 0.778754
vn 0.236037 -0.493895 0.836872
vn -0.027986 0.156014 0.987358
vn -0.612897 0.331475 0.717274
vn -0.738776 0.36214 0.568388
vn -0.669341 0.382647 0.636839
vn -0.558157 0.336469 0.758452
vn -0.072512 0.0127873 0.997286
vn -0.28963 -0.0337851 0.956542
vn -0.516757 0.367822 0.773091
vn -0.322555 0.277936 0.904826
vn -0.251603 0.26967 0.929502
vn -0.214154 0.26387 0.940484
vn -0.430509 0.344505 0.834253
vn -0.338552 0.295062 0.893488
vn -0.379075 -0.0672026 0.922922
vn -0.40871 -0.0839577 0.908794
vn -0.381761 0.0147406 0.924143
vn -0.042818 0.503989 0.862648
vn -0.154305 0.378134 0.912801
vn 0.00839278 0.396685 0.917917
vn -0.244767 0.251481 0.936401
vn 0.00402862 0.194072 0.980979
vn -0.447326 0.133401 0.884366
vn -0.414299 0.23335 0.879718
vn -0.360834 0.215286 0.907442
vn -0.307051 -0.412067 0.857858
vn -0.201546 -0.326215 0.92356
vn -0.561863 -0.373436 0.738143
vn -0.772342 -0.190255 0.606045
vn -0.896165 0.0465112 0.441277
vn -0.210763 0.0586266 0.975778
vn -0.339066 -0.123663 0.932599
vn 0.166757 0.712836 0.681218
vn 0.376942 0.624787 0.683781
vn 0.656623 0.248671 0.712046
vn 0.69535 -0.314165 0.646366
vn 0.536042 -0.497924 0.681711
vn 0.42785 -0.587252 0.687081
vn 0.20799 -0.707286 0.675638
vn -0.307298 -0.608096 0.731974
vn 0.401851 -0.489076 0.774158
vn 0.165294 -0.729998 0.66316
vn 0.447591 -0.29698 0.843484
vn 0.4201 -0.0455045 0.906336
vn 0.418148 0.366967 0.830956
vn 0.273726 0.594604 0.755989
vn 0.192025 0.521353 0.831455
vn -0.532343 -0.260571 0.805427
vn -0.120306 -0.901777 0.41512
vn -0.712937 -0.348869 0.608285
vn -0.798235 -0.39898 0.45126
vn -0.815283 -0.495383 0.299849
vn -0.659362 -0.653381 0.371935
vn -0.692749 -0.484854 0.533868
vn -0.547553 -0.251665 0.798029
vn -0.509952 -0.12748 0.850704
vn 0.186169 -0.759022 0.623881
vn -0.301068 -0.16062 0.939978
vn -0.536247 -0.79813 0.27464
vn -0.818575 -0.254679 0.514852
vn -0.747962 -0.662203 0.0451683
vn -0.928367 -0.306292 0.210522
vn -0.813698 -0.554195 -0.175393
vn -0.912495 -0.180247 0.367238
vn -0.871235 -0.490446 -0.0202953
vn -0.911706 -0.285601 0.295336
vn -0.888203 -0.201214 0.413048
vn -0.90688 -0.23335 0.35088
vn -0.824818 -0.153177 0.544253
vn -0.937474 -0.0346388 0.346327
vn -0.783907 -0.108678 0.611293
vn -0.842634 -0.183847 0.50613
vn -0.754947 -0.209757 0.621335
vn -0.726572 -0.131996 0.674293
vn -0.755186 -0.0227365 0.655116
vn -0.685609 0.181466 0.704989
vn -0.628484 0.453975 0.631597
vn -0.860184 0.276504 0.42852
vn -0.741076 0.146036 0.655347
vn -0.477508 0.235244 0.84655
vn -0.125006 0.0501121 0.99089
vn -0.343855 0.106266 0.93299
vn -0.291608 0.241039 0.92567
vn -0.210886 0.447926 0.868844
vn -0.42928 0.231975 0.872873
vn 0.70265 -0.187847 0.686292
vn 0.593385 -0.00308244 0.804913
vn -0.228746 -0.451021 0.862702
vn -0.0209668 0.156107 0.987518
vn -0.653071 -0.0915868 0.751738
vn -0.0577115 0.231518 0.971117
vn -0.637032 0.396386 0.661112
vn -0.671158 0.361658 0.647109
vn -0.365893 0.271284 0.89024
vn -0.38305 0.225265 0.89584
vn -0.574059 -0.110356 0.811343
vn -0.630399 -0.0881997 0.771244
vn -0.835865 -0.331715 0.437373
vn -0.760601 -0.344623 0.550201
vn -0.61887 -0.31621 0.719035
vn -0.408712 -0.146095 0.900894
vn -0.635219 -0.77231 0.00585967
vn -0.631595 -0.771708 0.0745279
vn -0.416927 -0.85131 0.318501
vn 0.0466029 -0.81587 0.576355
vn -0.452411 -0.247263 0.856846
vn -0.223706 -0.112311 0.968164
vn -0.8758 -0.385758 0.290112
vn -0.934159 -0.262617 0.24162
vn -0.976302 0.164253 0.140906
vn -0.890052 0.135778 0.435169
vn -0.832335 -0.268391 0.484959
vn -0.885314 -0.131601 0.445984
vn -0.928067 0.228957 0.293719
vn -0.6279 0.0741004 0.774758
vn -0.691485 0.413694 0.592204
vn -0.875933 0.468959 0.113226
vn -0.694715 0.645151 0.318043
vn -0.805318 0.273699 0.525882
vn 0.527018 -0.443424 0.725001
vn -0.321704 0.749309 0.578829
vn -0.498864 0.466178 0.730625
vn -0.291365 0.520349 0.80271
vn -0.333022 0.421405 0.843513
vn -0.0609474 0.669934 0.739915
vn 0.714088 -0.147255 0.684393
vn 0.145238 0.0900298 0.985292
vn 0.0816377 -0.777526 0.623529
vn 0.333152 0.119942 0.935213
vn -0.251353 0.268077 0.93003
vn -0.25819 0.17231 0.950604
vn -0.24147 0.159678 0.957181
vn -0.147287 0.117042 0.982145
vn -0.0648525 -0.0345779 0.997296
vn 0.294146 0.103888 0.950098
vn 0.00241111 0.209912 0.977717
vn -0.0584743 0.244762 0.967818
vn -0.0635707 0.291333 0.954507
vn -0.0289928 0.365798 0.930243
vn -0.028047 0.513422 0.857678
vn 0.148261 0.162879 0.975443
vn 0.0539267 0.254679 0.965521
vn 0.0606119 0.351799 0.934111
vn 0.113929 0.437526 0.891959
vn 0.0895736 0.533931 0.84077
vn 0.0978754 0.481289 0.871081
vn -0.184639 0.305769 0.934031
vn -0.2924 0.138158 0.946263
vn -0.310046 0.233534 0.921593
vn -0.295946 0.331257 0.895927
vn -0.222395 0.414149 0.882622
vn -0.265058 0.356096 0.896069
vn 0.147773 0.446157 0.88267
vn -0.453174 0.384568 0.804202
vn -0.315205 0.467284 0.82601
vn -0.488495 0.347739 0.800282
vn -0.0477623 0.553891 0.831218
vn -0.390037 0.33907 0.856098
vn -0.166545 0.399685 0.901396
vn -0.360435 0.226851 0.904779
vn -0.103429 0.255749 0.961195
vn -0.321764 -0.21635 0.92177
vn 0.00210588 0.0453813 0.998968
vn 0.573852 -0.233441 0.784984
vn -0.0320148 -0.155771 0.987274
vn 0.552035 -0.345785 0.758743
vn 0.447291 -0.585726 0.675911
vn -0.326459 0.237253 0.914951
vn -0.197401 0.543799 0.815669
vn -0.239298 0.400163 0.88465
vn -0.226819 0.284439 0.931476
vn -0.21043 0.0560027 0.976004
vn -0.218822 -0.204814 0.954027
vn 0.0805703 -0.786293 0.612578
vn -0.233381 0.188793 0.953882
vn -0.338246 0.475918 0.811845
vn -0.408805 0.371053 0.833786
vn -0.393269 0.262525 0.881147
vn -0.392629 0.065311 0.917375
vn -0.413297 -0.203078 0.887663
vn -0.238481 -0.878051 0.414915
vn -0.299332 0.142952 0.943379
vn -0.505639 0.375567 0.77671
vn -0.557733 0.324813 0.763827
vn -0.550962 0.235516 0.800608
vn -0.538512 0.083348 0.838486
vn -0.538332 -0.177013 0.823933
vn -0.478994 -0.817357 0.320143
vn -0.358051 0.135932 0.923754
vn -0.593174 0.324665 0.736707
vn -0.596461 0.288831 0.748873
vn -0.61569 0.203012 0.761388
vn -0.612885 0.0994923 0.783884
vn -0.648598 -0.139474 0.748243
vn -0.658735 -0.698655 0.279193
vn -0.5766 0.168405 0.799482
vn -0.845936 -0.358908 0.394433
vn -0.358505 0.154639 0.920631
vn -0.567715 -0.690616 0.44805
vn -0.133489 0.144171 0.980508
vn -0.164406 -0.734287 0.65863
vn 0.0625329 0.148229 0.986974
vn 0.0243851 -0.719404 0.694164
vn 0.240125 0.154732 0.958331
vn 0.317434 -0.487092 0.81362
vn -0.571906 0.263506 0.776845
vn -0.391655 0.24916 0.885734
vn -0.125404 0.241317 0.962309
vn 0.0952803 0.242961 0.965345
vn 0.217203 0.24763 0.944194
vn -0.67469 0.304888 0.672188
vn -0.434899 0.333514 0.83644
vn -0.134985 0.345504 0.928658
vn 0.0939072 0.328995 0.939651
vn 0.245618 0.299087 0.922073
vn -0.141943 0.305554 0.941535
vn -0.270002 0.355913 0.894665
vn -0.195443 0.625362 0.755463
vn 0.073978 0.557673 0.826758
vn 0.305406 0.44851 0.83998
vn 0.0783119 0.305618 0.948928
vn -0.331038 0.439075 0.835241
vn -0.455166 0.619941 0.639138
vn -0.329427 0.47943 0.813404
vn -0.699224 0.484857 0.525356
vn -0.717056 0.277453 0.639414
vn -0.523589 -0.161447 0.836534
vn -0.589546 -0.396937 0.703475
vn -0.53988 -0.372331 0.754917
vn -0.493928 -0.295948 0.817588
vn -0.570626 -0.34768 0.743978
vn -0.551354 -0.112401 0.826665
vn -0.436734 -0.0717514 0.896725
vn -0.488638 -0.0433979 0.871406
vn -0.667903 -0.131139 0.732603
vn -0.465851 -0.0949159 0.879758
vn -0.565484 -0.103489 0.818241
vn -0.595405 0.00061039 0.803426
vn -0.583424 -0.152166 0.797786
vn -0.504461 -0.0851806 0.859223
vn -0.468928 -0.0041201 0.883227
vn -0.474361 0.00192271 0.880328
vn -0.393296 0.131353 0.90998
vn -0.348099 0.129889 0.928416
vn -0.288223 0.276534 0.916764
vn -0.564545 0.163705 0.809005
vn -0.480772 0.230757 0.845937
vn -0.362451 0.100715 0.926545
vn -0.502524 0.183266 0.844916
vn -0.428338 0.274491 0.860919
vn -0.33968 0.0713847 0.937828
vn -0.230908 0.111456 0.966571
vn -0.270579 0.0462665 0.961585
vn -0.253127 0.24156 0.93679
vn -0.294141 0.105138 0.949962
vn -0.274244 0.0627472 0.959611
vn -0.213602 0.0880775 0.972942
vn -0.150946 0.126012 0.980478
vn -0.414087 0.272691 0.86843
vn -0.394401 0.348927 0.850116
vn -0.334823 0.266369 0.903848
vn -0.422414 0.150734 0.893782
vn -0.221567 0.367143 0.90339
vn -0.247907 0.374195 0.8936
vn -0.23454 0.384206 0.89296
vn -0.254075 0.343314 0.904202
vn -0.342149 0.175668 0.923079
vn -0.389666 0.209543 0.896801
vn -0.393637 0.247572 0.885301
vn -0.311082 0.279739 0.908281
vn -0.315443 0.362472 0.876989
vn -0.401513 0.362021 0.841266
vn -0.3405 0.198098 0.919139
vn -0.402944 0.22163 0.887985
vn -0.386154 0.266521 0.883092
vn -0.360796 0.268567 0.893139
vn -0.385703 0.211987 0.897939
vn -0.24733 0.225905 0.942229
vn -0.37679 0.248365 0.892381
vn -0.399582 0.216561 0.89075
vn -0.352401 0.186439 0.91709
vn -0.333881 0.164316 0.928183
vn -0.178477 0.290087 0.94021
vn -0.258528 0.358417 0.897051
vn -0.338487 0.296829 0.892927
vn -0.314379 0.259841 0.913044
vn -0.299633 0.246592 0.921636
vn -0.197095 0.42651 0.882747
vn -0.273669 0.367853 0.888701
vn -0.270186 0.33388 0.903063
vn -0.254134 0.321184 0.912281
vn -0.157205 0.440029 0.884116
vn -0.234176 0.386804 0.891933
vn -0.250868 0.369191 0.894854
vn -0.22496 0.372858 0.900206
vn 0.979019 -0.183145 0.089329
vn 0.887496 -0.310196 0.340777
vn 0.946075 -0.258439 -0.195325
vn 0.599009 -0.780234 -0.180066
vn -0.115759 -0.920183 -0.373982
vn -0.288953 -0.818302 -0.496878
vn -0.393454 -0.766795 -0.507168
vn -0.579891 -0.790289 -0.197915
vn -0.234023 -0.847096 -0.47714
vn -0.0765423 -0.800886 -0.593905
vn 0.222363 -0.731363 -0.644719
vn 0.0270398 -0.852182 -0.522546
vn 0.055209 -0.77015 -0.635469
vn 0.216655 -0.745215 -0.630646
vn 0.443291 -0.629763 -0.637881
vn 0.373131 -0.811115 -0.450406
vn 0.905431 -0.361232 -0.222947
vn 0.845597 -0.467799 -0.257155
vn 0.641827 -0.724261 -0.252
vn 0.392756 -0.829612 -0.396845
vn 0.20359 -0.848543 -0.488391
vn 0.210033 -0.857984 -0.468774
vn 0.129126 -0.929729 -0.344864
vn -0.304336 -0.775214 -0.553554
vn 0.0985464 -0.806622 -0.582794
vn 0.36052 -0.833624 -0.418445
vn 0.507713 -0.821813 -0.258556
vn 0.746077 -0.644203 -0.168437
vn 0.887892 -0.460045 0.00247197
vn 0.857929 -0.510802 0.0551179
vn 0.297651 -0.909038 -0.291639
vn -0.446589 -0.700021 -0.557252
vn -0.201149 -0.799531 -0.56594
vn -0.0345171 -0.857953 -0.512568
vn -0.0307022 -0.878857 -0.476097
vn 0.244241 -0.968754 -0.0431534
vn -0.0763596 -0.626716 -0.775498
vn 0.0334799 -0.611246 -0.790732
vn 0.0796236 -0.625911 -0.775819
vn -0.0174262 -0.675774 -0.736903
vn 0.168313 -0.808698 -0.563629
vn 0.732653 -0.654767 -0.185742
vn 0.784767 -0.523554 -0.331712
vn 0.708147 -0.488436 -0.509861
vn 0.639899 -0.458523 -0.616674
vn 0.624948 -0.453184 -0.63566
vn 0.365041 -0.553803 -0.748363
vn -0.132974 -0.637888 -0.758562
vn 0.22575 -0.695897 -0.681736
vn 0.843498 -0.361168 -0.397578
vn 0.784008 -0.360035 -0.505673
vn 0.746079 -0.369408 -0.553989
vn 0.698499 -0.413416 -0.584112
vn 0.638765 -0.492457 -0.591156
vn 0.587157 -0.624635 -0.514857
vn 0.523067 -0.736304 -0.429251
vn 0.915341 -0.340262 -0.215346
vn 0.861216 -0.247235 -0.444052
vn 0.713628 -0.284804 -0.640016
vn 0.781604 -0.288745 -0.552921
vn 0.675416 -0.475578 -0.563595
vn -0.636595 -0.751926 0.171333
vn -0.788 -0.308882 0.532586
vn -0.805266 -0.233233 0.545115
vn -0.745185 -0.526027 0.409872
vn -0.766133 -0.174389 0.618571
vn -0.758006 -0.430962 0.48959
vn -0.65994 -0.223368 0.717346
vn -0.634898 -0.468475 0.614358
vn -0.583195 -0.256699 0.770707
vn -0.518981 -0.486111 0.703104
vn -0.583834 -0.301012 0.754009
vn -0.472464 -0.448293 0.758823
vn -0.605049 -0.369347 0.705336
vn -0.520473 -0.331712 0.786813
vn -0.547699 -0.129554 0.826584
vn -0.544592 -0.251024 0.800254
vn -0.640785 -0.361838 0.677103
vn -0.282883 0.293626 0.913105
vn -0.710735 0.553133 0.434626
vn -0.793335 0.439714 0.421037
vn -0.421378 0.20396 0.883652
vn -0.831712 0.349812 0.431146
vn -0.418843 0.161415 0.893597
vn -0.680086 0.728947 -0.0782202
vn -0.864126 0.447445 0.230391
vn -0.873967 0.455035 0.170661
vn -0.742191 0.651733 -0.156196
vn -0.622473 0.782578 -0.00994926
vn -0.845046 0.444756 0.296799
vn 0.229258 -0.109074 0.967235
vn 0.233138 -0.0850576 0.968717
vn 0.374316 -0.102819 0.921583
vn 0.401666 -0.126076 0.907067
vn 0.189006 -0.127784 0.973626
vn 0.300488 -0.106236 0.947851
vn 0.285297 -0.0325034 0.957888
vn 0.256205 -0.0914646 0.962285
vn 0.414269 -0.107641 0.903767
vn 0.396533 -0.0879252 0.9138
vn 0.647588 0.473537 0.596987
vn 0.836065 0.337844 0.432269
vn 0.829189 -0.000152598 0.558968
vn 0.933236 0.167854 -0.31764
vn 0.889521 0.365776 -0.27379
vn 0.788739 -0.0612826 0.611666
vn 0.757672 -0.0291764 0.651983
vn 0.951644 0.220256 -0.214152
vn 0.956324 0.108008 -0.271622
vn 0.609016 0.0112312 0.793079
vn 0.934042 0.331439 0.133094
vn 0.388872 -0.0231639 0.921
vn 0.104193 0.756845 0.645236
vn 0.10053 -0.289169 0.951985
vn 0.203015 -0.21739 0.954739
vn 0.157846 0.746044 0.646918
vn -0.428393 0.0523398 0.902076
vn -0.488037 -0.134744 0.862359
vn -0.879008 0.355241 0.318039
vn -0.872913 0.221875 0.434504
vn -0.858142 0.286393 0.426111
vn -0.882425 0.380266 0.27699
vn -0.872728 0.401389 0.277908
vn -0.866035 0.47054 0.169044
vn -0.839791 0.451254 0.301863
vn -0.775656 0.553686 0.302968
vn -0.813007 0.537691 0.223402
vn -0.846692 0.360766 0.391102
vn -0.871682 0.190072 0.451711
vn -0.787542 0.497185 0.364122
vn -0.549733 0.827178 0.11649
vn -0.667935 0.677121 -0.30882
vn -0.732824 0.619965 -0.280379
vn -0.655871 -0.250873 0.711966
vn -0.553032 0.331984 0.764161
vn -0.606912 0.191632 0.771321
vn -0.831586 0.00296036 0.555388
vn -0.789069 0.25227 0.560116
vn -0.404993 0.548953 0.731185
vn -0.724974 0.45647 0.515798
vn -0.335586 0.693207 0.637845
vn -0.622441 0.693734 0.362355
vn -0.282146 0.81122 0.512167
vn -0.433532 0.892823 0.12214
vn -0.828664 -0.119056 0.546939
vn -0.840653 0.227216 0.491604
vn -0.777787 0.406549 0.479338
vn -0.704997 0.596928 0.382957
vn -0.455502 0.877951 0.147378
vn -0.508266 -0.475092 0.718299
vn -0.224988 -0.489225 0.842638
vn -0.723884 -0.335131 0.603059
vn -0.805073 -0.162547 0.57047
vn -0.626231 0.0711106 0.776388
vn 0.0887801 -0.337358 0.937181
vn 0.229414 -0.168619 0.958612
vn -0.0012512 -0.434681 0.900583
vn -0.59247 0.0104681 0.805525
vn -0.513578 -0.0510587 0.856523
vn -0.409445 -0.0887801 0.908005
vn -0.276502 -0.0154426 0.960889
vn -0.217573 0.0827078 0.972534
vn -0.259961 0.0636628 0.963518
vn 0.480674 0.160591 0.862069
vn -0.0260936 0.325179 0.945292
vn 0.449512 0.00576806 0.893256
vn -0.0236522 0.0195322 0.999529
vn -0.482754 0.0485562 0.874409
vn -0.34725 0.218549 0.911951
vn -0.414879 0.0741618 0.906849
vn -0.309896 0.242204 0.919403
vn -0.240798 0.085271 0.966822
vn -0.256822 0.262438 0.930145
vn -0.0557879 0.0935395 0.994051
vn -0.202188 0.260907 0.943953
vn -0.269913 0.100104 0.957667
vn -0.274581 0.151558 0.949545
vn -0.570871 0.309226 0.760582
vn -0.384115 0.27446 0.881548
vn -0.147773 0.256482 0.955186
vn 0.0924426 0.254652 0.962604
vn -0.168986 0.299182 0.939113
vn -0.730749 0.641725 0.2328
vn -0.543509 0.781037 0.307538
vn 0.0721473 0.922899 0.378224
vn 0.488892 0.661723 0.568425
vn -0.0284133 0.607271 0.793987
vn -0.38787 0.0979366 0.916496
vn -0.492578 0.0741003 0.867108
vn -0.286667 0.239301 0.927662
vn -0.194588 0.15998 0.967751
vn -0.198712 0.0539277 0.978573
vn -0.0907326 0.11292 0.989453
vn -0.0340596 0.0851187 0.995789
vn -0.0666223 0.0675379 0.99549
vn 0.0349443 0.0586575 0.997666
vn -0.0566433 0.0289626 0.997974
vn 0.147925 0.10526 0.983381
vn -0.0409259 -0.0012818 0.999161
vn -0.302721 0.32967 0.894247
vn -0.494014 0.264357 0.828291
vn -0.121344 0.328967 0.936513
vn 0.0359209 0.34227 0.938915
vn 0.1511 0.335466 0.929856
vn 0.235088 0.337541 0.911482
vn -0.407735 0.802682 0.435263
vn -0.609035 0.677886 0.411761
vn 0.00354022 0.952831 0.30348
vn 0.533726 0.713548 0.453857
vn 0.725897 0.506251 0.4656
vn 0.711706 0.479089 0.513759
vn 0.644451 0.722215 -0.251176
vn 0.175945 0.850734 -0.495272
vn 0.01529 0.966509 -0.256177
vn -0.339555 0.751409 -0.565762
vn -0.566525 0.658723 -0.49511
vn 0.250291 0.890805 -0.379236
vn -0.590539 0.720641 -0.363235
vn 0.175637 0.844093 -0.506615
vn -0.442283 0.759866 -0.476434
vn 0.740771 0.538762 -0.401241
vn 0.901264 0.301927 -0.310747
vn 0.91981 0.309096 -0.24168
vn -0.189553 0.975814 0.108892
vn -0.452227 0.891789 -0.0142522
vn -0.458086 0.869631 -0.184119
vn -0.5474 0.769095 -0.329917
vn 0.834096 0.34667 -0.429073
vn 0.632971 0.445491 -0.633155
vn 0.84968 0.246533 -0.466117
vn 0.717378 0.362016 -0.595242
vn 0.256118 0.562472 -0.786148
vn -0.278306 0.607274 -0.744153
vn -0.489681 0.644504 -0.58722
vn 0.390985 0.729751 -0.560887
vn 0.582617 0.587195 -0.561925
vn 0.237103 0.600556 -0.76362
vn -0.14469 0.558069 -0.817083
vn -0.347918 0.600525 -0.719946
vn 0.352348 0.793752 -0.49579
vn 0.380124 0.635209 -0.672321
vn 0.459929 0.576636 -0.675245
vn 0.241898 0.519841 -0.819299
vn 0.0118108 0.498252 -0.866952
vn -0.223584 0.61133 -0.759135
vn 0.432304 0.685857 -0.585418
vn 0.250076 0.771866 -0.584538
vn 0.225264 0.947688 -0.226149
vn -0.125098 0.963125 -0.238202
vn -0.0577731 0.841142 -0.537719
vn 0.0681498 0.997159 0.0320759
vn -0.275836 0.94745 0.162029
vn -0.23576 0.924148 -0.300613
vn -0.271742 0.854718 -0.442283
vn -0.223464 0.969088 -0.10456
vn -0.338673 0.678658 0.651709
vn -0.33962 0.72859 -0.594823
vn -0.0390644 0.678011 -0.734013
vn 0.30922 0.552122 -0.774302
vn -0.299211 0.631718 -0.715127
vn -0.00677537 0.558351 -0.829577
vn 0.27635 0.43865 -0.855112
vn 0.0629923 0.647045 -0.759845
vn 0.306292 0.551179 -0.776136
vn 0.387531 0.730871 -0.561826
vn 0.133675 0.750381 -0.647348
vn 0.314015 0.866478 -0.388085
vn 0.0700422 0.873438 -0.481872
vn -0.139993 0.666486 -0.732256
vn -0.0310379 0.753638 -0.656557
vn -0.0143442 0.832907 -0.553227
vn 0.573216 0.79433 -0.201154
vn 0.619175 0.59888 -0.507902
vn 0.569346 0.371883 -0.733176
vn 0.56964 0.25514 -0.78129
vn 0.579744 0.389548 -0.715646
vn 0.861671 0.500937 -0.0811499
vn 0.818458 0.548273 -0.171822
vn 0.788897 0.518709 -0.329519
vn 0.610719 0.560851 -0.558989
vn 0.785236 0.446195 -0.429318
vn 0.556024 0.612698 -0.56164
vn 0.546366 0.667774 -0.505531
vn 0.460236 0.713549 -0.528234
vn 0.419302 0.7266 -0.544278
vn 0.381672 0.781992 -0.492762
vn 0.414695 0.822767 -0.388693
vn 0.437805 0.815852 -0.377773
vn 0.439168 0.894663 -0.0819129
vn 0.605135 0.712379 -0.355427
vn 0.43474 0.740354 -0.512715
vn 0.397446 0.710051 -0.581261
vn 0.422359 0.647349 -0.63447
vn 0.466088 0.588135 -0.660953
vn 0.510719 0.618057 -0.597639
vn 0.670507 0.513394 -0.535581
vn 0.713514 0.637155 -0.29143
vn 0.743846 0.522002 -0.417382
vn 0.539247 0.723066 -0.431727
vn -0.133825 0.610132 -0.780916
vn 0.0203563 0.518888 -0.8546
vn 0.159094 0.552296 -0.818327
vn 0.352346 0.668953 -0.654487
vn 0.17744 0.731704 -0.658122
vn 0.031435 0.544712 -0.838034
vn 0.0551782 0.52633 -0.848488
vn 0.259074 0.356062 -0.897831
vn 0.276289 0.341569 -0.898329
vn 0.397417 0.286481 -0.871773
vn 0.439545 0.281514 -0.852965
vn 0.541779 0.277879 -0.793258
vn 0.586334 0.282882 -0.759072
vn 0.62641 0.309527 -0.715404
vn 0.613249 0.341752 -0.712131
vn 0.529816 0.490171 -0.692118
vn 0.011811 -0.0865222 0.99618
vn 0.0228591 -0.390801 0.920191
vn -0.0034181 -0.204542 0.978852
vn -0.0650049 -0.0369582 0.9972
vn -0.0922286 -0.37331 0.923111
vn -0.0639062 -0.216225 0.97425
vn -0.111882 0.118138 0.986674
vn -0.207989 -0.347004 0.91451
vn -0.130255 -0.217357 0.967362
vn -0.213818 0.149178 0.965416
vn -0.202466 -0.342245 0.917538
vn -0.12467 -0.186868 0.974442
vn -0.194618 0.119206 0.973609
vn -0.166149 -0.323874 0.931397
vn -0.105443 -0.171974 0.979442
vn -0.195504 0.136603 0.971143
vn -0.26445 -0.290208 0.919699
vn -0.187878 -0.196912 0.962251
vn -0.257187 0.259262 0.930934
vn -0.34166 0.331131 0.879557
vn -0.377952 0.252029 0.890861
vn -0.378929 0.193249 0.905023
vn -0.4464 0.118596 0.88694
vn -0.526663 0.0524619 0.848454
vn -0.57923 0.0278338 0.814689
vn -0.611907 0.0650972 0.788246
vn -0.585938 0.141914 0.797833
vn -0.48895 0.302721 0.8181
vn -0.311604 0.542393 0.780201
vn -0.174537 0.627773 0.758576
vn -0.166421 0.599427 0.782938
vn -0.328358 0.364646 0.871329
vn -0.347952 -0.139413 0.927089
vn -0.386466 -0.0432764 0.921288
vn -0.300401 -0.169229 0.93868
vn -0.317493 -0.0182506 0.948085
vn -0.343705 0.438192 0.830575
vn -0.227857 0.701729 0.675025
vn -0.361135 0.698283 0.618047
vn -0.611456 0.512177 0.603155
vn -0.77097 0.21113 0.600857
vn -0.794993 0.0233166 0.606171
vn -0.757639 -0.069248 0.64899
vn -0.698612 -0.114172 0.706333
vn -0.6247 -0.0890553 0.77577
vn -0.532916 -0.0627158 0.84384
vn -0.366782 -0.00521882 0.930292
vn -0.407492 0.064365 0.910938
vn -0.223277 0.0424214 0.973831
vn -0.0977536 0.00253311 0.995207
vn -0.0705296 0.0151375 0.997395
vn -0.080539 0.0350966 0.996133
vn -0.0844447 0.0588093 0.994691
vn -0.0511189 0.0888708 0.994731
vn -0.516667 -0.179242 0.837214
vn -0.500604 -0.139197 0.854412
vn -0.517481 -0.0457175 0.854472
vn -0.571104 0.0275893 0.820414
vn -0.612498 0.0314047 0.789848
vn -0.549994 0.111732 0.827661
vn -0.443238 0.153758 0.883119
vn -0.430869 0.266402 0.862196
vn -0.432855 0.278366 0.857408
vn -0.460871 0.204418 0.863604
vn -0.455683 0.261062 0.850999
vn -0.401789 0.260515 0.877894
vn -0.392356 0.236097 0.888997
vn -0.42327 0.215679 0.879958
vn -0.450896 0.123879 0.883938

# Mesh 'ghost_sheild_low_ghost_sheild_low_1001' with 2850 faces
g ghost_sheild_low_ghost_sheild_low_1001
usemtl 1001
f  1/1/1 2/2/2 3/3/3
f  3/3/3 4/4/4 1/1/1
f  5/5/5 1/1/1 4/4/4
f  4/4/4 6/6/6 5/5/5
f  7/7/7 5/5/5 6/6/6
f  6/6/6 8/8/8 7/7/7
f  9/9/9 7/7/7 8/8/8
f  8/8/8 10/10/10 9/9/9
f  11/11/11 9/9/9 10/10/10
f  10/10/10 12/12/12 11/11/11
f  13/13/13 11/11/11 12/12/12
f  12/12/12 14/14/14 13/13/13
f  15/15/15 13/13/13 14/14/14
f  14/14/14 16/16/16 15/15/15
f  17/17/17 15/15/15 16/16/16
f  16/16/16 18/18/18 17/17/17
f  19/19/19 20/20/20 21/21/21
f  21/21/21 22/22/22 19/19/19
f  23/23/23 24/24/24 25/25/25
f  25/25/25 26/26/26 23/23/23
f  27/27/27 28/28/28 29/29/29
f  29/29/29 30/30/30 27/27/27
f  31/31/31 32/32/32 33/33/33
f  33/33/33 34/34/34 31/31/31
f  35/35/35 23/23/23 26/26/26
f  26/26/26 36/36/36 35/35/35
f  37/37/37 27/27/27 30/30/30
f  30/30/30 38/38/38 37/37/37
f  39/39/39 31/31/31 34/34/34
f  34/34/34 40/40/40 39/39/39
f  41/41/41 42/42/42 43/43/43
f  43/43/43 44/44/44 41/41/41
f  45/45/45 39/39/39 40/40/40
f  40/40/40 46/46/46 45/45/45
f  47/47/47 48/48/48 49/49/49
f  49/49/49 50/50/50 47/47/47
f  42/42/42 37/37/37 38/38/38
f  38/38/38 43/43/43 42/42/42
f  51/51/51 45/45/45 46/46/46
f  46/46/46 52/52/52 51/51/51
f  48/48/48 53/53/53 54/54/54
f  54/54/54 49/49/49 48/48/48
f  55/55/55 47/47/47 50/50/50
f  50/50/50 56/56/56 55/55/55
f  57/57/57 51/51/51 52/52/52
f  52/52/52 58/58/58 57/57/57
f  59/59/59 35/35/35 36/36/36
f  36/36/36 60/60/60 59/59/59
f  53/53/53 41/41/41 44/44/44
f  44/44/44 54/54/54 53/53/53
f  61/61/61 55/55/55 56/56/56
f  56/56/56 62/62/62 61/61/61
f  63/63/63 57/57/57 58/58/58
f  58/58/58 64/64/64 63/63/63
f  65/65/65 59/59/59 60/60/60
f  60/60/60 66/66/66 65/65/65
f  67/67/67 68/68/68 69/69/69
f  69/69/69 70/70/70 67/67/67
f  71/71/71 61/61/61 62/62/62
f  62/62/62 72/72/72 71/71/71
f  73/73/73 63/63/63 64/64/64
f  64/64/64 74/74/74 73/73/73
f  75/75/75 76/76/76 77/77/77
f  77/77/77 78/78/78 75/75/75
f  68/68/68 79/79/79 80/80/80
f  80/80/80 69/69/69 68/68/68
f  20/20/20 71/71/71 72/72/72
f  72/72/72 21/21/21 20/20/20
f  81/81/81 73/73/73 74/74/74
f  74/74/74 82/82/82 81/81/81
f  83/83/83 75/75/75 78/78/78
f  78/78/78 84/84/84 83/83/83
f  85/85/85 81/81/81 82/82/82
f  82/82/82 86/86/86 85/85/85
f  76/76/76 65/65/65 66/66/66
f  66/66/66 77/77/77 76/76/76
f  87/87/87 85/85/85 86/86/86
f  86/86/86 88/88/88 87/87/87
f  79/79/79 83/83/83 84/84/84
f  84/84/84 80/80/80 79/79/79
f  89/89/89 87/87/87 88/88/88
f  88/88/88 90/90/90 89/89/89
f  91/91/91 92/92/92 93/93/93
f  93/93/93 94/94/94 91/91/91
f  95/95/95 17/17/17 18/18/18
f  18/18/18 96/96/96 95/95/95
f  97/97/97 89/89/89 90/90/90
f  90/90/90 98/98/98 97/97/97
f  28/28/28 91/91/91 94/94/94
f  94/94/94 29/29/29 28/28/28
f  99/99/99 95/95/95 96/96/96
f  96/96/96 100/100/100 99/99/99
f  24/24/24 97/97/97 98/98/98
f  98/98/98 25/25/25 24/24/24
f  92/92/92 67/67/67 70/70/70
f  70/70/70 93/93/93 92/92/92
f  32/32/32 99/99/99 100/100/100
f  100/100/100 33/33/33 32/32/32
f  101/101/101 19/19/19 22/22/22
f  22/22/22 102/102/102 101/101/101
f  103/103/103 104/104/104 105/105/105
f  105/105/105 106/106/106 103/103/103
f  107/107/107 108/108/108 109/109/109
f  109/109/109 110/110/110 107/107/107
f  111/111/111 112/112/112 113/113/113
f  113/113/113 114/114/114 111/111/111
f  104/104/104 107/107/107 110/110/110
f  110/110/110 105/105/105 104/104/104
f  108/108/108 111/111/111 114/114/114
f  114/114/114 109/109/109 108/108/108
f  112/112/112 101/101/101 102/102/102
f  102/102/102 113/113/113 112/112/112
f  2/2/2 115/115/115 116/116/116
f  116/116/116 3/3/3 2/2/2
f  117/117/117 114/118/114 113/119/113
f  113/119/113 118/120/118 117/117/117
f  119/121/119 105/122/105 110/123/110
f  110/123/110 120/124/119 119/121/119
f  121/125/119 106/126/106 105/122/105
f  105/122/105 119/121/119 121/125/119
f  118/120/118 113/119/113 102/127/102
f  102/127/102 122/128/120 118/120/118
f  123/129/121 124/130/122 125/131/122
f  125/131/122 126/132/121 123/129/121
f  120/124/119 110/123/110 109/133/109
f  109/133/109 127/134/123 120/124/119
f  128/135/124 22/136/22 129/137/125
f  129/137/125 130/138/126 128/135/124
f  122/128/120 102/127/102 22/136/22
f  22/136/22 128/135/124 122/128/120
f  130/138/126 129/137/125 131/139/127
f  131/139/127 132/140/128 130/138/126
f  127/134/123 109/133/109 114/118/114
f  114/118/114 117/117/117 127/134/123
f  133/141/129 10/142/10 8/143/8
f  8/143/8 134/144/130 133/141/129
f  135/145/131 6/146/6 4/147/4
f  4/147/4 136/148/132 135/145/131
f  137/149/133 16/150/16 14/151/14
f  14/151/14 138/152/134 137/149/133
f  139/153/135 138/152/134 140/154/134
f  140/154/134 141/155/136 139/153/135
f  142/156/137 136/148/132 143/157/138
f  143/157/138 144/158/139 142/156/137
f  143/157/138 3/159/3 116/160/116
f  116/160/116 145/161/140 143/157/138
f  138/152/134 14/151/14 12/162/12
f  12/162/12 140/154/134 138/152/134
f  146/163/141 137/149/133 147/164/142
f  147/164/142 148/165/143 146/163/141
f  140/154/134 12/162/12 10/142/10
f  10/142/10 133/141/129 140/154/134
f  134/144/130 8/143/8 6/146/6
f  6/146/6 135/145/131 134/144/130
f  141/155/136 140/154/134 133/141/129
f  133/141/129 149/166/144 141/155/136
f  150/167/145 135/145/131 136/148/132
f  136/148/132 142/156/137 150/167/145
f  136/148/132 4/147/4 3/159/3
f  3/159/3 143/157/138 136/148/132
f  151/168/146 16/150/16 137/149/133
f  137/149/133 146/163/141 151/168/146
f  144/158/139 143/157/138 145/161/140
f  145/161/140 152/169/147 144/158/139
f  147/164/142 137/149/133 138/152/134
f  138/152/134 139/153/135 147/164/142
f  153/170/148 134/144/130 135/145/131
f  135/145/131 150/167/145 153/170/148
f  149/166/144 133/141/129 134/144/130
f  134/144/130 153/170/148 149/166/144
f  148/165/143 154/171/149 151/168/146
f  151/168/146 146/163/141 148/165/143
f  155/172/150 131/139/127 129/137/125
f  129/137/125 156/173/151 155/172/150
f  157/174/152 43/175/43 38/176/38
f  38/176/38 158/177/152 157/174/152
f  159/178/152 82/179/82 74/180/74
f  74/180/74 160/181/152 159/178/152
f  161/182/152 46/183/46 40/184/40
f  40/184/40 162/185/152 161/182/152
f  163/186/153 22/187/22 21/188/21
f  21/188/21 164/189/152 163/186/153
f  165/190/152 44/191/44 43/175/43
f  43/175/43 157/174/152 165/190/152
f  160/181/152 74/180/74 64/192/64
f  64/192/64 166/193/152 160/181/152
f  162/185/152 40/184/40 34/194/34
f  34/194/34 167/195/152 162/185/152
f  158/177/152 38/176/38 30/196/30
f  30/196/30 168/197/152 158/177/152
f  166/193/152 64/192/64 58/198/58
f  58/198/58 169/199/152 166/193/152
f  167/195/152 34/194/34 33/200/33
f  33/200/33 170/201/152 167/195/152
f  156/173/151 129/137/125 22/136/22
f  22/136/22 163/202/153 156/173/151
f  168/197/152 30/196/30 29/203/29
f  29/203/29 171/204/152 168/197/152
f  169/199/152 58/198/58 52/205/52
f  52/205/52 172/206/152 169/199/152
f  173/207/154 151/168/146 154/171/149
f  154/171/149 174/208/155 173/207/154
f  170/201/152 33/200/33 100/209/100
f  100/209/100 175/210/152 170/201/152
f  176/211/152 93/212/93 70/213/70
f  70/213/70 177/214/152 176/211/152
f  178/215/152 18/216/18 16/217/16
f  16/217/16 179/218/156 178/215/152
f  180/219/152 69/220/69 80/221/80
f  80/221/80 181/222/152 180/219/152
f  175/210/152 100/209/100 96/223/96
f  96/223/96 182/224/152 175/210/152
f  171/204/152 29/203/29 94/225/94
f  94/225/94 183/226/152 171/204/152
f  177/214/152 70/213/70 69/220/69
f  69/220/69 180/219/152 177/214/152
f  182/224/152 96/223/96 18/216/18
f  18/216/18 178/215/152 182/224/152
f  183/226/152 94/225/94 93/212/93
f  93/212/93 176/211/152 183/226/152
f  184/227/152 54/228/54 44/191/44
f  44/191/44 165/190/152 184/227/152
f  185/229/152 36/230/36 26/231/26
f  26/231/26 186/232/152 185/229/152
f  181/222/152 80/221/80 84/233/84
f  84/233/84 187/234/152 181/222/152
f  188/235/152 49/236/49 54/228/54
f  54/228/54 184/227/152 188/235/152
f  186/232/152 26/231/26 25/237/25
f  25/237/25 189/238/152 186/232/152
f  190/239/152 77/240/77 66/241/66
f  66/241/66 191/242/152 190/239/152
f  192/243/152 50/244/50 49/236/49
f  49/236/49 188/235/152 192/243/152
f  189/238/152 25/237/25 98/245/98
f  98/245/98 193/246/152 189/238/152
f  187/234/152 84/233/84 78/247/78
f  78/247/78 194/248/152 187/234/152
f  164/189/152 21/188/21 72/249/72
f  72/249/72 195/250/152 164/189/152
f  193/246/152 98/245/98 90/251/90
f  90/251/90 196/252/152 193/246/152
f  194/248/152 78/247/78 77/240/77
f  77/240/77 190/239/152 194/248/152
f  179/253/156 16/150/16 151/168/146
f  151/168/146 173/207/154 179/253/156
f  195/250/152 72/249/72 62/254/62
f  62/254/62 197/255/152 195/250/152
f  196/252/152 90/251/90 88/256/88
f  88/256/88 198/257/152 196/252/152
f  191/242/152 66/241/66 60/258/60
f  60/258/60 199/259/152 191/242/152
f  197/255/152 62/254/62 56/260/56
f  56/260/56 200/261/152 197/255/152
f  198/257/152 88/256/88 86/262/86
f  86/262/86 201/263/152 198/257/152
f  199/259/152 60/258/60 36/230/36
f  36/230/36 185/229/152 199/259/152
f  200/261/152 56/260/56 50/244/50
f  50/244/50 192/243/152 200/261/152
f  201/263/152 86/262/86 82/179/82
f  82/179/82 159/178/152 201/263/152
f  172/206/152 52/205/52 46/183/46
f  46/183/46 161/182/152 172/206/152
f  132/140/128 131/264/127 202/265/122
f  202/265/122 203/266/121 132/140/128
f  203/266/121 202/265/122 204/267/122
f  204/267/122 205/268/121 203/266/121
f  205/268/121 204/267/122 206/269/122
f  206/269/122 207/270/121 205/268/121
f  207/270/121 206/269/122 208/271/122
f  208/271/122 209/272/121 207/270/121
f  209/272/121 208/271/122 210/273/122
f  210/273/122 211/274/121 209/272/121
f  211/274/121 210/273/122 212/275/122
f  212/275/122 213/276/121 211/274/121
f  213/276/121 212/275/122 124/130/122
f  124/130/122 123/129/121 213/276/121
f  130/138/126 132/140/128 203/266/121
f  203/266/121 128/135/124 130/138/126
f  205/268/121 122/128/120 128/135/124
f  128/135/124 203/266/121 205/268/121
f  207/270/121 118/120/118 122/128/120
f  122/128/120 205/268/121 207/270/121
f  209/272/121 117/117/117 118/120/118
f  118/120/118 207/270/121 209/272/121
f  211/274/121 127/134/123 117/117/117
f  117/117/117 209/272/121 211/274/121
f  213/276/121 120/124/119 127/134/123
f  127/134/123 211/274/121 213/276/121
f  123/129/121 119/121/119 120/124/119
f  120/124/119 213/276/121 123/129/121
f  123/129/121 126/132/121 121/125/119
f  121/125/119 119/121/119 123/129/121
f  131/264/127 155/277/150 214/278/157
f  214/278/157 202/265/122 131/264/127
f  215/279/158 204/267/122 202/265/122
f  202/265/122 214/278/157 215/279/158
f  216/280/159 206/269/122 204/267/122
f  204/267/122 215/279/158 216/280/159
f  217/281/160 208/271/122 206/269/122
f  206/269/122 216/280/159 217/281/160
f  218/282/161 210/273/122 208/271/122
f  208/271/122 217/281/160 218/282/161
f  219/283/162 212/275/122 210/273/122
f  210/273/122 218/282/161 219/283/162
f  220/284/163 124/130/122 212/275/122
f  212/275/122 219/283/162 220/284/163
f  221/285/164 125/131/122 124/130/122
f  124/130/122 220/284/163 221/285/164
f  222/286/165 223/287/166 224/288/167
f  224/288/167 225/289/168 222/286/165
f  226/290/169 227/291/170 228/292/171
f  228/292/171 229/293/172 226/290/169
f  230/294/173 231/295/174 232/296/175
f  232/296/175 233/297/176 230/294/173
f  233/297/176 232/296/175 223/287/166
f  223/287/166 222/286/165 233/297/176
f  225/289/168 224/288/167 227/291/170
f  227/291/170 226/290/169 225/289/168
f  229/293/172 228/292/171 234/298/177
f  234/298/177 235/299/178 229/293/172
f  236/300/171 216/280/159 215/279/158
f  215/279/158 237/301/179 236/300/171
f  238/302/167 218/282/161 217/281/160
f  217/281/160 239/303/170 238/302/167
f  240/304/175 220/284/163 219/283/162
f  219/283/162 241/305/166 240/304/175
f  242/306/174 221/285/164 220/284/163
f  220/284/163 240/304/175 242/306/174
f  239/303/170 217/281/160 216/280/159
f  216/280/159 236/300/171 239/303/170
f  241/305/166 219/283/162 218/282/161
f  218/282/161 238/302/167 241/305/166
f  243/307/180 179/308/156 173/309/154
f  173/309/154 174/310/155 243/307/180
f  243/307/180 235/299/178 234/298/177
f  234/298/177 179/308/156 243/307/180
f  214/278/157 155/277/150 156/311/151
f  156/311/151 163/312/153 214/278/157
f  215/279/158 214/278/157 163/312/153
f  163/312/153 237/301/179 215/279/158
f  242/313/174 240/314/175 244/315/175
f  244/315/175 245/316/174 242/313/174
f  245/316/174 244/315/175 246/317/175
f  246/317/175 247/318/174 245/316/174
f  247/318/174 246/317/175 248/319/175
f  248/319/175 249/320/174 247/318/174
f  249/320/174 248/319/175 250/321/175
f  250/321/175 251/322/174 249/320/174
f  251/322/174 250/321/175 252/323/175
f  252/323/175 253/324/181 251/322/174
f  253/324/181 252/323/175 254/325/175
f  254/325/175 255/326/174 253/324/181
f  255/326/174 254/325/175 256/327/175
f  256/327/175 257/328/174 255/326/174
f  257/328/174 256/327/175 258/329/175
f  258/329/175 259/330/174 257/328/174
f  259/330/174 258/329/175 260/331/175
f  260/331/175 261/332/181 259/330/174
f  261/332/181 260/331/175 262/333/182
f  262/333/182 263/334/174 261/332/181
f  263/334/174 262/333/182 264/335/183
f  264/335/183 265/336/174 263/334/174
f  265/336/174 264/335/183 266/337/184
f  266/337/184 267/338/181 265/336/174
f  267/338/181 266/337/184 268/339/175
f  268/339/175 269/340/174 267/338/181
f  269/340/174 268/339/175 270/341/175
f  270/341/175 271/342/174 269/340/174
f  271/342/174 270/341/175 272/343/175
f  272/343/175 273/344/174 271/342/174
f  273/344/174 272/343/175 274/345/175
f  274/345/175 275/346/174 273/344/174
f  275/346/174 274/345/175 276/347/175
f  276/347/175 277/348/181 275/346/174
f  277/348/181 276/347/175 278/349/175
f  278/349/175 279/350/181 277/348/181
f  279/350/181 278/349/175 280/351/175
f  280/351/175 281/352/174 279/350/181
f  281/352/174 280/351/175 282/353/185
f  282/353/185 283/354/181 281/352/174
f  283/354/181 282/353/185 284/355/186
f  284/355/186 285/356/174 283/354/181
f  285/356/174 284/355/186 286/357/187
f  286/357/187 287/358/174 285/356/174
f  287/358/174 286/357/187 288/359/188
f  288/359/188 289/360/174 287/358/174
f  289/360/174 288/359/188 290/361/189
f  290/361/189 291/362/181 289/360/174
f  291/362/181 290/361/189 292/363/189
f  292/363/189 293/364/181 291/362/181
f  293/364/181 292/363/189 294/365/189
f  294/365/189 295/366/181 293/364/181
f  295/366/181 294/365/189 296/367/190
f  296/367/190 297/368/174 295/366/181
f  297/368/174 296/367/190 298/369/191
f  298/369/191 299/370/174 297/368/174
f  299/370/174 298/369/191 300/371/186
f  300/371/186 301/372/181 299/370/174
f  301/372/181 300/371/186 302/373/192
f  302/373/192 303/374/181 301/372/181
f  303/374/181 302/373/192 304/375/175
f  304/375/175 305/376/181 303/374/181
f  305/376/181 304/375/175 306/377/175
f  306/377/175 307/378/181 305/376/181
f  307/378/181 306/377/175 308/379/175
f  308/379/175 309/380/181 307/378/181
f  309/380/181 308/379/175 310/381/175
f  310/381/175 311/382/174 309/380/181
f  311/382/174 310/381/175 312/383/175
f  312/383/175 313/384/174 311/382/174
f  313/384/174 312/383/175 314/385/175
f  314/385/175 315/386/174 313/384/174
f  315/386/174 314/385/175 316/387/175
f  316/387/175 317/388/174 315/386/174
f  317/388/174 316/387/175 318/389/175
f  318/389/175 319/390/174 317/388/174
f  319/390/174 318/389/175 320/391/175
f  320/391/175 321/392/174 319/390/174
f  321/392/174 320/391/175 322/393/175
f  322/393/175 323/394/181 321/392/174
f  323/394/181 322/393/175 324/395/175
f  324/395/175 325/396/174 323/394/181
f  325/396/174 324/395/175 232/397/175
f  232/397/175 231/398/174 325/396/174
f  240/314/175 241/399/166 326/400/166
f  326/400/166 244/315/175 240/314/175
f  244/315/175 326/400/166 327/401/166
f  327/401/166 246/317/175 244/315/175
f  246/317/175 327/401/166 328/402/166
f  328/402/166 248/319/175 246/317/175
f  248/319/175 328/402/166 329/403/166
f  329/403/166 250/321/175 248/319/175
f  250/321/175 329/403/166 330/404/166
f  330/404/166 252/323/175 250/321/175
f  252/323/175 330/404/166 331/405/166
f  331/405/166 254/325/175 252/323/175
f  254/325/175 331/405/166 332/406/166
f  332/406/166 256/327/175 254/325/175
f  256/327/175 332/406/166 333/407/166
f  333/407/166 258/329/175 256/327/175
f  258/329/175 333/407/166 334/408/166
f  334/408/166 260/331/175 258/329/175
f  260/331/175 334/408/166 335/409/193
f  335/409/193 262/333/182 260/331/175
f  266/337/184 336/410/194 337/411/166
f  337/411/166 268/339/175 266/337/184
f  268/339/175 337/411/166 338/412/166
f  338/412/166 270/341/175 268/339/175
f  270/341/175 338/412/166 339/413/166
f  339/413/166 272/343/175 270/341/175
f  272/343/175 339/413/166 340/414/166
f  340/414/166 274/345/175 272/343/175
f  274/345/175 340/414/166 341/415/166
f  341/415/166 276/347/175 274/345/175
f  276/347/175 341/415/166 342/416/166
f  342/416/166 278/349/175 276/347/175
f  278/349/175 342/416/166 343/417/166
f  343/417/166 280/351/175 278/349/175
f  280/351/175 343/417/166 344/418/195
f  344/418/195 282/353/185 280/351/175
f  302/373/192 345/419/196 346/420/166
f  346/420/166 304/375/175 302/373/192
f  304/375/175 346/420/166 347/421/166
f  347/421/166 306/377/175 304/375/175
f  306/377/175 347/421/166 348/422/166
f  348/422/166 308/379/175 306/377/175
f  308/379/175 348/422/166 349/423/166
f  349/423/166 310/381/175 308/379/175
f  310/381/175 349/423/166 350/424/166
f  350/424/166 312/383/175 310/381/175
f  312/383/175 350/424/166 351/425/166
f  351/425/166 314/385/175 312/383/175
f  314/385/175 351/425/166 352/426/166
f  352/426/166 316/387/175 314/385/175
f  316/387/175 352/426/166 353/427/166
f  353/427/166 318/389/175 316/387/175
f  318/389/175 353/427/166 354/428/166
f  354/428/166 320/391/175 318/389/175
f  320/391/175 354/428/166 355/429/166
f  355/429/166 322/393/175 320/391/175
f  322/393/175 355/429/166 356/430/166
f  356/430/166 324/395/175 322/393/175
f  324/395/175 356/430/166 223/431/166
f  223/431/166 232/397/175 324/395/175
f  241/399/166 238/432/167 357/433/167
f  357/433/167 326/400/166 241/399/166
f  326/400/166 357/433/167 358/434/167
f  358/434/167 327/401/166 326/400/166
f  327/401/166 358/434/167 359/435/167
f  359/435/167 328/402/166 327/401/166
f  328/402/166 359/435/167 360/436/167
f  360/436/167 329/403/166 328/402/166
f  329/403/166 360/436/167 361/437/167
f  361/437/167 330/404/166 329/403/166
f  330/404/166 361/437/167 362/438/167
f  362/438/167 331/405/166 330/404/166
f  331/405/166 362/438/167 363/439/167
f  363/439/167 332/406/166 331/405/166
f  332/406/166 363/439/167 364/440/167
f  364/440/167 333/407/166 332/406/166
f  333/407/166 364/440/167 365/441/167
f  365/441/167 334/408/166 333/407/166
f  334/408/166 365/441/167 366/442/197
f  366/442/197 335/409/193 334/408/166
f  336/410/194 367/443/198 368/444/167
f  368/444/167 337/411/166 336/410/194
f  337/411/166 368/444/167 369/445/167
f  369/445/167 338/412/166 337/411/166
f  338/412/166 369/445/167 370/446/167
f  370/446/167 339/413/166 338/412/166
f  339/413/166 370/446/167 371/447/167
f  371/447/167 340/414/166 339/413/166
f  340/414/166 371/447/167 372/448/167
f  372/448/167 341/415/166 340/414/166
f  341/415/166 372/448/167 373/449/167
f  373/449/167 342/416/166 341/415/166
f  342/416/166 373/449/167 374/450/167
f  374/450/167 343/417/166 342/416/166
f  343/417/166 374/450/167 375/451/199
f  375/451/199 344/418/195 343/417/166
f  345/419/196 376/452/200 377/453/167
f  377/453/167 346/420/166 345/419/196
f  346/420/166 377/453/167 378/454/167
f  378/454/167 347/421/166 346/420/166
f  347/421/166 378/454/167 379/455/167
f  379/455/167 348/422/166 347/421/166
f  348/422/166 379/455/167 380/456/167
f  380/456/167 349/423/166 348/422/166
f  349/423/166 380/456/167 381/457/167
f  381/457/167 350/424/166 349/423/166
f  350/424/166 381/457/167 382/458/167
f  382/458/167 351/425/166 350/424/166
f  351/425/166 382/458/167 383/459/167
f  383/459/167 352/426/166 351/425/166
f  352/426/166 383/459/167 384/460/167
f  384/460/167 353/427/166 352/426/166
f  353/427/166 384/460/167 385/461/167
f  385/461/167 354/428/166 353/427/166
f  354/428/166 385/461/167 386/462/167
f  386/462/167 355/429/166 354/428/166
f  355/429/166 386/462/167 387/463/167
f  387/463/167 356/430/166 355/429/166
f  356/430/166 387/463/167 224/464/167
f  224/464/167 223/431/166 356/430/166
f  238/432/167 239/465/170 388/466/170
f  388/466/170 357/433/167 238/432/167
f  357/433/167 388/466/170 389/467/170
f  389/467/170 358/434/167 357/433/167
f  358/434/167 389/467/170 390/468/170
f  390/468/170 359/435/167 358/434/167
f  359/435/167 390/468/170 391/469/170
f  391/469/170 360/436/167 359/435/167
f  360/436/167 391/469/170 392/470/170
f  392/470/170 361/437/167 360/436/167
f  361/437/167 392/470/170 393/471/170
f  393/471/170 362/438/167 361/437/167
f  362/438/167 393/471/170 394/472/170
f  394/472/170 363/439/167 362/438/167
f  363/439/167 394/472/170 395/473/170
f  395/473/170 364/440/167 363/439/167
f  364/440/167 395/473/170 396/474/170
f  396/474/170 365/441/167 364/440/167
f  365/441/167 396/474/170 397/475/170
f  397/475/170 366/442/197 365/441/167
f  366/442/197 397/475/170 398/476/170
f  398/476/170 399/477/201 366/442/197
f  399/477/201 398/476/170 400/478/170
f  400/478/170 367/443/198 399/477/201
f  367/443/198 400/478/170 401/479/170
f  401/479/170 368/444/167 367/443/198
f  368/444/167 401/479/170 402/480/170
f  402/480/170 369/445/167 368/444/167
f  369/445/167 402/480/170 403/481/170
f  403/481/170 370/446/167 369/445/167
f  370/446/167 403/481/170 404/482/170
f  404/482/170 371/447/167 370/446/167
f  371/447/167 404/482/170 405/483/170
f  405/483/170 372/448/167 371/447/167
f  372/448/167 405/483/170 406/484/170
f  406/484/170 373/449/167 372/448/167
f  373/449/167 406/484/170 407/485/170
f  407/485/170 374/450/167 373/449/167
f  374/450/167 407/485/170 408/486/170
f  408/486/170 375/451/199 374/450/167
f  375/451/199 408/486/170 409/487/170
f  409/487/170 410/488/202 375/451/199
f  410/488/202 409/487/170 411/489/170
f  411/489/170 412/490/203 410/488/202
f  412/490/203 411/489/170 413/491/170
f  413/491/170 414/492/204 412/490/203
f  414/492/204 413/491/170 415/493/170
f  415/493/170 416/494/205 414/492/204
f  416/494/205 415/493/170 417/495/170
f  417/495/170 418/496/205 416/494/205
f  418/496/205 417/495/170 419/497/170
f  419/497/170 420/498/205 418/496/205
f  420/498/205 419/497/170 421/499/170
f  421/499/170 422/500/206 420/498/205
f  422/500/206 421/499/170 423/501/170
f  423/501/170 424/502/207 422/500/206
f  424/502/207 423/501/170 425/503/170
f  425/503/170 426/504/202 424/502/207
f  426/504/202 425/503/170 427/505/170
f  427/505/170 376/452/200 426/504/202
f  376/452/200 427/505/170 428/506/170
f  428/506/170 377/453/167 376/452/200
f  377/453/167 428/506/170 429/507/170
f  429/507/170 378/454/167 377/453/167
f  378/454/167 429/507/170 430/508/170
f  430/508/170 379/455/167 378/454/167
f  379/455/167 430/508/170 431/509/170
f  431/509/170 380/456/167 379/455/167
f  380/456/167 431/509/170 432/510/170
f  432/510/170 381/457/167 380/456/167
f  381/457/167 432/510/170 433/511/170
f  433/511/170 382/458/167 381/457/167
f  382/458/167 433/511/170 434/512/170
f  434/512/170 383/459/167 382/458/167
f  383/459/167 434/512/170 435/513/170
f  435/513/170 384/460/167 383/459/167
f  384/460/167 435/513/170 436/514/170
f  436/514/170 385/461/167 384/460/167
f  385/461/167 436/514/170 437/515/170
f  437/515/170 386/462/167 385/461/167
f  386/462/167 437/515/170 438/516/170
f  438/516/170 387/463/167 386/462/167
f  387/463/167 438/516/170 227/517/170
f  227/517/170 224/464/167 387/463/167
f  239/465/170 236/518/171 439/519/171
f  439/519/171 388/466/170 239/465/170
f  388/466/170 439/519/171 440/520/171
f  440/520/171 389/467/170 388/466/170
f  389/467/170 440/520/171 441/521/171
f  441/521/171 390/468/170 389/467/170
f  390/468/170 441/521/171 442/522/171
f  442/522/171 391/469/170 390/468/170
f  391/469/170 442/522/171 443/523/171
f  443/523/171 392/470/170 391/469/170
f  392/470/170 443/523/171 444/524/171
f  444/524/171 393/471/170 392/470/170
f  393/471/170 444/524/171 445/525/171
f  445/525/171 394/472/170 393/471/170
f  394/472/170 445/525/171 446/526/171
f  446/526/171 395/473/170 394/472/170
f  395/473/170 446/526/171 447/527/171
f  447/527/171 396/474/170 395/473/170
f  396/474/170 447/527/171 448/528/171
f  448/528/171 397/475/170 396/474/170
f  397/475/170 448/528/171 449/529/171
f  449/529/171 398/476/170 397/475/170
f  398/476/170 449/529/171 450/530/171
f  450/530/171 400/478/170 398/476/170
f  400/478/170 450/530/171 451/531/171
f  451/531/171 401/479/170 400/478/170
f  401/479/170 451/531/171 452/532/171
f  452/532/171 402/480/170 401/479/170
f  402/480/170 452/532/171 453/533/171
f  453/533/171 403/481/170 402/480/170
f  403/481/170 453/533/171 454/534/171
f  454/534/171 404/482/170 403/481/170
f  404/482/170 454/534/171 455/535/171
f  455/535/171 405/483/170 404/482/170
f  405/483/170 455/535/171 456/536/171
f  456/536/171 406/484/170 405/483/170
f  406/484/170 456/536/171 457/537/171
f  457/537/171 407/485/170 406/484/170
f  407/485/170 457/537/171 458/538/171
f  458/538/171 408/486/170 407/485/170
f  408/486/170 458/538/171 459/539/171
f  459/539/171 409/487/170 408/486/170
f  409/487/170 459/539/171 460/540/171
f  460/540/171 411/489/170 409/487/170
f  411/489/170 460/540/171 461/541/171
f  461/541/171 413/491/170 411/489/170
f  413/491/170 461/541/171 462/542/171
f  462/542/171 415/493/170 413/491/170
f  415/493/170 462/542/171 463/543/171
f  463/543/171 417/495/170 415/493/170
f  417/495/170 463/543/171 464/544/171
f  464/544/171 419/497/170 417/495/170
f  419/497/170 464/544/171 465/545/171
f  465/545/171 421/499/170 419/497/170
f  421/499/170 465/545/171 466/546/171
f  466/546/171 423/501/170 421/499/170
f  423/501/170 466/546/171 467/547/171
f  467/547/171 425/503/170 423/501/170
f  425/503/170 467/547/171 468/548/171
f  468/548/171 427/505/170 425/503/170
f  427/505/170 468/548/171 469/549/171
f  469/549/171 428/506/170 427/505/170
f  428/506/170 469/549/171 470/550/171
f  470/550/171 429/507/170 428/506/170
f  429/507/170 470/550/171 471/551/171
f  471/551/171 430/508/170 429/507/170
f  430/508/170 471/551/171 472/552/171
f  472/552/171 431/509/170 430/508/170
f  431/509/170 472/552/171 473/553/171
f  473/553/171 432/510/170 431/509/170
f  432/510/170 473/553/171 474/554/171
f  474/554/171 433/511/170 432/510/170
f  433/511/170 474/554/171 475/555/171
f  475/555/171 434/512/170 433/511/170
f  434/512/170 475/555/171 476/556/171
f  476/556/171 435/513/170 434/512/170
f  435/513/170 476/556/171 477/557/171
f  477/557/171 436/514/170 435/513/170
f  436/514/170 477/557/171 478/558/171
f  478/558/171 437/515/170 436/514/170
f  437/515/170 478/558/171 479/559/171
f  479/559/171 438/516/170 437/515/170
f  438/516/170 479/559/171 228/560/171
f  228/560/171 227/517/170 438/516/170
f  236/518/171 237/561/179 480/562/177
f  480/562/177 439/519/171 236/518/171
f  439/519/171 480/562/177 481/563/177
f  481/563/177 440/520/171 439/519/171
f  440/520/171 481/563/177 482/564/177
f  482/564/177 441/521/171 440/520/171
f  441/521/171 482/564/177 483/565/177
f  483/565/177 442/522/171 441/521/171
f  442/522/171 483/565/177 484/566/177
f  484/566/177 443/523/171 442/522/171
f  443/523/171 484/566/177 485/567/177
f  485/567/177 444/524/171 443/523/171
f  444/524/171 485/567/177 486/568/177
f  486/568/177 445/525/171 444/524/171
f  445/525/171 486/568/177 487/569/177
f  487/569/177 446/526/171 445/525/171
f  446/526/171 487/569/177 488/570/177
f  488/570/177 447/527/171 446/526/171
f  447/527/171 488/570/177 489/571/177
f  489/571/177 448/528/171 447/527/171
f  448/528/171 489/571/177 490/572/177
f  490/572/177 449/529/171 448/528/171
f  449/529/171 490/572/177 491/573/177
f  491/573/177 450/530/171 449/529/171
f  450/530/171 491/573/177 492/574/177
f  492/574/177 451/531/171 450/530/171
f  451/531/171 492/574/177 493/575/177
f  493/575/177 452/532/171 451/531/171
f  452/532/171 493/575/177 494/576/177
f  494/576/177 453/533/171 452/532/171
f  453/533/171 494/576/177 495/577/177
f  495/577/177 454/534/171 453/533/171
f  454/534/171 495/577/177 496/578/177
f  496/578/177 455/535/171 454/534/171
f  455/535/171 496/578/177 497/579/177
f  497/579/177 456/536/171 455/535/171
f  456/536/171 497/579/177 498/580/177
f  498/580/177 457/537/171 456/536/171
f  457/537/171 498/580/177 499/581/177
f  499/581/177 458/538/171 457/537/171
f  458/538/171 499/581/177 500/582/177
f  500/582/177 459/539/171 458/538/171
f  459/539/171 500/582/177 501/583/177
f  501/583/177 460/540/171 459/539/171
f  460/540/171 501/583/177 502/584/177
f  502/584/177 461/541/171 460/540/171
f  461/541/171 502/584/177 503/585/177
f  503/585/177 462/542/171 461/541/171
f  462/542/171 503/585/177 504/586/177
f  504/586/177 463/543/171 462/542/171
f  463/543/171 504/586/177 505/587/177
f  505/587/177 464/544/171 463/543/171
f  464/544/171 505/587/177 506/588/177
f  506/588/177 465/545/171 464/544/171
f  465/545/171 506/588/177 507/589/177
f  507/589/177 466/546/171 465/545/171
f  466/546/171 507/589/177 508/590/177
f  508/590/177 467/547/171 466/546/171
f  467/547/171 508/590/177 509/591/177
f  509/591/177 468/548/171 467/547/171
f  468/548/171 509/591/177 510/592/177
f  510/592/177 469/549/171 468/548/171
f  469/549/171 510/592/177 511/593/177
f  511/593/177 470/550/171 469/549/171
f  470/550/171 511/593/177 512/594/177
f  512/594/177 471/551/171 470/550/171
f  471/551/171 512/594/177 513/595/177
f  513/595/177 472/552/171 471/551/171
f  472/552/171 513/595/177 514/596/177
f  514/596/177 473/553/171 472/552/171
f  473/553/171 514/596/177 515/597/177
f  515/597/177 474/554/171 473/553/171
f  474/554/171 515/597/177 516/598/177
f  516/598/177 475/555/171 474/554/171
f  475/555/171 516/598/177 517/599/177
f  517/599/177 476/556/171 475/555/171
f  476/556/171 517/599/177 518/600/177
f  518/600/177 477/557/171 476/556/171
f  477/557/171 518/600/177 519/601/177
f  519/601/177 478/558/171 477/557/171
f  478/558/171 519/601/177 520/602/177
f  520/602/177 479/559/171 478/558/171
f  479/559/171 520/602/177 234/603/177
f  234/603/177 228/560/171 479/559/171
f  237/561/179 163/604/153 164/605/152
f  164/605/152 480/562/177 237/561/179
f  480/562/177 164/605/152 195/606/152
f  195/606/152 481/563/177 480/562/177
f  481/563/177 195/606/152 197/607/152
f  197/607/152 482/564/177 481/563/177
f  482/564/177 197/607/152 200/608/152
f  200/608/152 483/565/177 482/564/177
f  483/565/177 200/608/152 192/609/152
f  192/609/152 484/566/177 483/565/177
f  484/566/177 192/609/152 188/610/152
f  188/610/152 485/567/177 484/566/177
f  485/567/177 188/610/152 184/611/152
f  184/611/152 486/568/177 485/567/177
f  486/568/177 184/611/152 165/612/152
f  165/612/152 487/569/177 486/568/177
f  487/569/177 165/612/152 157/613/152
f  157/613/152 488/570/177 487/569/177
f  488/570/177 157/613/152 158/614/152
f  158/614/152 489/571/177 488/570/177
f  489/571/177 158/614/152 168/615/152
f  168/615/152 490/572/177 489/571/177
f  490/572/177 168/615/152 171/616/152
f  171/616/152 491/573/177 490/572/177
f  491/573/177 171/616/152 183/617/152
f  183/617/152 492/574/177 491/573/177
f  492/574/177 183/617/152 176/618/152
f  176/618/152 493/575/177 492/574/177
f  493/575/177 176/618/152 177/619/152
f  177/619/152 494/576/177 493/575/177
f  494/576/177 177/619/152 180/620/152
f  180/620/152 495/577/177 494/576/177
f  495/577/177 180/620/152 181/621/152
f  181/621/152 496/578/177 495/577/177
f  496/578/177 181/621/152 187/622/152
f  187/622/152 497/579/177 496/578/177
f  497/579/177 187/622/152 194/623/152
f  194/623/152 498/580/177 497/579/177
f  498/580/177 194/623/152 190/624/152
f  190/624/152 499/581/177 498/580/177
f  499/581/177 190/624/152 191/625/152
f  191/625/152 500/582/177 499/581/177
f  500/582/177 191/625/152 199/626/152
f  199/626/152 501/583/177 500/582/177
f  501/583/177 199/626/152 185/627/152
f  185/627/152 502/584/177 501/583/177
f  502/584/177 185/627/152 186/628/152
f  186/628/152 503/585/177 502/584/177
f  503/585/177 186/628/152 189/629/152
f  189/629/152 504/586/177 503/585/177
f  504/586/177 189/629/152 193/630/152
f  193/630/152 505/587/177 504/586/177
f  505/587/177 193/630/152 196/631/152
f  196/631/152 506/588/177 505/587/177
f  506/588/177 196/631/152 198/632/152
f  198/632/152 507/589/177 506/588/177
f  507/589/177 198/632/152 201/633/152
f  201/633/152 508/590/177 507/589/177
f  508/590/177 201/633/152 159/634/152
f  159/634/152 509/591/177 508/590/177
f  509/591/177 159/634/152 160/635/152
f  160/635/152 510/592/177 509/591/177
f  510/592/177 160/635/152 166/636/152
f  166/636/152 511/593/177 510/592/177
f  511/593/177 166/636/152 169/637/152
f  169/637/152 512/594/177 511/593/177
f  512/594/177 169/637/152 172/638/152
f  172/638/152 513/595/177 512/594/177
f  513/595/177 172/638/152 161/639/152
f  161/639/152 514/596/177 513/595/177
f  514/596/177 161/639/152 162/640/152
f  162/640/152 515/597/177 514/596/177
f  515/597/177 162/640/152 167/641/152
f  167/641/152 516/598/177 515/597/177
f  516/598/177 167/641/152 170/642/152
f  170/642/152 517/599/177 516/598/177
f  517/599/177 170/642/152 175/643/152
f  175/643/152 518/600/177 517/599/177
f  518/600/177 175/643/152 182/644/152
f  182/644/152 519/601/177 518/600/177
f  519/601/177 182/644/152 178/645/152
f  178/645/152 520/602/177 519/601/177
f  520/602/177 178/645/152 179/646/156
f  179/646/156 234/603/177 520/602/177
f  174/208/155 154/171/149 521/647/208
f  521/647/208 243/648/180 174/208/155
f  243/648/180 521/647/208 522/649/209
f  522/649/209 235/650/178 243/648/180
f  235/650/178 522/649/209 523/651/210
f  523/651/210 229/652/172 235/650/178
f  229/652/172 523/651/210 524/653/211
f  524/653/211 226/654/169 229/652/172
f  524/653/211 525/655/212 226/654/169
f  226/654/169 525/655/212 526/656/213
f  526/656/213 225/657/168 226/654/169
f  225/657/168 526/656/213 527/658/214
f  527/658/214 222/659/165 225/657/168
f  222/659/165 527/658/214 528/660/215
f  528/660/215 233/661/176 222/659/165
f  233/661/176 528/660/215 529/662/216
f  529/662/216 230/663/173 233/661/176
f  154/171/149 148/165/143 147/164/142
f  147/164/142 521/647/208 154/171/149
f  521/647/208 147/164/142 139/153/135
f  139/153/135 522/649/209 521/647/208
f  522/649/209 139/153/135 141/155/136
f  141/155/136 523/651/210 522/649/209
f  523/651/210 141/155/136 149/166/144
f  149/166/144 524/653/211 523/651/210
f  524/653/211 149/166/144 153/170/148
f  153/170/148 525/655/212 524/653/211
f  525/655/212 153/170/148 150/167/145
f  150/167/145 526/656/213 525/655/212
f  526/656/213 150/167/145 142/156/137
f  142/156/137 527/658/214 526/656/213
f  527/658/214 142/156/137 144/158/139
f  144/158/139 528/660/215 527/658/214
f  528/660/215 144/158/139 152/169/147
f  152/169/147 529/662/216 528/660/215
f  335/409/193 366/442/197 530/664/217
f  530/664/217 531/665/218 335/409/193
f  262/333/182 335/409/193 531/665/218
f  531/665/218 532/666/219 262/333/182
f  264/335/183 262/333/182 532/666/219
f  532/666/219 533/667/220 264/335/183
f  266/337/184 264/335/183 533/667/220
f  533/667/220 534/668/221 266/337/184
f  336/410/194 266/337/184 534/668/221
f  534/668/221 535/669/222 336/410/194
f  367/443/198 336/410/194 535/669/222
f  535/669/222 536/670/223 367/443/198
f  399/477/201 367/443/198 536/670/223
f  536/670/223 537/671/224 399/477/201
f  366/442/197 399/477/201 537/671/224
f  537/671/224 530/664/217 366/442/197
f  344/418/195 375/451/199 538/672/225
f  538/672/225 539/673/226 344/418/195
f  282/353/185 344/418/195 539/673/226
f  539/673/226 540/674/227 282/353/185
f  376/452/200 345/419/196 541/675/228
f  541/675/228 542/676/229 376/452/200
f  345/419/196 302/373/192 543/677/230
f  543/677/230 541/675/228 345/419/196
f  286/357/187 540/674/227 544/678/231
f  544/678/231 288/359/188 286/357/187
f  543/677/230 302/373/192 300/371/186
f  543/677/230 300/371/186 298/369/191
f  544/678/231 292/363/189 290/361/189
f  290/361/189 288/359/188 544/678/231
f  543/677/230 298/369/191 296/367/190
f  296/367/190 544/678/231 543/677/230
f  296/367/190 294/365/189 292/363/189
f  292/363/189 544/678/231 296/367/190
f  538/672/225 412/490/203 414/492/204
f  414/492/204 545/679/232 538/672/225
f  545/679/232 414/492/204 416/494/205
f  416/494/205 418/496/205 545/679/232
f  418/496/205 420/498/205 422/500/206
f  422/500/206 545/679/232 418/496/205
f  284/355/186 282/353/185 540/674/227
f  284/355/186 540/674/227 286/357/187
f  426/504/202 376/452/200 542/676/229
f  542/676/229 424/502/207 426/504/202
f  424/502/207 542/676/229 545/679/232
f  545/679/232 422/500/206 424/502/207
f  538/672/225 375/451/199 410/488/202
f  538/672/225 410/488/202 412/490/203
f  546/680/233 547/681/234 548/682/235
f  548/682/235 549/683/236 546/680/233
f  549/683/236 548/682/235 550/684/237
f  550/684/237 551/685/238 549/683/236
f  550/684/237 552/686/239 553/687/240
f  553/687/240 551/685/238 550/684/237
f  553/687/240 552/686/239 554/688/241
f  554/688/241 555/689/242 553/687/240
f  555/689/242 554/688/241 556/690/243
f  556/690/243 557/691/244 555/689/242
f  557/691/244 556/690/243 558/692/245
f  558/692/245 559/693/246 557/691/244
f  559/693/246 558/692/245 560/694/247
f  560/694/247 561/695/248 559/693/246
f  561/695/248 560/694/247 562/696/249
f  562/696/249 563/697/250 561/695/248
f  564/698/251 565/699/252 566/700/253
f  566/700/253 567/701/254 564/698/251
f  568/702/255 569/703/256 570/704/257
f  570/704/257 571/705/258 568/702/255
f  572/706/259 573/707/260 574/708/261
f  574/708/261 575/709/262 572/706/259
f  576/710/263 577/711/264 578/712/265
f  578/712/265 579/713/266 576/710/263
f  571/705/258 570/704/257 580/714/267
f  580/714/267 581/715/268 571/705/258
f  575/709/262 574/708/261 582/716/269
f  582/716/269 583/717/270 575/709/262
f  579/713/266 578/712/265 584/718/271
f  584/718/271 585/719/272 579/713/266
f  586/720/273 587/721/274 588/722/275
f  588/722/275 589/723/276 586/720/273
f  585/719/272 584/718/271 590/724/277
f  590/724/277 591/725/278 585/719/272
f  592/726/279 593/727/280 594/728/281
f  594/728/281 595/729/282 592/726/279
f  583/717/270 582/716/269 587/721/274
f  587/721/274 586/720/273 583/717/270
f  591/725/278 590/724/277 596/730/283
f  596/730/283 597/731/284 591/725/278
f  598/732/285 599/733/286 593/727/280
f  593/727/280 592/726/279 598/732/285
f  595/729/282 594/728/281 600/734/287
f  600/734/287 601/735/288 595/729/282
f  597/731/284 596/730/283 602/736/289
f  602/736/289 603/737/290 597/731/284
f  581/715/268 580/714/267 604/738/291
f  604/738/291 605/739/292 581/715/268
f  589/723/276 588/722/275 599/733/286
f  599/733/286 598/732/285 589/723/276
f  601/735/288 600/734/287 606/740/293
f  606/740/293 607/741/294 601/735/288
f  603/737/290 602/736/289 608/742/295
f  608/742/295 609/743/296 603/737/290
f  604/738/291 610/744/297 611/745/298
f  611/745/298 605/739/292 604/738/291
f  612/746/299 613/747/300 614/748/301
f  614/748/301 615/749/302 612/746/299
f  607/741/294 606/740/293 616/750/303
f  616/750/303 617/751/304 607/741/294
f  609/743/296 608/742/295 618/752/305
f  618/752/305 619/753/306 609/743/296
f  620/754/307 621/755/308 622/756/309
f  622/756/309 623/757/310 620/754/307
f  624/758/311 625/759/312 613/747/300
f  613/747/300 612/746/299 624/758/311
f  617/751/304 616/750/303 564/698/251
f  564/698/251 567/701/254 617/751/304
f  618/752/305 626/760/313 627/761/314
f  627/761/314 619/753/306 618/752/305
f  623/757/310 622/756/309 628/762/315
f  628/762/315 629/763/316 623/757/310
f  627/761/314 626/760/313 630/764/317
f  630/764/317 631/765/318 627/761/314
f  611/745/298 610/744/297 621/755/308
f  621/755/308 620/754/307 611/745/298
f  631/765/318 630/764/317 632/766/319
f  632/766/319 633/767/320 631/765/318
f  629/763/316 628/762/315 625/759/312
f  625/759/312 624/758/311 629/763/316
f  633/767/320 632/766/319 634/768/321
f  634/768/321 635/769/322 633/767/320
f  636/770/323 637/771/324 638/772/325
f  638/772/325 639/773/326 636/770/323
f  563/697/250 562/696/249 640/774/327
f  640/774/327 641/775/328 563/697/250
f  635/769/322 634/768/321 642/776/329
f  642/776/329 643/777/330 635/769/322
f  639/773/326 638/772/325 573/707/260
f  573/707/260 572/706/259 639/773/326
f  640/774/327 644/778/331 645/779/332
f  645/779/332 641/775/328 640/774/327
f  643/777/330 642/776/329 569/703/256
f  569/703/256 568/702/255 643/777/330
f  615/749/302 614/748/301 637/771/324
f  637/771/324 636/770/323 615/749/302
f  645/779/332 644/778/331 577/711/264
f  577/711/264 576/710/263 645/779/332
f  565/699/252 646/780/333 647/781/334
f  647/781/334 566/700/253 565/699/252
f  648/782/335 103/103/103 106/106/106
f  106/106/106 649/783/336 648/782/335
f  650/784/337 651/785/338 652/786/339
f  652/786/339 653/787/340 650/784/337
f  654/788/341 655/789/342 656/790/343
f  656/790/343 657/791/344 654/788/341
f  651/785/338 648/782/335 649/783/336
f  649/783/336 652/786/339 651/785/338
f  657/791/344 656/790/343 650/784/337
f  650/784/337 653/787/340 657/791/344
f  647/781/334 646/780/333 655/789/342
f  655/789/342 654/788/341 647/781/334
f  115/115/115 547/681/234 546/680/233
f  546/680/233 116/116/116 115/115/115
f  654/792/341 657/793/344 658/794/345
f  658/794/345 659/795/346 654/792/341
f  652/796/339 649/797/336 660/798/119
f  660/798/119 661/799/119 652/796/339
f  649/797/336 106/126/106 121/125/119
f  121/125/119 660/798/119 649/797/336
f  647/800/334 654/792/341 659/795/346
f  659/795/346 662/801/347 647/800/334
f  125/131/122 663/802/122 664/803/121
f  664/803/121 126/132/121 125/131/122
f  653/804/340 652/796/339 661/799/119
f  661/799/119 665/805/348 653/804/340
f  666/806/349 566/807/253 667/808/350
f  667/808/350 668/809/351 666/806/349
f  566/807/253 647/800/334 662/801/347
f  662/801/347 667/808/350 566/807/253
f  669/810/352 666/806/349 668/809/351
f  668/809/351 670/811/353 669/810/352
f  657/793/344 653/804/340 665/805/348
f  665/805/348 658/794/345 657/793/344
f  553/812/240 555/813/242 671/814/354
f  671/814/354 672/815/355 553/812/240
f  549/816/236 551/817/238 673/818/356
f  673/818/356 674/819/357 549/816/236
f  559/820/246 561/821/248 675/822/358
f  675/822/358 676/823/359 559/820/246
f  677/824/359 676/823/359 678/825/360
f  678/825/360 679/826/361 677/824/359
f  680/827/362 674/819/357 681/828/363
f  681/828/363 682/829/364 680/827/362
f  116/160/116 546/830/233 680/827/362
f  680/827/362 145/161/140 116/160/116
f  557/831/244 559/820/246 676/823/359
f  676/823/359 677/824/359 557/831/244
f  683/832/365 675/822/358 684/833/366
f  684/833/366 685/834/367 683/832/365
f  555/813/242 557/831/244 677/824/359
f  677/824/359 671/814/354 555/813/242
f  551/817/238 553/812/240 672/815/355
f  672/815/355 673/818/356 551/817/238
f  671/814/354 677/824/359 679/826/361
f  679/826/361 686/835/368 671/814/354
f  674/819/357 673/818/356 687/836/369
f  687/836/369 681/828/363 674/819/357
f  546/830/233 549/816/236 674/819/357
f  674/819/357 680/827/362 546/830/233
f  675/822/358 561/821/248 688/837/370
f  688/837/370 684/833/366 675/822/358
f  145/161/140 680/827/362 682/829/364
f  682/829/364 152/169/147 145/161/140
f  676/823/359 675/822/358 683/832/365
f  683/832/365 678/825/360 676/823/359
f  673/818/356 672/815/355 689/838/371
f  689/838/371 687/836/369 673/818/356
f  672/815/355 671/814/354 686/835/368
f  686/835/368 689/838/371 672/815/355
f  688/837/370 690/839/372 685/834/367
f  685/834/367 684/833/366 688/837/370
f  666/806/349 669/810/352 691/840/373
f  691/840/373 692/841/374 666/806/349
f  583/842/270 586/843/273 693/844/375
f  693/844/375 694/845/375 583/842/270
f  619/846/306 627/847/314 695/848/375
f  695/848/375 696/849/375 619/846/306
f  585/850/272 591/851/278 697/852/375
f  697/852/375 698/853/375 585/850/272
f  567/854/254 566/855/253 699/856/376
f  699/856/376 700/857/375 567/854/254
f  586/843/273 589/858/276 701/859/375
f  701/859/375 693/844/375 586/843/273
f  609/860/296 619/846/306 696/849/375
f  696/849/375 702/861/375 609/860/296
f  579/862/266 585/850/272 698/853/375
f  698/853/375 703/863/375 579/862/266
f  575/864/262 583/842/270 694/845/375
f  694/845/375 704/865/375 575/864/262
f  603/866/290 609/860/296 702/861/375
f  702/861/375 705/867/375 603/866/290
f  576/868/263 579/862/266 703/863/375
f  703/863/375 706/869/375 576/868/263
f  566/807/253 666/806/349 692/841/374
f  692/841/374 699/870/376 566/807/253
f  572/871/259 575/864/262 704/865/375
f  704/865/375 707/872/375 572/871/259
f  597/873/284 603/866/290 705/867/375
f  705/867/375 708/874/375 597/873/284
f  690/839/372 688/837/370 709/875/377
f  709/875/377 710/876/378 690/839/372
f  645/877/332 576/868/263 706/869/375
f  706/869/375 711/878/375 645/877/332
f  615/879/302 636/880/323 712/881/375
f  712/881/375 713/882/375 615/879/302
f  561/883/248 563/884/250 714/885/375
f  714/885/375 715/886/379 561/883/248
f  624/887/311 612/888/299 716/889/375
f  716/889/375 717/890/375 624/887/311
f  641/891/328 645/877/332 711/878/375
f  711/878/375 718/892/375 641/891/328
f  639/893/326 572/871/259 707/872/375
f  707/872/375 719/894/375 639/893/326
f  612/888/299 615/879/302 713/882/375
f  713/882/375 716/889/375 612/888/299
f  563/884/250 641/891/328 718/892/375
f  718/892/375 714/885/375 563/884/250
f  636/880/323 639/893/326 719/894/375
f  719/894/375 712/881/375 636/880/323
f  589/858/276 598/895/285 720/896/375
f  720/896/375 701/859/375 589/858/276
f  571/897/258 581/898/268 721/899/375
f  721/899/375 722/900/375 571/897/258
f  629/901/316 624/887/311 717/890/375
f  717/890/375 723/902/375 629/901/316
f  598/895/285 592/903/279 724/904/375
f  724/904/375 720/896/375 598/895/285
f  568/905/255 571/897/258 722/900/375
f  722/900/375 725/906/375 568/905/255
f  611/907/298 620/908/307 726/909/375
f  726/909/375 727/910/375 611/907/298
f  592/903/279 595/911/282 728/912/375
f  728/912/375 724/904/375 592/903/279
f  643/913/330 568/905/255 725/906/375
f  725/906/375 729/914/375 643/913/330
f  623/915/310 629/901/316 723/902/375
f  723/902/375 730/916/375 623/915/310
f  617/917/304 567/854/254 700/857/375
f  700/857/375 731/918/375 617/917/304
f  635/919/322 643/913/330 729/914/375
f  729/914/375 732/920/375 635/919/322
f  620/908/307 623/915/310 730/916/375
f  730/916/375 726/909/375 620/908/307
f  688/837/370 561/821/248 715/921/379
f  715/921/379 709/875/377 688/837/370
f  607/922/294 617/917/304 731/918/375
f  731/918/375 733/923/375 607/922/294
f  633/924/320 635/919/322 732/920/375
f  732/920/375 734/925/375 633/924/320
f  605/926/292 611/907/298 727/910/375
f  727/910/375 735/927/375 605/926/292
f  601/928/288 607/922/294 733/923/375
f  733/923/375 736/929/375 601/928/288
f  631/930/318 633/924/320 734/925/375
f  734/925/375 737/931/375 631/930/318
f  581/898/268 605/926/292 735/927/375
f  735/927/375 721/899/375 581/898/268
f  595/911/282 601/928/288 736/929/375
f  736/929/375 728/912/375 595/911/282
f  627/847/314 631/930/318 737/931/375
f  737/931/375 695/848/375 627/847/314
f  591/851/278 597/873/284 708/874/375
f  708/874/375 697/852/375 591/851/278
f  738/932/122 669/933/352 670/811/353
f  670/811/353 739/934/121 738/932/122
f  740/935/122 738/932/122 739/934/121
f  739/934/121 741/936/121 740/935/122
f  742/937/122 740/935/122 741/936/121
f  741/936/121 743/938/121 742/937/122
f  744/939/122 742/937/122 743/938/121
f  743/938/121 745/940/121 744/939/122
f  746/941/122 744/939/122 745/940/121
f  745/940/121 747/942/121 746/941/122
f  748/943/122 746/941/122 747/942/121
f  747/942/121 749/944/121 748/943/122
f  663/802/122 748/943/122 749/944/121
f  749/944/121 664/803/121 663/802/122
f  739/934/121 670/811/353 668/809/351
f  668/809/351 667/808/350 739/934/121
f  667/808/350 662/801/347 741/936/121
f  741/936/121 739/934/121 667/808/350
f  662/801/347 659/795/346 743/938/121
f  743/938/121 741/936/121 662/801/347
f  659/795/346 658/794/345 745/940/121
f  745/940/121 743/938/121 659/795/346
f  658/794/345 665/805/348 747/942/121
f  747/942/121 745/940/121 658/794/345
f  665/805/348 661/799/119 749/944/121
f  749/944/121 747/942/121 665/805/348
f  661/799/119 660/798/119 664/803/121
f  664/803/121 749/944/121 661/799/119
f  121/125/119 126/132/121 664/803/121
f  664/803/121 660/798/119 121/125/119
f  750/945/380 691/946/373 669/933/352
f  669/933/352 738/932/122 750/945/380
f  738/932/122 740/935/122 751/947/381
f  751/947/381 750/945/380 738/932/122
f  740/935/122 742/937/122 752/948/382
f  752/948/382 751/947/381 740/935/122
f  742/937/122 744/939/122 753/949/383
f  753/949/383 752/948/382 742/937/122
f  744/939/122 746/941/122 754/950/384
f  754/950/384 753/949/383 744/939/122
f  746/941/122 748/943/122 755/951/385
f  755/951/385 754/950/384 746/941/122
f  748/943/122 663/802/122 756/952/386
f  756/952/386 755/951/385 748/943/122
f  663/802/122 125/131/122 221/285/164
f  221/285/164 756/952/386 663/802/122
f  757/953/387 758/954/388 759/955/389
f  759/955/389 760/956/390 757/953/387
f  761/957/391 762/958/392 763/959/393
f  763/959/393 764/960/394 761/957/391
f  765/961/395 231/295/174 230/294/173
f  230/294/173 766/962/396 765/961/395
f  758/954/388 765/961/395 766/962/396
f  766/962/396 759/955/389 758/954/388
f  762/958/392 757/953/387 760/956/390
f  760/956/390 763/959/393 762/958/392
f  767/963/397 761/957/391 764/960/394
f  764/960/394 768/964/398 767/963/397
f  751/947/381 752/948/382 769/965/391
f  769/965/391 770/966/399 751/947/381
f  753/949/383 754/950/384 771/967/387
f  771/967/387 772/968/392 753/949/383
f  755/951/385 756/952/386 773/969/395
f  773/969/395 774/970/388 755/951/385
f  756/952/386 221/285/164 242/306/174
f  242/306/174 773/969/395 756/952/386
f  752/948/382 753/949/383 772/968/392
f  772/968/392 769/965/391 752/948/382
f  754/950/384 755/951/385 774/970/388
f  774/970/388 771/967/387 754/950/384
f  709/971/377 715/972/379 775/973/400
f  775/973/400 710/974/378 709/971/377
f  767/963/397 768/964/398 775/973/400
f  775/973/400 715/972/379 767/963/397
f  692/975/374 691/946/373 750/945/380
f  750/945/380 699/976/376 692/975/374
f  699/976/376 750/945/380 751/947/381
f  751/947/381 770/966/399 699/976/376
f  776/977/395 773/978/395 242/313/174
f  242/313/174 245/316/174 776/977/395
f  777/979/395 776/977/395 245/316/174
f  245/316/174 247/318/174 777/979/395
f  778/980/395 777/979/395 247/318/174
f  247/318/174 249/320/174 778/980/395
f  779/981/395 778/980/395 249/320/174
f  249/320/174 251/322/174 779/981/395
f  780/982/395 779/981/395 251/322/174
f  251/322/174 253/324/181 780/982/395
f  781/983/395 780/982/395 253/324/181
f  253/324/181 255/326/174 781/983/395
f  782/984/395 781/983/395 255/326/174
f  255/326/174 257/328/174 782/984/395
f  783/985/395 782/984/395 257/328/174
f  257/328/174 259/330/174 783/985/395
f  784/986/395 783/985/395 259/330/174
f  259/330/174 261/332/181 784/986/395
f  785/987/401 784/986/395 261/332/181
f  261/332/181 263/334/174 785/987/401
f  786/988/402 785/987/401 263/334/174
f  263/334/174 265/336/174 786/988/402
f  787/989/403 786/988/402 265/336/174
f  265/336/174 267/338/181 787/989/403
f  788/990/395 787/989/403 267/338/181
f  267/338/181 269/340/174 788/990/395
f  789/991/395 788/990/395 269/340/174
f  269/340/174 271/342/174 789/991/395
f  790/992/395 789/991/395 271/342/174
f  271/342/174 273/344/174 790/992/395
f  791/993/395 790/992/395 273/344/174
f  273/344/174 275/346/174 791/993/395
f  792/994/395 791/993/395 275/346/174
f  275/346/174 277/348/181 792/994/395
f  793/995/395 792/994/395 277/348/181
f  277/348/181 279/350/181 793/995/395
f  794/996/395 793/995/395 279/350/181
f  279/350/181 281/352/174 794/996/395
f  795/997/404 794/996/395 281/352/174
f  281/352/174 283/354/181 795/997/404
f  796/998/405 795/997/404 283/354/181
f  283/354/181 285/356/174 796/998/405
f  797/999/406 796/998/405 285/356/174
f  285/356/174 287/358/174 797/999/406
f  798/1000/407 797/999/406 287/358/174
f  287/358/174 289/360/174 798/1000/407
f  799/1001/408 798/1000/407 289/360/174
f  289/360/174 291/362/181 799/1001/408
f  800/1002/408 799/1001/408 291/362/181
f  291/362/181 293/364/181 800/1002/408
f  801/1003/408 800/1002/408 293/364/181
f  293/364/181 295/366/181 801/1003/408
f  802/1004/409 801/1003/408 295/366/181
f  295/366/181 297/368/174 802/1004/409
f  803/1005/410 802/1004/409 297/368/174
f  297/368/174 299/370/174 803/1005/410
f  804/1006/405 803/1005/410 299/370/174
f  299/370/174 301/372/181 804/1006/405
f  805/1007/411 804/1006/405 301/372/181
f  301/372/181 303/374/181 805/1007/411
f  806/1008/395 805/1007/411 303/374/181
f  303/374/181 305/376/181 806/1008/395
f  807/1009/395 806/1008/395 305/376/181
f  305/376/181 307/378/181 807/1009/395
f  808/1010/395 807/1009/395 307/378/181
f  307/378/181 309/380/181 808/1010/395
f  809/1011/395 808/1010/395 309/380/181
f  309/380/181 311/382/174 809/1011/395
f  810/1012/395 809/1011/395 311/382/174
f  311/382/174 313/384/174 810/1012/395
f  811/1013/395 810/1012/395 313/384/174
f  313/384/174 315/386/174 811/1013/395
f  812/1014/395 811/1013/395 315/386/174
f  315/386/174 317/388/174 812/1014/395
f  813/1015/395 812/1014/395 317/388/174
f  317/388/174 319/390/174 813/1015/395
f  814/1016/395 813/1015/395 319/390/174
f  319/390/174 321/392/174 814/1016/395
f  815/1017/395 814/1016/395 321/392/174
f  321/392/174 323/394/181 815/1017/395
f  816/1018/395 815/1017/395 323/394/181
f  323/394/181 325/396/174 816/1018/395
f  765/1019/395 816/1018/395 325/396/174
f  325/396/174 231/398/174 765/1019/395
f  817/1020/388 774/1021/388 773/978/395
f  773/978/395 776/977/395 817/1020/388
f  818/1022/388 817/1020/388 776/977/395
f  776/977/395 777/979/395 818/1022/388
f  819/1023/388 818/1022/388 777/979/395
f  777/979/395 778/980/395 819/1023/388
f  820/1024/388 819/1023/388 778/980/395
f  778/980/395 779/981/395 820/1024/388
f  821/1025/388 820/1024/388 779/981/395
f  779/981/395 780/982/395 821/1025/388
f  822/1026/388 821/1025/388 780/982/395
f  780/982/395 781/983/395 822/1026/388
f  823/1027/388 822/1026/388 781/983/395
f  781/983/395 782/984/395 823/1027/388
f  824/1028/388 823/1027/388 782/984/395
f  782/984/395 783/985/395 824/1028/388
f  825/1029/388 824/1028/388 783/985/395
f  783/985/395 784/986/395 825/1029/388
f  826/1030/412 825/1029/388 784/986/395
f  784/986/395 785/987/401 826/1030/412
f  827/1031/388 828/1032/413 787/989/403
f  787/989/403 788/990/395 827/1031/388
f  829/1033/388 827/1031/388 788/990/395
f  788/990/395 789/991/395 829/1033/388
f  830/1034/388 829/1033/388 789/991/395
f  789/991/395 790/992/395 830/1034/388
f  831/1035/388 830/1034/388 790/992/395
f  790/992/395 791/993/395 831/1035/388
f  832/1036/388 831/1035/388 791/993/395
f  791/993/395 792/994/395 832/1036/388
f  833/1037/388 832/1036/388 792/994/395
f  792/994/395 793/995/395 833/1037/388
f  834/1038/388 833/1037/388 793/995/395
f  793/995/395 794/996/395 834/1038/388
f  835/1039/414 834/1038/388 794/996/395
f  794/996/395 795/997/404 835/1039/414
f  836/1040/388 837/1041/415 805/1007/411
f  805/1007/411 806/1008/395 836/1040/388
f  838/1042/388 836/1040/388 806/1008/395
f  806/1008/395 807/1009/395 838/1042/388
f  839/1043/388 838/1042/388 807/1009/395
f  807/1009/395 808/1010/395 839/1043/388
f  840/1044/388 839/1043/388 808/1010/395
f  808/1010/395 809/1011/395 840/1044/388
f  841/1045/388 840/1044/388 809/1011/395
f  809/1011/395 810/1012/395 841/1045/388
f  842/1046/388 841/1045/388 810/1012/395
f  810/1012/395 811/1013/395 842/1046/388
f  843/1047/388 842/1046/388 811/1013/395
f  811/1013/395 812/1014/395 843/1047/388
f  844/1048/388 843/1047/388 812/1014/395
f  812/1014/395 813/1015/395 844/1048/388
f  845/1049/388 844/1048/388 813/1015/395
f  813/1015/395 814/1016/395 845/1049/388
f  846/1050/388 845/1049/388 814/1016/395
f  814/1016/395 815/1017/395 846/1050/388
f  847/1051/388 846/1050/388 815/1017/395
f  815/1017/395 816/1018/395 847/1051/388
f  758/1052/388 847/1051/388 816/1018/395
f  816/1018/395 765/1019/395 758/1052/388
f  848/1053/387 771/1054/387 774/1021/388
f  774/1021/388 817/1020/388 848/1053/387
f  849/1055/387 848/1053/387 817/1020/388
f  817/1020/388 818/1022/388 849/1055/387
f  850/1056/387 849/1055/387 818/1022/388
f  818/1022/388 819/1023/388 850/1056/387
f  851/1057/387 850/1056/387 819/1023/388
f  819/1023/388 820/1024/388 851/1057/387
f  852/1058/387 851/1057/387 820/1024/388
f  820/1024/388 821/1025/388 852/1058/387
f  853/1059/387 852/1058/387 821/1025/388
f  821/1025/388 822/1026/388 853/1059/387
f  854/1060/387 853/1059/387 822/1026/388
f  822/1026/388 823/1027/388 854/1060/387
f  855/1061/387 854/1060/387 823/1027/388
f  823/1027/388 824/1028/388 855/1061/387
f  856/1062/387 855/1061/387 824/1028/388
f  824/1028/388 825/1029/388 856/1062/387
f  857/1063/416 856/1062/387 825/1029/388
f  825/1029/388 826/1030/412 857/1063/416
f  858/1064/387 859/1065/417 828/1032/413
f  828/1032/413 827/1031/388 858/1064/387
f  860/1066/387 858/1064/387 827/1031/388
f  827/1031/388 829/1033/388 860/1066/387
f  861/1067/387 860/1066/387 829/1033/388
f  829/1033/388 830/1034/388 861/1067/387
f  862/1068/387 861/1067/387 830/1034/388
f  830/1034/388 831/1035/388 862/1068/387
f  863/1069/387 862/1068/387 831/1035/388
f  831/1035/388 832/1036/388 863/1069/387
f  864/1070/387 863/1069/387 832/1036/388
f  832/1036/388 833/1037/388 864/1070/387
f  865/1071/387 864/1070/387 833/1037/388
f  833/1037/388 834/1038/388 865/1071/387
f  866/1072/418 865/1071/387 834/1038/388
f  834/1038/388 835/1039/414 866/1072/418
f  867/1073/387 868/1074/419 837/1041/415
f  837/1041/415 836/1040/388 867/1073/387
f  869/1075/387 867/1073/387 836/1040/388
f  836/1040/388 838/1042/388 869/1075/387
f  870/1076/387 869/1075/387 838/1042/388
f  838/1042/388 839/1043/388 870/1076/387
f  871/1077/387 870/1076/387 839/1043/388
f  839/1043/388 840/1044/388 871/1077/387
f  872/1078/387 871/1077/387 840/1044/388
f  840/1044/388 841/1045/388 872/1078/387
f  873/1079/387 872/1078/387 841/1045/388
f  841/1045/388 842/1046/388 873/1079/387
f  874/1080/387 873/1079/387 842/1046/388
f  842/1046/388 843/1047/388 874/1080/387
f  875/1081/387 874/1080/387 843/1047/388
f  843/1047/388 844/1048/388 875/1081/387
f  876/1082/387 875/1081/387 844/1048/388
f  844/1048/388 845/1049/388 876/1082/387
f  877/1083/387 876/1082/387 845/1049/388
f  845/1049/388 846/1050/388 877/1083/387
f  878/1084/387 877/1083/387 846/1050/388
f  846/1050/388 847/1051/388 878/1084/387
f  757/1085/387 878/1084/387 847/1051/388
f  847/1051/388 758/1052/388 757/1085/387
f  879/1086/392 772/1087/392 771/1054/387
f  771/1054/387 848/1053/387 879/1086/392
f  880/1088/392 879/1086/392 848/1053/387
f  848/1053/387 849/1055/387 880/1088/392
f  881/1089/392 880/1088/392 849/1055/387
f  849/1055/387 850/1056/387 881/1089/392
f  882/1090/392 881/1089/392 850/1056/387
f  850/1056/387 851/1057/387 882/1090/392
f  883/1091/392 882/1090/392 851/1057/387
f  851/1057/387 852/1058/387 883/1091/392
f  884/1092/392 883/1091/392 852/1058/387
f  852/1058/387 853/1059/387 884/1092/392
f  885/1093/392 884/1092/392 853/1059/387
f  853/1059/387 854/1060/387 885/1093/392
f  886/1094/392 885/1093/392 854/1060/387
f  854/1060/387 855/1061/387 886/1094/392
f  887/1095/392 886/1094/392 855/1061/387
f  855/1061/387 856/1062/387 887/1095/392
f  888/1096/392 887/1095/392 856/1062/387
f  856/1062/387 857/1063/416 888/1096/392
f  889/1097/392 888/1096/392 857/1063/416
f  857/1063/416 890/1098/420 889/1097/392
f  891/1099/392 889/1097/392 890/1098/420
f  890/1098/420 859/1065/417 891/1099/392
f  892/1100/392 891/1099/392 859/1065/417
f  859/1065/417 858/1064/387 892/1100/392
f  893/1101/392 892/1100/392 858/1064/387
f  858/1064/387 860/1066/387 893/1101/392
f  894/1102/392 893/1101/392 860/1066/387
f  860/1066/387 861/1067/387 894/1102/392
f  895/1103/392 894/1102/392 861/1067/387
f  861/1067/387 862/1068/387 895/1103/392
f  896/1104/392 895/1103/392 862/1068/387
f  862/1068/387 863/1069/387 896/1104/392
f  897/1105/392 896/1104/392 863/1069/387
f  863/1069/387 864/1070/387 897/1105/392
f  898/1106/392 897/1105/392 864/1070/387
f  864/1070/387 865/1071/387 898/1106/392
f  899/1107/392 898/1106/392 865/1071/387
f  865/1071/387 866/1072/418 899/1107/392
f  900/1108/392 899/1107/392 866/1072/418
f  866/1072/418 901/1109/421 900/1108/392
f  902/1110/392 900/1108/392 901/1109/421
f  901/1109/421 903/1111/422 902/1110/392
f  904/1112/392 902/1110/392 903/1111/422
f  903/1111/422 905/1113/423 904/1112/392
f  906/1114/392 904/1112/392 905/1113/423
f  905/1113/423 907/1115/424 906/1114/392
f  908/1116/392 906/1114/392 907/1115/424
f  907/1115/424 909/1117/424 908/1116/392
f  910/1118/392 908/1116/392 909/1117/424
f  909/1117/424 911/1119/424 910/1118/392
f  912/1120/392 910/1118/392 911/1119/424
f  911/1119/424 913/1121/425 912/1120/392
f  914/1122/392 912/1120/392 913/1121/425
f  913/1121/425 915/1123/426 914/1122/392
f  916/1124/392 914/1122/392 915/1123/426
f  915/1123/426 917/1125/421 916/1124/392
f  918/1126/392 916/1124/392 917/1125/421
f  917/1125/421 868/1074/419 918/1126/392
f  919/1127/392 918/1126/392 868/1074/419
f  868/1074/419 867/1073/387 919/1127/392
f  920/1128/392 919/1127/392 867/1073/387
f  867/1073/387 869/1075/387 920/1128/392
f  921/1129/392 920/1128/392 869/1075/387
f  869/1075/387 870/1076/387 921/1129/392
f  922/1130/392 921/1129/392 870/1076/387
f  870/1076/387 871/1077/387 922/1130/392
f  923/1131/392 922/1130/392 871/1077/387
f  871/1077/387 872/1078/387 923/1131/392
f  924/1132/392 923/1131/392 872/1078/387
f  872/1078/387 873/1079/387 924/1132/392
f  925/1133/392 924/1132/392 873/1079/387
f  873/1079/387 874/1080/387 925/1133/392
f  926/1134/392 925/1133/392 874/1080/387
f  874/1080/387 875/1081/387 926/1134/392
f  927/1135/392 926/1134/392 875/1081/387
f  875/1081/387 876/1082/387 927/1135/392
f  928/1136/392 927/1135/392 876/1082/387
f  876/1082/387 877/1083/387 928/1136/392
f  929/1137/392 928/1136/392 877/1083/387
f  877/1083/387 878/1084/387 929/1137/392
f  762/1138/392 929/1137/392 878/1084/387
f  878/1084/387 757/1085/387 762/1138/392
f  930/1139/391 769/1140/391 772/1087/392
f  772/1087/392 879/1086/392 930/1139/391
f  931/1141/391 930/1139/391 879/1086/392
f  879/1086/392 880/1088/392 931/1141/391
f  932/1142/391 931/1141/391 880/1088/392
f  880/1088/392 881/1089/392 932/1142/391
f  933/1143/391 932/1142/391 881/1089/392
f  881/1089/392 882/1090/392 933/1143/391
f  934/1144/391 933/1143/391 882/1090/392
f  882/1090/392 883/1091/392 934/1144/391
f  935/1145/391 934/1144/391 883/1091/392
f  883/1091/392 884/1092/392 935/1145/391
f  936/1146/391 935/1145/391 884/1092/392
f  884/1092/392 885/1093/392 936/1146/391
f  937/1147/391 936/1146/391 885/1093/392
f  885/1093/392 886/1094/392 937/1147/391
f  938/1148/391 937/1147/391 886/1094/392
f  886/1094/392 887/1095/392 938/1148/391
f  939/1149/391 938/1148/391 887/1095/392
f  887/1095/392 888/1096/392 939/1149/391
f  940/1150/391 939/1149/391 888/1096/392
f  888/1096/392 889/1097/392 940/1150/391
f  941/1151/391 940/1150/391 889/1097/392
f  889/1097/392 891/1099/392 941/1151/391
f  942/1152/391 941/1151/391 891/1099/392
f  891/1099/392 892/1100/392 942/1152/391
f  943/1153/391 942/1152/391 892/1100/392
f  892/1100/392 893/1101/392 943/1153/391
f  944/1154/391 943/1153/391 893/1101/392
f  893/1101/392 894/1102/392 944/1154/391
f  945/1155/391 944/1154/391 894/1102/392
f  894/1102/392 895/1103/392 945/1155/391
f  946/1156/391 945/1155/391 895/1103/392
f  895/1103/392 896/1104/392 946/1156/391
f  947/1157/391 946/1156/391 896/1104/392
f  896/1104/392 897/1105/392 947/1157/391
f  948/1158/391 947/1157/391 897/1105/392
f  897/1105/392 898/1106/392 948/1158/391
f  949/1159/391 948/1158/391 898/1106/392
f  898/1106/392 899/1107/392 949/1159/391
f  950/1160/391 949/1159/391 899/1107/392
f  899/1107/392 900/1108/392 950/1160/391
f  951/1161/391 950/1160/391 900/1108/392
f  900/1108/392 902/1110/392 951/1161/391
f  952/1162/391 951/1161/391 902/1110/392
f  902/1110/392 904/1112/392 952/1162/391
f  953/1163/391 952/1162/391 904/1112/392
f  904/1112/392 906/1114/392 953/1163/391
f  954/1164/391 953/1163/391 906/1114/392
f  906/1114/392 908/1116/392 954/1164/391
f  955/1165/391 954/1164/391 908/1116/392
f  908/1116/392 910/1118/392 955/1165/391
f  956/1166/391 955/1165/391 910/1118/392
f  910/1118/392 912/1120/392 956/1166/391
f  957/1167/391 956/1166/391 912/1120/392
f  912/1120/392 914/1122/392 957/1167/391
f  958/1168/391 957/1167/391 914/1122/392
f  914/1122/392 916/1124/392 958/1168/391
f  959/1169/391 958/1168/391 916/1124/392
f  916/1124/392 918/1126/392 959/1169/391
f  960/1170/391 959/1169/391 918/1126/392
f  918/1126/392 919/1127/392 960/1170/391
f  961/1171/391 960/1170/391 919/1127/392
f  919/1127/392 920/1128/392 961/1171/391
f  962/1172/391 961/1171/391 920/1128/392
f  920/1128/392 921/1129/392 962/1172/391
f  963/1173/391 962/1172/391 921/1129/392
f  921/1129/392 922/1130/392 963/1173/391
f  964/1174/391 963/1173/391 922/1130/392
f  922/1130/392 923/1131/392 964/1174/391
f  965/1175/391 964/1174/391 923/1131/392
f  923/1131/392 924/1132/392 965/1175/391
f  966/1176/391 965/1175/391 924/1132/392
f  924/1132/392 925/1133/392 966/1176/391
f  967/1177/391 966/1176/391 925/1133/392
f  925/1133/392 926/1134/392 967/1177/391
f  968/1178/391 967/1177/391 926/1134/392
f  926/1134/392 927/1135/392 968/1178/391
f  969/1179/391 968/1178/391 927/1135/392
f  927/1135/392 928/1136/392 969/1179/391
f  970/1180/391 969/1179/391 928/1136/392
f  928/1136/392 929/1137/392 970/1180/391
f  761/1181/391 970/1180/391 929/1137/392
f  929/1137/392 762/1138/392 761/1181/391
f  971/1182/397 770/1183/399 769/1140/391
f  769/1140/391 930/1139/391 971/1182/397
f  972/1184/397 971/1182/397 930/1139/391
f  930/1139/391 931/1141/391 972/1184/397
f  973/1185/397 972/1184/397 931/1141/391
f  931/1141/391 932/1142/391 973/1185/397
f  974/1186/397 973/1185/397 932/1142/391
f  932/1142/391 933/1143/391 974/1186/397
f  975/1187/397 974/1186/397 933/1143/391
f  933/1143/391 934/1144/391 975/1187/397
f  976/1188/397 975/1187/397 934/1144/391
f  934/1144/391 935/1145/391 976/1188/397
f  977/1189/397 976/1188/397 935/1145/391
f  935/1145/391 936/1146/391 977/1189/397
f  978/1190/397 977/1189/397 936/1146/391
f  936/1146/391 937/1147/391 978/1190/397
f  979/1191/397 978/1190/397 937/1147/391
f  937/1147/391 938/1148/391 979/1191/397
f  980/1192/397 979/1191/397 938/1148/391
f  938/1148/391 939/1149/391 980/1192/397
f  981/1193/397 980/1192/397 939/1149/391
f  939/1149/391 940/1150/391 981/1193/397
f  982/1194/397 981/1193/397 940/1150/391
f  940/1150/391 941/1151/391 982/1194/397
f  983/1195/397 982/1194/397 941/1151/391
f  941/1151/391 942/1152/391 983/1195/397
f  984/1196/397 983/1195/397 942/1152/391
f  942/1152/391 943/1153/391 984/1196/397
f  985/1197/397 984/1196/397 943/1153/391
f  943/1153/391 944/1154/391 985/1197/397
f  986/1198/397 985/1197/397 944/1154/391
f  944/1154/391 945/1155/391 986/1198/397
f  987/1199/397 986/1198/397 945/1155/391
f  945/1155/391 946/1156/391 987/1199/397
f  988/1200/397 987/1199/397 946/1156/391
f  946/1156/391 947/1157/391 988/1200/397
f  989/1201/397 988/1200/397 947/1157/391
f  947/1157/391 948/1158/391 989/1201/397
f  990/1202/397 989/1201/397 948/1158/391
f  948/1158/391 949/1159/391 990/1202/397
f  991/1203/397 990/1202/397 949/1159/391
f  949/1159/391 950/1160/391 991/1203/397
f  992/1204/397 991/1203/397 950/1160/391
f  950/1160/391 951/1161/391 992/1204/397
f  993/1205/397 992/1204/397 951/1161/391
f  951/1161/391 952/1162/391 993/1205/397
f  994/1206/397 993/1205/397 952/1162/391
f  952/1162/391 953/1163/391 994/1206/397
f  995/1207/397 994/1206/397 953/1163/391
f  953/1163/391 954/1164/391 995/1207/397
f  996/1208/397 995/1207/397 954/1164/391
f  954/1164/391 955/1165/391 996/1208/397
f  997/1209/397 996/1208/397 955/1165/391
f  955/1165/391 956/1166/391 997/1209/397
f  998/1210/397 997/1209/397 956/1166/391
f  956/1166/391 957/1167/391 998/1210/397
f  999/1211/397 998/1210/397 957/1167/391
f  957/1167/391 958/1168/391 999/1211/397
f  1000/1212/397 999/1211/397 958/1168/391
f  958/1168/391 959/1169/391 1000/1212/397
f  1001/1213/397 1000/1212/397 959/1169/391
f  959/1169/391 960/1170/391 1001/1213/397
f  1002/1214/397 1001/1213/397 960/1170/391
f  960/1170/391 961/1171/391 1002/1214/397
f  1003/1215/397 1002/1214/397 961/1171/391
f  961/1171/391 962/1172/391 1003/1215/397
f  1004/1216/397 1003/1215/397 962/1172/391
f  962/1172/391 963/1173/391 1004/1216/397
f  1005/1217/397 1004/1216/397 963/1173/391
f  963/1173/391 964/1174/391 1005/1217/397
f  1006/1218/397 1005/1217/397 964/1174/391
f  964/1174/391 965/1175/391 1006/1218/397
f  1007/1219/397 1006/1218/397 965/1175/391
f  965/1175/391 966/1176/391 1007/1219/397
f  1008/1220/397 1007/1219/397 966/1176/391
f  966/1176/391 967/1177/391 1008/1220/397
f  1009/1221/397 1008/1220/397 967/1177/391
f  967/1177/391 968/1178/391 1009/1221/397
f  1010/1222/397 1009/1221/397 968/1178/391
f  968/1178/391 969/1179/391 1010/1222/397
f  1011/1223/397 1010/1222/397 969/1179/391
f  969/1179/391 970/1180/391 1011/1223/397
f  767/1224/397 1011/1223/397 970/1180/391
f  970/1180/391 761/1181/391 767/1224/397
f  700/1225/375 699/1226/376 770/1183/399
f  770/1183/399 971/1182/397 700/1225/375
f  731/1227/375 700/1225/375 971/1182/397
f  971/1182/397 972/1184/397 731/1227/375
f  733/1228/375 731/1227/375 972/1184/397
f  972/1184/397 973/1185/397 733/1228/375
f  736/1229/375 733/1228/375 973/1185/397
f  973/1185/397 974/1186/397 736/1229/375
f  728/1230/375 736/1229/375 974/1186/397
f  974/1186/397 975/1187/397 728/1230/375
f  724/1231/375 728/1230/375 975/1187/397
f  975/1187/397 976/1188/397 724/1231/375
f  720/1232/375 724/1231/375 976/1188/397
f  976/1188/397 977/1189/397 720/1232/375
f  701/1233/375 720/1232/375 977/1189/397
f  977/1189/397 978/1190/397 701/1233/375
f  693/1234/375 701/1233/375 978/1190/397
f  978/1190/397 979/1191/397 693/1234/375
f  694/1235/375 693/1234/375 979/1191/397
f  979/1191/397 980/1192/397 694/1235/375
f  704/1236/375 694/1235/375 980/1192/397
f  980/1192/397 981/1193/397 704/1236/375
f  707/1237/375 704/1236/375 981/1193/397
f  981/1193/397 982/1194/397 707/1237/375
f  719/1238/375 707/1237/375 982/1194/397
f  982/1194/397 983/1195/397 719/1238/375
f  712/1239/375 719/1238/375 983/1195/397
f  983/1195/397 984/1196/397 712/1239/375
f  713/1240/375 712/1239/375 984/1196/397
f  984/1196/397 985/1197/397 713/1240/375
f  716/1241/375 713/1240/375 985/1197/397
f  985/1197/397 986/1198/397 716/1241/375
f  717/1242/375 716/1241/375 986/1198/397
f  986/1198/397 987/1199/397 717/1242/375
f  723/1243/375 717/1242/375 987/1199/397
f  987/1199/397 988/1200/397 723/1243/375
f  730/1244/375 723/1243/375 988/1200/397
f  988/1200/397 989/1201/397 730/1244/375
f  726/1245/375 730/1244/375 989/1201/397
f  989/1201/397 990/1202/397 726/1245/375
f  727/1246/375 726/1245/375 990/1202/397
f  990/1202/397 991/1203/397 727/1246/375
f  735/1247/375 727/1246/375 991/1203/397
f  991/1203/397 992/1204/397 735/1247/375
f  721/1248/375 735/1247/375 992/1204/397
f  992/1204/397 993/1205/397 721/1248/375
f  722/1249/375 721/1248/375 993/1205/397
f  993/1205/397 994/1206/397 722/1249/375
f  725/1250/375 722/1249/375 994/1206/397
f  994/1206/397 995/1207/397 725/1250/375
f  729/1251/375 725/1250/375 995/1207/397
f  995/1207/397 996/1208/397 729/1251/375
f  732/1252/375 729/1251/375 996/1208/397
f  996/1208/397 997/1209/397 732/1252/375
f  734/1253/375 732/1252/375 997/1209/397
f  997/1209/397 998/1210/397 734/1253/375
f  737/1254/375 734/1253/375 998/1210/397
f  998/1210/397 999/1211/397 737/1254/375
f  695/1255/375 737/1254/375 999/1211/397
f  999/1211/397 1000/1212/397 695/1255/375
f  696/1256/375 695/1255/375 1000/1212/397
f  1000/1212/397 1001/1213/397 696/1256/375
f  702/1257/375 696/1256/375 1001/1213/397
f  1001/1213/397 1002/1214/397 702/1257/375
f  705/1258/375 702/1257/375 1002/1214/397
f  1002/1214/397 1003/1215/397 705/1258/375
f  708/1259/375 705/1258/375 1003/1215/397
f  1003/1215/397 1004/1216/397 708/1259/375
f  697/1260/375 708/1259/375 1004/1216/397
f  1004/1216/397 1005/1217/397 697/1260/375
f  698/1261/375 697/1260/375 1005/1217/397
f  1005/1217/397 1006/1218/397 698/1261/375
f  703/1262/375 698/1261/375 1006/1218/397
f  1006/1218/397 1007/1219/397 703/1262/375
f  706/1263/375 703/1262/375 1007/1219/397
f  1007/1219/397 1008/1220/397 706/1263/375
f  711/1264/375 706/1263/375 1008/1220/397
f  1008/1220/397 1009/1221/397 711/1264/375
f  718/1265/375 711/1264/375 1009/1221/397
f  1009/1221/397 1010/1222/397 718/1265/375
f  714/1266/375 718/1265/375 1010/1222/397
f  1010/1222/397 1011/1223/397 714/1266/375
f  715/1267/379 714/1266/375 1011/1223/397
f  1011/1223/397 767/1224/397 715/1267/379
f  1012/1268/427 690/839/372 710/876/378
f  710/876/378 775/1269/400 1012/1268/427
f  1013/1270/428 1012/1268/427 775/1269/400
f  775/1269/400 768/1271/398 1013/1270/428
f  1014/1272/429 1013/1270/428 768/1271/398
f  768/1271/398 764/1273/394 1014/1272/429
f  1015/1274/430 1014/1272/429 764/1273/394
f  764/1273/394 763/1275/393 1015/1274/430
f  1015/1274/430 763/1275/393 1016/1276/431
f  1017/1277/432 1016/1276/431 763/1275/393
f  763/1275/393 760/1278/390 1017/1277/432
f  1018/1279/433 1017/1277/432 760/1278/390
f  760/1278/390 759/1280/389 1018/1279/433
f  1019/1281/434 1018/1279/433 759/1280/389
f  759/1280/389 766/1282/396 1019/1281/434
f  529/662/216 1019/1281/434 766/1282/396
f  766/1282/396 230/663/173 529/662/216
f  683/832/365 685/834/367 690/839/372
f  690/839/372 1012/1268/427 683/832/365
f  678/825/360 683/832/365 1012/1268/427
f  1012/1268/427 1013/1270/428 678/825/360
f  679/826/361 678/825/360 1013/1270/428
f  1013/1270/428 1014/1272/429 679/826/361
f  686/835/368 679/826/361 1014/1272/429
f  1014/1272/429 1015/1274/430 686/835/368
f  689/838/371 686/835/368 1015/1274/430
f  1015/1274/430 1016/1276/431 689/838/371
f  687/836/369 689/838/371 1016/1276/431
f  1016/1276/431 1017/1277/432 687/836/369
f  681/828/363 687/836/369 1017/1277/432
f  1017/1277/432 1018/1279/433 681/828/363
f  682/829/364 681/828/363 1018/1279/433
f  1018/1279/433 1019/1281/434 682/829/364
f  152/169/147 682/829/364 1019/1281/434
f  1019/1281/434 529/662/216 152/169/147
f  1020/1283/435 857/1063/416 826/1030/412
f  826/1030/412 1021/1284/436 1020/1283/435
f  1021/1284/436 826/1030/412 785/987/401
f  785/987/401 1022/1285/437 1021/1284/436
f  1022/1285/437 785/987/401 786/988/402
f  786/988/402 1023/1286/438 1022/1285/437
f  1023/1286/438 786/988/402 787/989/403
f  787/989/403 1024/1287/439 1023/1286/438
f  1024/1287/439 787/989/403 828/1032/413
f  828/1032/413 1025/1288/440 1024/1287/439
f  1025/1288/440 828/1032/413 859/1065/417
f  859/1065/417 1026/1289/441 1025/1288/440
f  1026/1289/441 859/1065/417 890/1098/420
f  890/1098/420 1027/1290/442 1026/1289/441
f  1027/1290/442 890/1098/420 857/1063/416
f  857/1063/416 1020/1283/435 1027/1290/442
f  1028/1291/443 866/1072/418 835/1039/414
f  835/1039/414 1029/1292/444 1028/1291/443
f  1029/1292/444 835/1039/414 795/997/404
f  795/997/404 1030/1293/445 1029/1292/444
f  1031/1294/446 837/1041/415 868/1074/419
f  868/1074/419 1032/1295/447 1031/1294/446
f  1033/1296/448 805/1007/411 837/1041/415
f  837/1041/415 1031/1294/446 1033/1296/448
f  1034/1297/449 1030/1293/445 797/999/406
f  797/999/406 798/1000/407 1034/1297/449
f  1033/1296/448 803/1005/410 804/1006/405
f  1033/1296/448 804/1006/405 805/1007/411
f  799/1001/408 800/1002/408 1034/1297/449
f  1034/1297/449 798/1000/407 799/1001/408
f  802/1004/409 803/1005/410 1033/1296/448
f  1033/1296/448 1034/1297/449 802/1004/409
f  800/1002/408 801/1003/408 802/1004/409
f  802/1004/409 1034/1297/449 800/1002/408
f  905/1113/423 903/1111/422 1028/1291/443
f  1028/1291/443 1035/1298/450 905/1113/423
f  907/1115/424 905/1113/423 1035/1298/450
f  1035/1298/450 909/1117/424 907/1115/424
f  913/1121/425 911/1119/424 909/1117/424
f  909/1117/424 1035/1298/450 913/1121/425
f  796/998/405 797/999/406 1030/1293/445
f  796/998/405 1030/1293/445 795/997/404
f  1032/1295/447 868/1074/419 917/1125/421
f  917/1125/421 915/1123/426 1032/1295/447
f  1035/1298/450 1032/1295/447 915/1123/426
f  915/1123/426 913/1121/425 1035/1298/450
f  1028/1291/443 903/1111/422 901/1109/421
f  1028/1291/443 901/1109/421 866/1072/418
f  1036/1299/119 1037/1300/451 1038/1301/452
f  1038/1301/452 1039/1302/453 1036/1299/119
f  1040/1303/454 1041/1304/455 1042/1305/456
f  1042/1305/456 1043/1306/457 1040/1303/454
f  1044/1307/458 1045/1308/459 1046/1309/460
f  1046/1309/460 1047/1310/461 1044/1307/458
f  1048/1311/462 1049/1312/463 1037/1313/451
f  1037/1313/451 1036/1314/119 1048/1311/462
f  1039/1302/453 1038/1301/452 1041/1304/455
f  1041/1304/455 1040/1303/454 1039/1302/453
f  1043/1306/457 1042/1305/456 1050/1315/464
f  1050/1315/464 1051/1316/465 1043/1306/457
f  1051/1316/465 1050/1315/464 1045/1308/459
f  1045/1308/459 1044/1307/458 1051/1316/465
f  1047/1310/461 1046/1309/460 1049/1312/463
f  1049/1312/463 1048/1311/462 1047/1310/461
f  1052/1317/466 1053/1318/451 1054/1319/452
f  1054/1319/452 1055/1320/467 1052/1317/466
f  1056/1321/468 1057/1322/460 1058/1323/463
f  1058/1323/463 1059/1324/469 1056/1321/468
f  1060/1325/470 1061/1326/459 1057/1322/460
f  1057/1322/460 1056/1321/468 1060/1325/470
f  1059/1324/469 1058/1323/463 1053/1318/451
f  1053/1318/451 1052/1317/466 1059/1324/469
f  1062/1327/471 1063/1328/455 1064/1329/456
f  1064/1329/456 1065/1330/472 1062/1327/471
f  1055/1320/467 1054/1319/452 1063/1328/455
f  1063/1328/455 1062/1327/471 1055/1320/467
f  1065/1330/472 1064/1329/456 1066/1331/464
f  1066/1331/464 1067/1332/121 1065/1330/472
f  1067/1333/121 1066/1334/464 1061/1326/459
f  1061/1326/459 1060/1325/470 1067/1333/121
f  1067/1332/121 1036/1299/119 1068/1335/473
f  1068/1335/473 1069/1336/474 1067/1332/121
f  1070/1337/475 1071/1338/476 1072/1339/477
f  1072/1339/477 1073/1340/478 1070/1337/475
f  1074/1341/479 1075/1342/480 1076/1343/481
f  1076/1343/481 1077/1344/482 1074/1341/479
f  1073/1340/478 1072/1339/477 1078/1345/483
f  1078/1345/483 1079/1346/484 1073/1340/478
f  1048/1311/462 1036/1314/119 1080/1347/485
f  1081/1348/486 1043/1306/457 1051/1316/465
f  1051/1316/465 1082/1349/487 1081/1348/486
f  1083/1350/488 1039/1302/453 1040/1303/454
f  1040/1303/454 1084/1351/489 1083/1350/488
f  1036/1299/119 1039/1302/453 1083/1350/488
f  1082/1349/487 1051/1316/465 1044/1307/458
f  1044/1307/458 1085/1352/490 1082/1349/487
f  1085/1352/490 1044/1307/458 1047/1310/461
f  1047/1310/461 1086/1353/491 1085/1352/490
f  1084/1351/489 1040/1303/454 1043/1306/457
f  1043/1306/457 1081/1348/486 1084/1351/489
f  1086/1353/491 1047/1310/461 1048/1311/462
f  1048/1311/462 1080/1347/485 1086/1353/491
f  1087/1354/492 1083/1350/488 1084/1351/489
f  1084/1351/489 1088/1355/493 1087/1354/492
f  1036/1299/119 1083/1350/488 1087/1354/492
f  1089/1356/494 1082/1349/487 1085/1352/490
f  1085/1352/490 1090/1357/495 1089/1356/494
f  1090/1357/495 1085/1352/490 1086/1353/491
f  1086/1353/491 1091/1358/496 1090/1357/495
f  1088/1355/493 1084/1351/489 1081/1348/486
f  1081/1348/486 1092/1359/497 1088/1355/493
f  1091/1358/496 1086/1353/491 1080/1347/485
f  1080/1347/485 1093/1360/498 1091/1358/496
f  1080/1347/485 1036/1314/119 1093/1360/498
f  1092/1359/497 1081/1348/486 1082/1349/487
f  1082/1349/487 1089/1356/494 1092/1359/497
f  1094/1361/499 1092/1359/497 1089/1356/494
f  1089/1356/494 1095/1362/500 1094/1361/499
f  1096/1363/501 1087/1354/492 1088/1355/493
f  1088/1355/493 1097/1364/502 1096/1363/501
f  1036/1299/119 1087/1354/492 1096/1363/501
f  1095/1362/500 1089/1356/494 1090/1357/495
f  1090/1357/495 1098/1365/503 1095/1362/500
f  1098/1365/503 1090/1357/495 1091/1358/496
f  1091/1358/496 1099/1366/504 1098/1365/503
f  1097/1364/502 1088/1355/493 1092/1359/497
f  1092/1359/497 1094/1361/499 1097/1364/502
f  1099/1366/504 1091/1358/496 1093/1360/498
f  1093/1360/498 1100/1367/505 1099/1366/504
f  1093/1360/498 1036/1314/119 1100/1367/505
f  1101/1368/506 1097/1364/502 1094/1361/499
f  1094/1361/499 1102/1369/507 1101/1368/506
f  1103/1370/508 1099/1366/504 1100/1367/505
f  1100/1367/505 1104/1371/509 1103/1370/508
f  1100/1367/505 1036/1314/119 1104/1371/509
f  1102/1369/507 1094/1361/499 1095/1362/500
f  1095/1362/500 1105/1372/510 1102/1369/507
f  1106/1373/511 1096/1363/501 1097/1364/502
f  1097/1364/502 1101/1368/506 1106/1373/511
f  1036/1299/119 1096/1363/501 1106/1373/511
f  1105/1372/510 1095/1362/500 1098/1365/503
f  1098/1365/503 1107/1374/512 1105/1372/510
f  1107/1374/512 1098/1365/503 1099/1366/504
f  1099/1366/504 1103/1370/508 1107/1374/512
f  1108/1375/513 1105/1372/510 1107/1374/512
f  1107/1374/512 1071/1338/476 1108/1375/513
f  1071/1338/476 1107/1374/512 1103/1370/508
f  1103/1370/508 1072/1339/477 1071/1338/476
f  1075/1342/480 1101/1368/506 1102/1369/507
f  1102/1369/507 1076/1343/481 1075/1342/480
f  1072/1339/477 1103/1370/508 1104/1371/509
f  1104/1371/509 1078/1345/483 1072/1339/477
f  1104/1371/509 1036/1314/119 1078/1345/483
f  1076/1343/481 1102/1369/507 1105/1372/510
f  1105/1372/510 1108/1375/513 1076/1343/481
f  1068/1335/473 1106/1373/511 1101/1368/506
f  1101/1368/506 1075/1342/480 1068/1335/473
f  1036/1299/119 1106/1373/511 1068/1335/473
f  1067/1333/121 1079/1346/484 1078/1345/483
f  1078/1345/483 1036/1314/119 1067/1333/121
f  1075/1342/480 1074/1341/479 1069/1336/474
f  1069/1336/474 1068/1335/473 1075/1342/480
f  1071/1338/476 1070/1337/475 1109/1376/514
f  1109/1376/514 1108/1375/513 1071/1338/476
f  1108/1375/513 1109/1376/514 1077/1344/482
f  1077/1344/482 1076/1343/481 1108/1375/513
f  1067/1333/121 1060/1325/470 1110/1377/515
f  1111/1378/516 1056/1321/468 1059/1324/469
f  1059/1324/469 1112/1379/517 1111/1378/516
f  1110/1377/515 1060/1325/470 1056/1321/468
f  1056/1321/468 1111/1378/516 1110/1377/515
f  1113/1380/518 1062/1327/471 1065/1330/472
f  1065/1330/472 1114/1381/519 1113/1380/518
f  1112/1379/517 1059/1324/469 1052/1317/466
f  1052/1317/466 1115/1382/520 1112/1379/517
f  1116/1383/521 1055/1320/467 1062/1327/471
f  1062/1327/471 1113/1380/518 1116/1383/521
f  1065/1330/472 1067/1332/121 1114/1381/519
f  1115/1382/520 1052/1317/466 1055/1320/467
f  1055/1320/467 1116/1383/521 1115/1382/520
f  1117/1384/522 1116/1383/521 1113/1380/518
f  1113/1380/518 1118/1385/523 1117/1384/522
f  1114/1381/519 1067/1332/121 1119/1386/524
f  1120/1387/525 1115/1382/520 1116/1383/521
f  1116/1383/521 1117/1384/522 1120/1387/525
f  1118/1385/523 1113/1380/518 1114/1381/519
f  1114/1381/519 1119/1386/524 1118/1385/523
f  1121/1388/526 1111/1378/516 1112/1379/517
f  1112/1379/517 1122/1389/527 1121/1388/526
f  1123/1390/528 1110/1377/515 1111/1378/516
f  1111/1378/516 1121/1388/526 1123/1390/528
f  1122/1389/527 1112/1379/517 1115/1382/520
f  1115/1382/520 1120/1387/525 1122/1389/527
f  1067/1333/121 1110/1377/515 1123/1390/528
f  1067/1333/121 1123/1390/528 1124/1391/529
f  1125/1392/530 1117/1384/522 1118/1385/523
f  1118/1385/523 1126/1393/531 1125/1392/530
f  1119/1386/524 1067/1332/121 1127/1394/532
f  1128/1395/533 1120/1387/525 1117/1384/522
f  1117/1384/522 1125/1392/530 1128/1395/533
f  1126/1393/531 1118/1385/523 1119/1386/524
f  1119/1386/524 1127/1394/532 1126/1393/531
f  1129/1396/534 1121/1388/526 1122/1389/527
f  1122/1389/527 1130/1397/535 1129/1396/534
f  1124/1391/529 1123/1390/528 1121/1388/526
f  1121/1388/526 1129/1396/534 1124/1391/529
f  1130/1397/535 1122/1389/527 1120/1387/525
f  1120/1387/525 1128/1395/533 1130/1397/535
f  1131/1398/536 1129/1396/534 1130/1397/535
f  1130/1397/535 1132/1399/537 1131/1398/536
f  1133/1400/538 1124/1391/529 1129/1396/534
f  1129/1396/534 1131/1398/536 1133/1400/538
f  1132/1399/537 1130/1397/535 1128/1395/533
f  1128/1395/533 1134/1401/539 1132/1399/537
f  1067/1333/121 1124/1391/529 1133/1400/538
f  1135/1402/540 1125/1392/530 1126/1393/531
f  1126/1393/531 1136/1403/541 1135/1402/540
f  1127/1394/532 1067/1332/121 1137/1404/542
f  1134/1401/539 1128/1395/533 1125/1392/530
f  1125/1392/530 1135/1402/540 1134/1401/539
f  1136/1403/541 1126/1393/531 1127/1394/532
f  1127/1394/532 1137/1404/542 1136/1403/541
f  1109/1376/514 1134/1401/539 1135/1402/540
f  1135/1402/540 1077/1344/482 1109/1376/514
f  1074/1341/479 1136/1403/541 1137/1404/542
f  1137/1404/542 1069/1336/474 1074/1341/479
f  1073/1340/478 1131/1398/536 1132/1399/537
f  1132/1399/537 1070/1337/475 1073/1340/478
f  1079/1346/484 1133/1400/538 1131/1398/536
f  1131/1398/536 1073/1340/478 1079/1346/484
f  1070/1337/475 1132/1399/537 1134/1401/539
f  1134/1401/539 1109/1376/514 1070/1337/475
f  1067/1333/121 1133/1400/538 1079/1346/484
f  1077/1344/482 1135/1402/540 1136/1403/541
f  1136/1403/541 1074/1341/479 1077/1344/482
f  1137/1404/542 1067/1332/121 1069/1336/474
f  1138/1405/543 538/1406/127 545/1407/544
f  545/1407/544 1139/1408/545 1138/1405/543
f  1140/1409/546 532/1410/352 531/1411/122
f  531/1411/122 1141/1412/547 1140/1409/546
f  1142/1413/547 539/1414/122 538/1406/127
f  538/1406/127 1138/1405/543 1142/1413/547
f  1143/1415/548 533/1416/549 532/1410/352
f  532/1410/352 1140/1409/546 1143/1415/548
f  1144/1417/546 540/1418/352 539/1419/122
f  539/1419/122 1142/1420/547 1144/1417/546
f  1145/1421/550 534/1422/349 533/1416/549
f  533/1416/549 1143/1415/548 1145/1421/550
f  1146/1423/548 544/1424/549 540/1418/352
f  540/1418/352 1144/1417/546 1146/1423/548
f  1147/1425/551 535/1426/552 534/1422/349
f  534/1422/349 1145/1421/550 1147/1425/551
f  1148/1427/550 543/1428/349 544/1424/549
f  544/1424/549 1146/1423/548 1148/1427/550
f  1149/1429/553 536/1430/125 535/1431/552
f  535/1431/552 1147/1432/551 1149/1429/553
f  1150/1433/551 541/1434/552 543/1428/349
f  543/1428/349 1148/1427/550 1150/1433/551
f  1151/1435/545 537/1436/544 536/1430/125
f  536/1430/125 1149/1429/553 1151/1435/545
f  1152/1437/553 542/1438/125 541/1434/552
f  541/1434/552 1150/1433/551 1152/1437/553
f  1153/1439/543 530/1440/127 537/1436/544
f  537/1436/544 1151/1435/545 1153/1439/543
f  1139/1408/545 545/1407/544 542/1438/125
f  542/1438/125 1152/1437/553 1139/1408/545
f  1141/1412/547 531/1411/122 530/1440/127
f  530/1440/127 1153/1439/543 1141/1412/547
f  1138/1405/543 1061/1326/459 1066/1334/464
f  1066/1334/464 1142/1413/547 1138/1405/543
f  1142/1420/547 1066/1331/464 1064/1329/456
f  1064/1329/456 1144/1417/546 1142/1420/547
f  1144/1417/546 1064/1329/456 1063/1328/455
f  1063/1328/455 1146/1423/548 1144/1417/546
f  1146/1423/548 1063/1328/455 1054/1319/452
f  1054/1319/452 1148/1427/550 1146/1423/548
f  1148/1427/550 1054/1319/452 1053/1318/451
f  1053/1318/451 1150/1433/551 1148/1427/550
f  1150/1433/551 1053/1318/451 1058/1323/463
f  1058/1323/463 1152/1437/553 1150/1433/551
f  1152/1437/553 1058/1323/463 1057/1322/460
f  1057/1322/460 1139/1408/545 1152/1437/553
f  1139/1408/545 1057/1322/460 1061/1326/459
f  1061/1326/459 1138/1405/543 1139/1408/545
f  1153/1439/543 1045/1308/459 1050/1315/464
f  1050/1315/464 1141/1412/547 1153/1439/543
f  1141/1412/547 1050/1315/464 1042/1305/456
f  1042/1305/456 1140/1409/546 1141/1412/547
f  1140/1409/546 1042/1305/456 1041/1304/455
f  1041/1304/455 1143/1415/548 1140/1409/546
f  1143/1415/548 1041/1304/455 1038/1301/452
f  1038/1301/452 1145/1421/550 1143/1415/548
f  1145/1421/550 1038/1301/452 1037/1300/451
f  1037/1300/451 1147/1425/551 1145/1421/550
f  1147/1432/551 1037/1313/451 1049/1312/463
f  1049/1312/463 1149/1429/553 1147/1432/551
f  1149/1429/553 1049/1312/463 1046/1309/460
f  1046/1309/460 1151/1435/545 1149/1429/553
f  1151/1435/545 1046/1309/460 1045/1308/459
f  1045/1308/459 1153/1439/543 1151/1435/545
f  1154/1441/463 1155/1442/451 1156/1443/119
f  1156/1443/119 1157/1444/554 1154/1441/463
f  1158/1445/459 1159/1446/460 1160/1447/461
f  1160/1447/461 1161/1448/458 1158/1445/459
f  1162/1449/455 1163/1450/456 1164/1451/457
f  1164/1451/457 1165/1452/454 1162/1449/455
f  1155/1453/451 1166/1454/452 1167/1455/555
f  1167/1455/555 1156/1456/119 1155/1453/451
f  1159/1446/460 1154/1441/463 1157/1444/554
f  1157/1444/554 1160/1447/461 1159/1446/460
f  1168/1457/464 1158/1445/459 1161/1448/458
f  1161/1448/458 1169/1458/465 1168/1457/464
f  1163/1450/456 1168/1457/464 1169/1458/465
f  1169/1458/465 1164/1451/457 1163/1450/456
f  1166/1454/452 1162/1449/455 1165/1452/454
f  1165/1452/454 1167/1455/555 1166/1454/452
f  1170/1459/463 1171/1460/451 1172/1461/466
f  1172/1461/466 1173/1462/469 1170/1459/463
f  1174/1463/452 1175/1464/455 1176/1465/471
f  1176/1465/471 1177/1466/467 1174/1463/452
f  1175/1464/455 1178/1467/456 1179/1468/556
f  1179/1468/556 1176/1465/471 1175/1464/455
f  1171/1460/451 1174/1463/452 1177/1466/467
f  1177/1466/467 1172/1461/466 1171/1460/451
f  1180/1469/459 1181/1470/460 1182/1471/468
f  1182/1471/468 1183/1472/557 1180/1469/459
f  1181/1470/460 1170/1459/463 1173/1462/469
f  1173/1462/469 1182/1471/468 1181/1470/460
f  1184/1473/464 1180/1469/459 1183/1472/557
f  1183/1472/557 1185/1474/121 1184/1473/464
f  1178/1467/456 1184/1475/464 1185/1476/121
f  1185/1476/121 1179/1468/556 1178/1467/456
f  1186/1477/558 1156/1443/119 1185/1474/121
f  1185/1474/121 1187/1478/484 1186/1477/558
f  1188/1479/480 1189/1480/481 1190/1481/482
f  1190/1481/482 1191/1482/479 1188/1479/480
f  1192/1483/476 1193/1484/477 1194/1485/478
f  1194/1485/478 1195/1486/475 1192/1483/476
f  1196/1487/559 1188/1479/480 1191/1482/479
f  1191/1482/479 1197/1488/474 1196/1487/559
f  1167/1455/555 1198/1489/488 1156/1456/119
f  1169/1458/465 1161/1448/458 1199/1490/490
f  1199/1490/490 1200/1491/487 1169/1458/465
f  1160/1447/461 1157/1444/554 1201/1492/485
f  1201/1492/485 1202/1493/560 1160/1447/461
f  1156/1443/119 1201/1492/485 1157/1444/554
f  1164/1451/457 1169/1458/465 1200/1491/487
f  1200/1491/487 1203/1494/486 1164/1451/457
f  1165/1452/454 1164/1451/457 1203/1494/486
f  1203/1494/486 1204/1495/561 1165/1452/454
f  1161/1448/458 1160/1447/461 1202/1493/560
f  1202/1493/560 1199/1490/490 1161/1448/458
f  1167/1455/555 1165/1452/454 1204/1495/561
f  1204/1495/561 1198/1489/488 1167/1455/555
f  1202/1493/560 1201/1492/485 1205/1496/498
f  1205/1496/498 1206/1497/496 1202/1493/560
f  1156/1443/119 1205/1496/498 1201/1492/485
f  1203/1494/486 1200/1491/487 1207/1498/494
f  1207/1498/494 1208/1499/497 1203/1494/486
f  1204/1495/561 1203/1494/486 1208/1499/497
f  1208/1499/497 1209/1500/493 1204/1495/561
f  1199/1490/490 1202/1493/560 1206/1497/496
f  1206/1497/496 1210/1501/495 1199/1490/490
f  1198/1489/488 1204/1495/561 1209/1500/493
f  1209/1500/493 1211/1502/492 1198/1489/488
f  1198/1489/488 1211/1502/492 1156/1456/119
f  1200/1491/487 1199/1490/490 1210/1501/495
f  1210/1501/495 1207/1498/494 1200/1491/487
f  1207/1498/494 1210/1501/495 1212/1503/503
f  1212/1503/503 1213/1504/500 1207/1498/494
f  1206/1497/496 1205/1496/498 1214/1505/505
f  1214/1505/505 1215/1506/504 1206/1497/496
f  1156/1443/119 1214/1505/505 1205/1496/498
f  1208/1499/497 1207/1498/494 1213/1504/500
f  1213/1504/500 1216/1507/499 1208/1499/497
f  1209/1500/493 1208/1499/497 1216/1507/499
f  1216/1507/499 1217/1508/502 1209/1500/493
f  1210/1501/495 1206/1497/496 1215/1506/504
f  1215/1506/504 1212/1503/503 1210/1501/495
f  1211/1502/492 1209/1500/493 1217/1508/502
f  1217/1508/502 1218/1509/501 1211/1502/492
f  1211/1502/492 1218/1509/501 1156/1456/119
f  1212/1503/503 1215/1506/504 1219/1510/562
f  1219/1510/562 1220/1511/512 1212/1503/503
f  1218/1509/501 1217/1508/502 1221/1512/563
f  1221/1512/563 1222/1513/564 1218/1509/501
f  1218/1509/501 1222/1513/564 1156/1456/119
f  1213/1504/500 1212/1503/503 1220/1511/512
f  1220/1511/512 1223/1514/510 1213/1504/500
f  1215/1506/504 1214/1505/505 1224/1515/565
f  1224/1515/565 1219/1510/562 1215/1506/504
f  1156/1443/119 1224/1515/565 1214/1505/505
f  1216/1507/499 1213/1504/500 1223/1514/510
f  1223/1514/510 1225/1516/507 1216/1507/499
f  1217/1508/502 1216/1507/499 1225/1516/507
f  1225/1516/507 1221/1512/563 1217/1508/502
f  1225/1516/507 1223/1514/510 1226/1517/513
f  1226/1517/513 1189/1480/481 1225/1516/507
f  1221/1512/563 1225/1516/507 1189/1480/481
f  1189/1480/481 1188/1479/480 1221/1512/563
f  1220/1511/512 1219/1510/562 1193/1484/477
f  1193/1484/477 1192/1483/476 1220/1511/512
f  1222/1513/564 1221/1512/563 1188/1479/480
f  1188/1479/480 1196/1487/559 1222/1513/564
f  1222/1513/564 1196/1487/559 1156/1456/119
f  1223/1514/510 1220/1511/512 1192/1483/476
f  1192/1483/476 1226/1517/513 1223/1514/510
f  1219/1510/562 1224/1515/565 1186/1477/558
f  1186/1477/558 1193/1484/477 1219/1510/562
f  1156/1443/119 1186/1477/558 1224/1515/565
f  1196/1487/559 1197/1488/474 1185/1476/121
f  1185/1476/121 1156/1456/119 1196/1487/559
f  1187/1478/484 1194/1485/478 1193/1484/477
f  1193/1484/477 1186/1477/558 1187/1478/484
f  1227/1518/514 1190/1481/482 1189/1480/481
f  1189/1480/481 1226/1517/513 1227/1518/514
f  1195/1486/475 1227/1518/514 1226/1517/513
f  1226/1517/513 1192/1483/476 1195/1486/475
f  1185/1476/121 1228/1519/519 1179/1468/556
f  1177/1466/467 1176/1465/471 1229/1520/518
f  1229/1520/518 1230/1521/521 1177/1466/467
f  1176/1465/471 1179/1468/556 1228/1519/519
f  1228/1519/519 1229/1520/518 1176/1465/471
f  1183/1472/557 1182/1471/468 1231/1522/516
f  1231/1522/516 1232/1523/515 1183/1472/557
f  1172/1461/466 1177/1466/467 1230/1521/521
f  1230/1521/521 1233/1524/520 1172/1461/466
f  1182/1471/468 1173/1462/469 1234/1525/517
f  1234/1525/517 1231/1522/516 1182/1471/468
f  1183/1472/557 1232/1523/515 1185/1474/121
f  1173/1462/469 1172/1461/466 1233/1524/520
f  1233/1524/520 1234/1525/517 1173/1462/469
f  1231/1522/516 1234/1525/517 1235/1526/527
f  1235/1526/527 1236/1527/526 1231/1522/516
f  1232/1523/515 1237/1528/528 1185/1474/121
f  1234/1525/517 1233/1524/520 1238/1529/525
f  1238/1529/525 1235/1526/527 1234/1525/517
f  1232/1523/515 1231/1522/516 1236/1527/526
f  1236/1527/526 1237/1528/528 1232/1523/515
f  1230/1521/521 1229/1520/518 1239/1530/523
f  1239/1530/523 1240/1531/522 1230/1521/521
f  1229/1520/518 1228/1519/519 1241/1532/524
f  1241/1532/524 1239/1530/523 1229/1520/518
f  1233/1524/520 1230/1521/521 1240/1531/522
f  1240/1531/522 1238/1529/525 1233/1524/520
f  1185/1476/121 1241/1532/524 1228/1519/519
f  1185/1476/121 1242/1533/532 1241/1532/524
f  1236/1527/526 1235/1526/527 1243/1534/535
f  1243/1534/535 1244/1535/534 1236/1527/526
f  1237/1528/528 1245/1536/529 1185/1474/121
f  1235/1526/527 1238/1529/525 1246/1537/533
f  1246/1537/533 1243/1534/535 1235/1526/527
f  1237/1528/528 1236/1527/526 1244/1535/534
f  1244/1535/534 1245/1536/529 1237/1528/528
f  1240/1531/522 1239/1530/523 1247/1538/531
f  1247/1538/531 1248/1539/530 1240/1531/522
f  1239/1530/523 1241/1532/524 1242/1533/532
f  1242/1533/532 1247/1538/531 1239/1530/523
f  1238/1529/525 1240/1531/522 1248/1539/530
f  1248/1539/530 1246/1537/533 1238/1529/525
f  1248/1539/530 1247/1538/531 1249/1540/541
f  1249/1540/541 1250/1541/540 1248/1539/530
f  1247/1538/531 1242/1533/532 1251/1542/542
f  1251/1542/542 1249/1540/541 1247/1538/531
f  1246/1537/533 1248/1539/530 1250/1541/540
f  1250/1541/540 1252/1543/539 1246/1537/533
f  1185/1476/121 1251/1542/542 1242/1533/532
f  1244/1535/534 1243/1534/535 1253/1544/537
f  1253/1544/537 1254/1545/536 1244/1535/534
f  1245/1536/529 1255/1546/538 1185/1474/121
f  1243/1534/535 1246/1537/533 1252/1543/539
f  1252/1543/539 1253/1544/537 1243/1534/535
f  1245/1536/529 1244/1535/534 1254/1545/536
f  1254/1545/536 1255/1546/538 1245/1536/529
f  1253/1544/537 1252/1543/539 1227/1518/514
f  1227/1518/514 1195/1486/475 1253/1544/537
f  1255/1546/538 1254/1545/536 1194/1485/478
f  1194/1485/478 1187/1478/484 1255/1546/538
f  1250/1541/540 1249/1540/541 1191/1482/479
f  1191/1482/479 1190/1481/482 1250/1541/540
f  1249/1540/541 1251/1542/542 1197/1488/474
f  1197/1488/474 1191/1482/479 1249/1540/541
f  1252/1543/539 1250/1541/540 1190/1481/482
f  1190/1481/482 1227/1518/514 1252/1543/539
f  1185/1476/121 1197/1488/474 1251/1542/542
f  1254/1545/536 1253/1544/537 1195/1486/475
f  1195/1486/475 1194/1485/478 1254/1545/536
f  1255/1546/538 1187/1478/484 1185/1474/121
f  1035/1547/549 1028/1548/352 1256/1549/546
f  1256/1549/546 1257/1550/548 1035/1547/549
f  1021/1551/122 1022/1552/127 1258/1553/543
f  1258/1553/543 1259/1554/547 1021/1551/122
f  1028/1548/352 1029/1555/122 1260/1556/547
f  1260/1556/547 1256/1549/546 1028/1548/352
f  1022/1552/127 1023/1557/544 1261/1558/545
f  1261/1558/545 1258/1553/543 1022/1552/127
f  1029/1559/122 1030/1560/127 1262/1561/543
f  1262/1561/543 1260/1562/547 1029/1559/122
f  1023/1557/544 1024/1563/125 1263/1564/553
f  1263/1564/553 1261/1558/545 1023/1557/544
f  1030/1560/127 1034/1565/544 1264/1566/545
f  1264/1566/545 1262/1561/543 1030/1560/127
f  1024/1563/125 1025/1567/552 1265/1568/551
f  1265/1568/551 1263/1564/553 1024/1563/125
f  1034/1565/544 1033/1569/125 1266/1570/553
f  1266/1570/553 1264/1566/545 1034/1565/544
f  1025/1571/552 1026/1572/349 1267/1573/550
f  1267/1573/550 1265/1574/551 1025/1571/552
f  1033/1569/125 1031/1575/552 1268/1576/551
f  1268/1576/551 1266/1570/553 1033/1569/125
f  1026/1572/349 1027/1577/549 1269/1578/548
f  1269/1578/548 1267/1573/550 1026/1572/349
f  1031/1575/552 1032/1579/349 1270/1580/550
f  1270/1580/550 1268/1576/551 1031/1575/552
f  1027/1577/549 1020/1581/352 1271/1582/546
f  1271/1582/546 1269/1578/548 1027/1577/549
f  1032/1579/349 1035/1547/549 1257/1550/548
f  1257/1550/548 1270/1580/550 1032/1579/349
f  1020/1581/352 1021/1551/122 1259/1554/547
f  1259/1554/547 1271/1582/546 1020/1581/352
f  1184/1475/464 1178/1467/456 1256/1549/546
f  1256/1549/546 1260/1556/547 1184/1475/464
f  1180/1469/459 1184/1473/464 1260/1562/547
f  1260/1562/547 1262/1561/543 1180/1469/459
f  1181/1470/460 1180/1469/459 1262/1561/543
f  1262/1561/543 1264/1566/545 1181/1470/460
f  1170/1459/463 1181/1470/460 1264/1566/545
f  1264/1566/545 1266/1570/553 1170/1459/463
f  1171/1460/451 1170/1459/463 1266/1570/553
f  1266/1570/553 1268/1576/551 1171/1460/451
f  1174/1463/452 1171/1460/451 1268/1576/551
f  1268/1576/551 1270/1580/550 1174/1463/452
f  1175/1464/455 1174/1463/452 1270/1580/550
f  1270/1580/550 1257/1550/548 1175/1464/455
f  1178/1467/456 1175/1464/455 1257/1550/548
f  1257/1550/548 1256/1549/546 1178/1467/456
f  1168/1457/464 1163/1450/456 1271/1582/546
f  1271/1582/546 1259/1554/547 1168/1457/464
f  1158/1445/459 1168/1457/464 1259/1554/547
f  1259/1554/547 1258/1553/543 1158/1445/459
f  1159/1446/460 1158/1445/459 1258/1553/543
f  1258/1553/543 1261/1558/545 1159/1446/460
f  1154/1441/463 1159/1446/460 1261/1558/545
f  1261/1558/545 1263/1564/553 1154/1441/463
f  1155/1442/451 1154/1441/463 1263/1564/553
f  1263/1564/553 1265/1568/551 1155/1442/451
f  1166/1454/452 1155/1453/451 1265/1574/551
f  1265/1574/551 1267/1573/550 1166/1454/452
f  1162/1449/455 1166/1454/452 1267/1573/550
f  1267/1573/550 1269/1578/548 1162/1449/455
f  1163/1450/456 1162/1449/455 1269/1578/548
f  1269/1578/548 1271/1582/546 1163/1450/456
f  1272/1583/566 1273/1584/567 1274/1585/568
f  1274/1585/568 1275/1586/569 1272/1583/566
f  1276/1587/570 1277/1588/571 1273/1584/567
f  1273/1584/567 1272/1583/566 1276/1587/570
f  1278/1589/572 1279/1590/573 1277/1588/571
f  1277/1588/571 1276/1587/570 1278/1589/572
f  1280/1591/574 1281/1592/575 1279/1590/573
f  1279/1590/573 1278/1589/572 1280/1591/574
f  1282/1593/576 1283/1594/577 1284/1595/578
f  1285/1596/579 1286/1597/580 1282/1593/576
f  1282/1593/576 1284/1595/578 1285/1596/579
f  1275/1586/569 1274/1585/568 1286/1597/580
f  1286/1597/580 1285/1596/579 1275/1586/569
f  1287/1598/581 1285/1596/579 1284/1595/578
f  1284/1595/578 1288/1599/582 1287/1598/581
f  1289/1600/583 1275/1586/569 1285/1596/579
f  1285/1596/579 1287/1598/581 1289/1600/583
f  1290/1601/584 1272/1583/566 1275/1586/569
f  1275/1586/569 1289/1600/583 1290/1601/584
f  1291/1602/585 1276/1587/570 1272/1583/566
f  1272/1583/566 1290/1601/584 1291/1602/585
f  1292/1603/586 1278/1589/572 1276/1587/570
f  1276/1587/570 1291/1602/585 1292/1603/586
f  1293/1604/587 1280/1591/574 1278/1589/572
f  1278/1589/572 1292/1603/586 1293/1604/587
f  1284/1595/578 1283/1605/577 1288/1599/582
f  1294/1606/588 1292/1603/586 1291/1602/585
f  1291/1602/585 1295/1607/589 1294/1606/588
f  1296/1608/590 1293/1604/587 1292/1603/586
f  1292/1603/586 1294/1606/588 1296/1608/590
f  1288/1599/582 1283/1609/577 1297/1610/591
f  1298/1611/592 1287/1598/581 1288/1599/582
f  1288/1599/582 1297/1610/591 1298/1611/592
f  1299/1612/593 1289/1600/583 1287/1598/581
f  1287/1598/581 1298/1611/592 1299/1612/593
f  1300/1613/594 1290/1601/584 1289/1600/583
f  1289/1600/583 1299/1612/593 1300/1613/594
f  1295/1607/589 1291/1602/585 1290/1601/584
f  1290/1601/584 1300/1613/594 1295/1607/589
f  1301/1614/595 1299/1612/593 1298/1611/592
f  1298/1611/592 1302/1615/596 1301/1614/595
f  1303/1616/597 1300/1613/594 1299/1612/593
f  1299/1612/593 1301/1614/595 1303/1616/597
f  1304/1617/598 1295/1607/589 1300/1613/594
f  1300/1613/594 1303/1616/597 1304/1617/598
f  1305/1618/599 1294/1606/588 1295/1607/589
f  1295/1607/589 1304/1617/598 1305/1618/599
f  1306/1619/600 1296/1608/590 1294/1606/588
f  1294/1606/588 1305/1618/599 1306/1619/600
f  1297/1610/591 1283/1620/577 1307/1621/601
f  1302/1615/596 1298/1611/592 1297/1610/591
f  1297/1610/591 1307/1621/601 1302/1615/596
f  1308/1622/602 1306/1619/600 1305/1618/599
f  1305/1618/599 1309/1623/603 1308/1622/602
f  1307/1621/601 1283/1624/577 1310/1625/604
f  1311/1626/605 1302/1615/596 1307/1621/601
f  1307/1621/601 1310/1625/604 1311/1626/605
f  1312/1627/606 1301/1614/595 1302/1615/596
f  1302/1615/596 1311/1626/605 1312/1627/606
f  1313/1628/607 1303/1616/597 1301/1614/595
f  1301/1614/595 1312/1627/606 1313/1628/607
f  1314/1629/608 1304/1617/598 1303/1616/597
f  1303/1616/597 1313/1628/607 1314/1629/608
f  1309/1623/603 1305/1618/599 1304/1617/598
f  1304/1617/598 1314/1629/608 1309/1623/603
f  1315/1630/609 1313/1628/607 1312/1627/606
f  1312/1627/606 1316/1631/610 1315/1630/609
f  1317/1632/611 1314/1629/608 1313/1628/607
f  1313/1628/607 1315/1630/609 1317/1632/611
f  1318/1633/612 1309/1623/603 1314/1629/608
f  1314/1629/608 1317/1632/611 1318/1633/612
f  1319/1634/613 1308/1622/602 1309/1623/603
f  1309/1623/603 1318/1633/612 1319/1634/613
f  1310/1625/604 1283/1635/577 1320/1636/614
f  1321/1637/615 1311/1626/605 1310/1625/604
f  1310/1625/604 1320/1636/614 1321/1637/615
f  1316/1631/610 1312/1627/606 1311/1626/605
f  1311/1626/605 1321/1637/615 1316/1631/610
f  1320/1636/614 1283/1638/577 1322/1639/616
f  1323/1640/617 1321/1637/615 1320/1636/614
f  1320/1636/614 1322/1639/616 1323/1640/617
f  1324/1641/618 1316/1631/610 1321/1637/615
f  1321/1637/615 1323/1640/617 1324/1641/618
f  1325/1642/619 1315/1630/609 1316/1631/610
f  1316/1631/610 1324/1641/618 1325/1642/619
f  1326/1643/620 1317/1632/611 1315/1630/609
f  1315/1630/609 1325/1642/619 1326/1643/620
f  1327/1644/621 1318/1633/612 1317/1632/611
f  1317/1632/611 1326/1643/620 1327/1644/621
f  1328/1645/622 1319/1634/613 1318/1633/612
f  1318/1633/612 1327/1644/621 1328/1645/622
f  1329/1646/623 1325/1642/619 1324/1641/618
f  1324/1641/618 1330/1647/624 1329/1646/623
f  1331/1648/625 1326/1643/620 1325/1642/619
f  1325/1642/619 1329/1646/623 1331/1648/625
f  1332/1649/626 1327/1644/621 1326/1643/620
f  1326/1643/620 1331/1648/625 1332/1649/626
f  1333/1650/627 1328/1645/622 1327/1644/621
f  1327/1644/621 1332/1649/626 1333/1650/627
f  1322/1639/616 1283/1651/577 1334/1652/628
f  1335/1653/629 1323/1640/617 1322/1639/616
f  1322/1639/616 1334/1652/628 1335/1653/629
f  1330/1647/624 1324/1641/618 1323/1640/617
f  1323/1640/617 1335/1653/629 1330/1647/624
f  1334/1652/628 1283/1654/577 1336/1655/630
f  1337/1656/631 1335/1653/629 1334/1652/628
f  1334/1652/628 1336/1655/630 1337/1656/631
f  1338/1657/632 1330/1647/624 1335/1653/629
f  1335/1653/629 1337/1656/631 1338/1657/632
f  1339/1658/633 1329/1646/623 1330/1647/624
f  1330/1647/624 1338/1657/632 1339/1658/633
f  1340/1659/634 1331/1648/625 1329/1646/623
f  1329/1646/623 1339/1658/633 1340/1659/634
f  1341/1660/635 1332/1649/626 1331/1648/625
f  1331/1648/625 1340/1659/634 1341/1660/635
f  1342/1661/636 1333/1650/627 1332/1649/626
f  1332/1649/626 1341/1660/635 1342/1661/636
f  1343/1662/637 1340/1659/634 1339/1658/633
f  1339/1658/633 1344/1663/638 1343/1662/637
f  1345/1664/639 1341/1660/635 1340/1659/634
f  1340/1659/634 1343/1662/637 1345/1664/639
f  1346/1665/640 1342/1661/636 1341/1660/635
f  1341/1660/635 1345/1664/639 1346/1665/640
f  1336/1655/630 1283/1666/577 1347/1667/641
f  1348/1668/642 1337/1656/631 1336/1655/630
f  1336/1655/630 1347/1667/641 1348/1668/642
f  1349/1669/643 1338/1657/632 1337/1656/631
f  1337/1656/631 1348/1668/642 1349/1669/643
f  1344/1663/638 1339/1658/633 1338/1657/632
f  1338/1657/632 1349/1669/643 1344/1663/638
f  1347/1667/641 1283/1670/577 1350/1671/644
f  1351/1672/645 1348/1668/642 1347/1667/641
f  1347/1667/641 1350/1671/644 1351/1672/645
f  1352/1673/646 1349/1669/643 1348/1668/642
f  1348/1668/642 1351/1672/645 1352/1673/646
f  1353/1674/647 1344/1663/638 1349/1669/643
f  1349/1669/643 1352/1673/646 1353/1674/647
f  1354/1675/648 1343/1662/637 1344/1663/638
f  1344/1663/638 1353/1674/647 1354/1675/648
f  1355/1676/649 1345/1664/639 1343/1662/637
f  1343/1662/637 1354/1675/648 1355/1676/649
f  1356/1677/650 1346/1665/640 1345/1664/639
f  1345/1664/639 1355/1676/649 1356/1677/650
f  1357/1678/651 1354/1675/648 1353/1674/647
f  1353/1674/647 1358/1679/652 1357/1678/651
f  1359/1680/653 1355/1676/649 1354/1675/648
f  1354/1675/648 1357/1678/651 1359/1680/653
f  1360/1681/654 1356/1677/650 1355/1676/649
f  1355/1676/649 1359/1680/653 1360/1681/654
f  1350/1671/644 1283/1682/577 1361/1683/655
f  1362/1684/656 1351/1672/645 1350/1671/644
f  1350/1671/644 1361/1683/655 1362/1684/656
f  1363/1685/657 1352/1673/646 1351/1672/645
f  1351/1672/645 1362/1684/656 1363/1685/657
f  1358/1679/652 1353/1674/647 1352/1673/646
f  1352/1673/646 1363/1685/657 1358/1679/652
f  1364/1686/658 1362/1684/656 1361/1683/655
f  1361/1683/655 1365/1687/659 1364/1686/658
f  1366/1688/660 1363/1685/657 1362/1684/656
f  1362/1684/656 1364/1686/658 1366/1688/660
f  1367/1689/661 1358/1679/652 1363/1685/657
f  1363/1685/657 1366/1688/660 1367/1689/661
f  1368/1690/662 1357/1678/651 1358/1679/652
f  1358/1679/652 1367/1689/661 1368/1690/662
f  1369/1691/663 1359/1680/653 1357/1678/651
f  1357/1678/651 1368/1690/662 1369/1691/663
f  1370/1692/664 1360/1681/654 1359/1680/653
f  1359/1680/653 1369/1691/663 1370/1692/664
f  1361/1683/655 1283/1693/577 1365/1687/659
f  1371/1694/665 1369/1691/663 1368/1690/662
f  1368/1690/662 1372/1695/666 1371/1694/665
f  1373/1696/667 1370/1692/664 1369/1691/663
f  1369/1691/663 1371/1694/665 1373/1696/667
f  1365/1687/659 1283/1697/577 1374/1698/668
f  1375/1699/669 1364/1686/658 1365/1687/659
f  1365/1687/659 1374/1698/668 1375/1699/669
f  1376/1700/670 1366/1688/660 1364/1686/658
f  1364/1686/658 1375/1699/669 1376/1700/670
f  1377/1701/671 1367/1689/661 1366/1688/660
f  1366/1688/660 1376/1700/670 1377/1701/671
f  1372/1695/666 1368/1690/662 1367/1689/661
f  1367/1689/661 1377/1701/671 1372/1695/666
f  1378/1702/672 1376/1700/670 1375/1699/669
f  1375/1699/669 1379/1703/673 1378/1702/672
f  1380/1704/674 1377/1701/671 1376/1700/670
f  1376/1700/670 1378/1702/672 1380/1704/674
f  1381/1705/675 1372/1695/666 1377/1701/671
f  1377/1701/671 1380/1704/674 1381/1705/675
f  1382/1706/676 1371/1694/665 1372/1695/666
f  1372/1695/666 1381/1705/675 1382/1706/676
f  1383/1707/677 1373/1696/667 1371/1694/665
f  1371/1694/665 1382/1706/676 1383/1707/677
f  1374/1698/668 1283/1708/577 1384/1709/678
f  1379/1703/673 1375/1699/669 1374/1698/668
f  1374/1698/668 1384/1709/678 1379/1703/673
f  1385/1710/679 1383/1707/677 1382/1706/676
f  1382/1706/676 1386/1711/680 1385/1710/679
f  1384/1709/678 1283/1712/577 1387/1713/681
f  1388/1714/682 1379/1703/673 1384/1709/678
f  1384/1709/678 1387/1713/681 1388/1714/682
f  1389/1715/683 1378/1702/672 1379/1703/673
f  1379/1703/673 1388/1714/682 1389/1715/683
f  1390/1716/684 1380/1704/674 1378/1702/672
f  1378/1702/672 1389/1715/683 1390/1716/684
f  1391/1717/685 1381/1705/675 1380/1704/674
f  1380/1704/674 1390/1716/684 1391/1717/685
f  1386/1711/680 1382/1706/676 1381/1705/675
f  1381/1705/675 1391/1717/685 1386/1711/680
f  1392/1718/686 1389/1715/683 1388/1714/682
f  1388/1714/682 1393/1719/687 1392/1718/686
f  1394/1720/688 1390/1716/684 1389/1715/683
f  1389/1715/683 1392/1718/686 1394/1720/688
f  1395/1721/689 1391/1717/685 1390/1716/684
f  1390/1716/684 1394/1720/688 1395/1721/689
f  1396/1722/690 1386/1711/680 1391/1717/685
f  1391/1717/685 1395/1721/689 1396/1722/690
f  1397/1723/691 1385/1710/679 1386/1711/680
f  1386/1711/680 1396/1722/690 1397/1723/691
f  1387/1713/681 1283/1724/577 1398/1725/692
f  1393/1719/687 1388/1714/682 1387/1713/681
f  1387/1713/681 1398/1725/692 1393/1719/687
f  1399/1726/693 1397/1723/691 1396/1722/690
f  1396/1722/690 1400/1727/694 1399/1726/693
f  1398/1725/692 1283/1728/577 1401/1729/695
f  1402/1730/696 1393/1719/687 1398/1725/692
f  1398/1725/692 1401/1729/695 1402/1730/696
f  1403/1731/697 1392/1718/686 1393/1719/687
f  1393/1719/687 1402/1730/696 1403/1731/697
f  1404/1732/698 1394/1720/688 1392/1718/686
f  1392/1718/686 1403/1731/697 1404/1732/698
f  1405/1733/699 1395/1721/689 1394/1720/688
f  1394/1720/688 1404/1732/698 1405/1733/699
f  1400/1727/694 1396/1722/690 1395/1721/689
f  1395/1721/689 1405/1733/699 1400/1727/694
f  1406/1734/700 1404/1732/698 1403/1731/697
f  1403/1731/697 1407/1735/701 1406/1734/700
f  1408/1736/702 1405/1733/699 1404/1732/698
f  1404/1732/698 1406/1734/700 1408/1736/702
f  1409/1737/703 1400/1727/694 1405/1733/699
f  1405/1733/699 1408/1736/702 1409/1737/703
f  1410/1738/704 1399/1726/693 1400/1727/694
f  1400/1727/694 1409/1737/703 1410/1738/704
f  1401/1729/695 1283/1739/577 1411/1740/705
f  1412/1741/706 1402/1730/696 1401/1729/695
f  1401/1729/695 1411/1740/705 1412/1741/706
f  1407/1735/701 1403/1731/697 1402/1730/696
f  1402/1730/696 1412/1741/706 1407/1735/701
f  1411/1740/705 1283/1742/577 1413/1743/707
f  1414/1744/708 1412/1741/706 1411/1740/705
f  1411/1740/705 1413/1743/707 1414/1744/708
f  1415/1745/709 1407/1735/701 1412/1741/706
f  1412/1741/706 1414/1744/708 1415/1745/709
f  1416/1746/710 1406/1734/700 1407/1735/701
f  1407/1735/701 1415/1745/709 1416/1746/710
f  1417/1747/711 1408/1736/702 1406/1734/700
f  1406/1734/700 1416/1746/710 1417/1747/711
f  1418/1748/712 1409/1737/703 1408/1736/702
f  1408/1736/702 1417/1747/711 1418/1748/712
f  1419/1749/713 1410/1738/704 1409/1737/703
f  1409/1737/703 1418/1748/712 1419/1749/713
f  1420/1750/714 1416/1746/710 1415/1745/709
f  1415/1745/709 1421/1751/715 1420/1750/714
f  1422/1752/716 1417/1747/711 1416/1746/710
f  1416/1746/710 1420/1750/714 1422/1752/716
f  1423/1753/717 1418/1748/712 1417/1747/711
f  1417/1747/711 1422/1752/716 1423/1753/717
f  1424/1754/718 1419/1749/713 1418/1748/712
f  1418/1748/712 1423/1753/717 1424/1754/718
f  1413/1743/707 1283/1755/577 1425/1756/719
f  1426/1757/720 1414/1744/708 1413/1743/707
f  1413/1743/707 1425/1756/719 1426/1757/720
f  1421/1751/715 1415/1745/709 1414/1744/708
f  1414/1744/708 1426/1757/720 1421/1751/715
f  1425/1756/719 1283/1758/577 1427/1759/721
f  1428/1760/722 1426/1757/720 1425/1756/719
f  1425/1756/719 1427/1759/721 1428/1760/722
f  1429/1761/723 1421/1751/715 1426/1757/720
f  1426/1757/720 1428/1760/722 1429/1761/723
f  1430/1762/724 1420/1750/714 1421/1751/715
f  1421/1751/715 1429/1761/723 1430/1762/724
f  1431/1763/725 1422/1752/716 1420/1750/714
f  1420/1750/714 1430/1762/724 1431/1763/725
f  1432/1764/726 1423/1753/717 1422/1752/716
f  1422/1752/716 1431/1763/725 1432/1764/726
f  1433/1765/727 1424/1754/718 1423/1753/717
f  1423/1753/717 1432/1764/726 1433/1765/727
f  1434/1766/728 1431/1763/725 1430/1762/724
f  1430/1762/724 1435/1767/729 1434/1766/728
f  1436/1768/730 1432/1764/726 1431/1763/725
f  1431/1763/725 1434/1766/728 1436/1768/730
f  1437/1769/731 1433/1765/727 1432/1764/726
f  1432/1764/726 1436/1768/730 1437/1769/731
f  1427/1759/721 1283/1770/577 1438/1771/732
f  1439/1772/733 1428/1760/722 1427/1759/721
f  1427/1759/721 1438/1771/732 1439/1772/733
f  1440/1773/734 1429/1761/723 1428/1760/722
f  1428/1760/722 1439/1772/733 1440/1773/734
f  1435/1767/729 1430/1762/724 1429/1761/723
f  1429/1761/723 1440/1773/734 1435/1767/729
f  1441/1774/735 1439/1772/733 1438/1771/732
f  1438/1771/732 1442/1775/736 1441/1774/735
f  1443/1776/737 1440/1773/734 1439/1772/733
f  1439/1772/733 1441/1774/735 1443/1776/737
f  1444/1777/738 1435/1767/729 1440/1773/734
f  1440/1773/734 1443/1776/737 1444/1777/738
f  1445/1778/739 1434/1766/728 1435/1767/729
f  1435/1767/729 1444/1777/738 1445/1778/739
f  1446/1779/740 1436/1768/730 1434/1766/728
f  1434/1766/728 1445/1778/739 1446/1779/740
f  1447/1780/741 1437/1769/731 1436/1768/730
f  1436/1768/730 1446/1779/740 1447/1780/741
f  1438/1771/732 1283/1781/577 1442/1775/736
f  1448/1782/742 1446/1783/740 1445/1784/739
f  1445/1784/739 1449/1785/743 1448/1782/742
f  1450/1786/744 1447/1787/741 1446/1783/740
f  1446/1783/740 1448/1782/742 1450/1786/744
f  1442/1788/736 1283/1789/577 1451/1790/745
f  1452/1791/746 1441/1792/735 1442/1788/736
f  1442/1788/736 1451/1790/745 1452/1791/746
f  1453/1793/747 1443/1794/737 1441/1792/735
f  1441/1792/735 1452/1791/746 1453/1793/747
f  1454/1795/748 1444/1796/738 1443/1794/737
f  1443/1794/737 1453/1793/747 1454/1795/748
f  1449/1785/743 1445/1784/739 1444/1796/738
f  1444/1796/738 1454/1795/748 1449/1785/743
f  1455/1797/749 1452/1791/746 1451/1790/745
f  1451/1790/745 1456/1798/750 1455/1797/749
f  1457/1799/751 1453/1793/747 1452/1791/746
f  1452/1791/746 1455/1797/749 1457/1799/751
f  1458/1800/752 1454/1795/748 1453/1793/747
f  1453/1793/747 1457/1799/751 1458/1800/752
f  1459/1801/753 1449/1785/743 1454/1795/748
f  1454/1795/748 1458/1800/752 1459/1801/753
f  1460/1802/754 1448/1782/742 1449/1785/743
f  1449/1785/743 1459/1801/753 1460/1802/754
f  1461/1803/755 1450/1786/744 1448/1782/742
f  1448/1782/742 1460/1802/754 1461/1803/755
f  1451/1790/745 1283/1804/577 1456/1798/750
f  1462/1805/756 1460/1802/754 1459/1801/753
f  1459/1801/753 1463/1806/757 1462/1805/756
f  1464/1807/758 1461/1803/755 1460/1802/754
f  1460/1802/754 1462/1805/756 1464/1807/758
f  1456/1798/750 1283/1808/577 1465/1809/759
f  1466/1810/760 1455/1797/749 1456/1798/750
f  1456/1798/750 1465/1809/759 1466/1810/760
f  1467/1811/761 1457/1799/751 1455/1797/749
f  1455/1797/749 1466/1810/760 1467/1811/761
f  1468/1812/762 1458/1800/752 1457/1799/751
f  1457/1799/751 1467/1811/761 1468/1812/762
f  1463/1806/757 1459/1801/753 1458/1800/752
f  1458/1800/752 1468/1812/762 1463/1806/757
f  1469/1813/763 1467/1811/761 1466/1810/760
f  1466/1810/760 1470/1814/764 1469/1813/763
f  1471/1815/765 1468/1812/762 1467/1811/761
f  1467/1811/761 1469/1813/763 1471/1815/765
f  1472/1816/766 1463/1806/757 1468/1812/762
f  1468/1812/762 1471/1815/765 1472/1816/766
f  1473/1817/767 1462/1805/756 1463/1806/757
f  1463/1806/757 1472/1816/766 1473/1817/767
f  1474/1818/768 1464/1807/758 1462/1805/756
f  1462/1805/756 1473/1817/767 1474/1818/768
f  1465/1809/759 1283/1819/577 1475/1820/769
f  1470/1814/764 1466/1810/760 1465/1809/759
f  1465/1809/759 1475/1820/769 1470/1814/764
f  1476/1821/770 1474/1818/768 1473/1817/767
f  1473/1817/767 1477/1822/771 1476/1821/770
f  1475/1820/769 1283/1823/577 1478/1824/772
f  1479/1825/773 1470/1814/764 1475/1820/769
f  1475/1820/769 1478/1824/772 1479/1825/773
f  1480/1826/774 1469/1813/763 1470/1814/764
f  1470/1814/764 1479/1825/773 1480/1826/774
f  1481/1827/775 1471/1815/765 1469/1813/763
f  1469/1813/763 1480/1826/774 1481/1827/775
f  1482/1828/776 1472/1816/766 1471/1815/765
f  1471/1815/765 1481/1827/775 1482/1828/776
f  1477/1822/771 1473/1817/767 1472/1816/766
f  1472/1816/766 1482/1828/776 1477/1822/771
f  1483/1829/777 1480/1826/774 1479/1825/773
f  1479/1825/773 1484/1830/778 1483/1829/777
f  1485/1831/779 1481/1827/775 1480/1826/774
f  1480/1826/774 1483/1829/777 1485/1831/779
f  1486/1832/780 1482/1828/776 1481/1827/775
f  1481/1827/775 1485/1831/779 1486/1832/780
f  1487/1833/781 1477/1822/771 1482/1828/776
f  1482/1828/776 1486/1832/780 1487/1833/781
f  1488/1834/782 1476/1821/770 1477/1822/771
f  1477/1822/771 1487/1833/781 1488/1834/782
f  1478/1824/772 1283/1835/577 1489/1836/783
f  1484/1830/778 1479/1825/773 1478/1824/772
f  1478/1824/772 1489/1836/783 1484/1830/778
f  1490/1837/784 1488/1834/782 1487/1833/781
f  1487/1833/781 1491/1838/785 1490/1837/784
f  1489/1836/783 1283/1839/577 1492/1840/786
f  1493/1841/787 1484/1830/778 1489/1836/783
f  1489/1836/783 1492/1840/786 1493/1841/787
f  1494/1842/788 1483/1829/777 1484/1830/778
f  1484/1830/778 1493/1841/787 1494/1842/788
f  1495/1843/789 1485/1831/779 1483/1829/777
f  1483/1829/777 1494/1842/788 1495/1843/789
f  1496/1844/790 1486/1832/780 1485/1831/779
f  1485/1831/779 1495/1843/789 1496/1844/790
f  1491/1838/785 1487/1833/781 1486/1832/780
f  1486/1832/780 1496/1844/790 1491/1838/785
f  1273/1584/567 1495/1843/789 1494/1842/788
f  1494/1842/788 1274/1585/568 1273/1584/567
f  1277/1588/571 1496/1844/790 1495/1843/789
f  1495/1843/789 1273/1584/567 1277/1588/571
f  1279/1590/573 1491/1838/785 1496/1844/790
f  1496/1844/790 1277/1588/571 1279/1590/573
f  1281/1592/575 1490/1837/784 1491/1838/785
f  1491/1838/785 1279/1590/573 1281/1592/575
f  1492/1840/786 1283/1845/577 1282/1593/576
f  1286/1597/580 1493/1841/787 1492/1840/786
f  1492/1840/786 1282/1593/576 1286/1597/580
f  1274/1585/568 1494/1842/788 1493/1841/787
f  1493/1841/787 1286/1597/580 1274/1585/568

# Mesh 'ghost_sheild_low_ghost_sheild_low_1002' with 3240 faces
g ghost_sheild_low_ghost_sheild_low_1002
usemtl 1002
f  1497/1846/791 1498/1847/792 1499/1848/793
f  1499/1848/793 1500/1849/794 1497/1846/791
f  1497/1846/791 1500/1849/794 1501/1850/795
f  1501/1850/795 1502/1851/796 1497/1846/791
f  1503/1852/797 1502/1851/796 1501/1850/795
f  1501/1850/795 1504/1853/798 1503/1852/797
f  1505/1854/799 1506/1855/800 1503/1852/797
f  1503/1852/797 1504/1853/798 1505/1854/799
f  1505/1854/799 1507/1856/801 1508/1857/802
f  1508/1857/802 1506/1855/800 1505/1854/799
f  1497/1846/791 1509/1858/803 1510/1859/804
f  1510/1859/804 1498/1847/792 1497/1846/791
f  1511/1860/805 1509/1858/803 1497/1846/791
f  1497/1846/791 1512/1861/806 1511/1860/805
f  1502/1851/796 1513/1862/807 1512/1861/806
f  1512/1861/806 1497/1846/791 1502/1851/796
f  1503/1852/797 1514/1863/808 1513/1862/807
f  1513/1862/807 1502/1851/796 1503/1852/797
f  1503/1852/797 1506/1855/800 1515/1864/809
f  1515/1864/809 1514/1863/808 1503/1852/797
f  1506/1855/800 1508/1857/802 1516/1865/810
f  1516/1865/810 1515/1864/809 1506/1855/800
f  1511/1860/805 1512/1861/806 1517/1866/811
f  1517/1866/811 1518/1867/812 1511/1860/805
f  1513/1862/807 1519/1868/813 1517/1866/811
f  1517/1866/811 1512/1861/806 1513/1862/807
f  1510/1859/804 1520/1869/814 1521/1870/815
f  1521/1870/815 1498/1847/792 1510/1859/804
f  1520/1869/814 1522/1871/816 1523/1872/817
f  1523/1872/817 1521/1870/815 1520/1869/814
f  1522/1871/816 1524/1873/818 1525/1874/819
f  1525/1874/819 1523/1872/817 1522/1871/816
f  1524/1873/818 1526/1875/820 1527/1876/821
f  1527/1876/821 1525/1874/819 1524/1873/818
f  1526/1875/820 1528/1877/822 1529/1878/823
f  1529/1878/823 1527/1876/821 1526/1875/820
f  1528/1877/822 1530/1879/824 1531/1880/825
f  1531/1880/825 1529/1878/823 1528/1877/822
f  1530/1879/824 1532/1881/826 1533/1882/827
f  1533/1882/827 1531/1880/825 1530/1879/824
f  1532/1881/826 1534/1883/828 1535/1884/829
f  1535/1884/829 1533/1882/827 1532/1881/826
f  1534/1883/828 1536/1885/830 1537/1886/831
f  1537/1886/831 1535/1884/829 1534/1883/828
f  1499/1848/793 1498/1847/792 1521/1870/815
f  1521/1870/815 1538/1887/832 1499/1848/793
f  1539/1888/833 1540/1889/834 1538/1887/832
f  1538/1887/832 1521/1870/815 1539/1888/833
f  1536/1885/830 1541/1890/835 1542/1891/836
f  1542/1891/836 1537/1886/831 1536/1885/830
f  1542/1891/836 1541/1890/835 1543/1892/837
f  1543/1892/837 1544/1893/838 1542/1891/836
f  1544/1893/838 1543/1892/837 1545/1894/839
f  1545/1894/839 1546/1895/840 1544/1893/838
f  1546/1895/840 1545/1894/839 1547/1896/841
f  1547/1896/841 1548/1897/842 1546/1895/840
f  1548/1897/842 1547/1896/841 1549/1898/843
f  1549/1898/843 1550/1899/844 1548/1897/842
f  1551/1900/845 1552/1901/846 1553/1902/847
f  1553/1902/847 1554/1903/848 1551/1900/845
f  1554/1903/848 1553/1902/847 1518/1867/812
f  1518/1867/812 1517/1866/811 1554/1903/848
f  1521/1870/815 1523/1872/817 1555/1904/849
f  1555/1904/849 1539/1888/833 1521/1870/815
f  1523/1872/817 1525/1874/819 1556/1905/850
f  1556/1905/850 1555/1904/849 1523/1872/817
f  1525/1874/819 1527/1876/821 1557/1906/851
f  1557/1906/851 1556/1905/850 1525/1874/819
f  1527/1876/821 1529/1878/823 1558/1907/852
f  1558/1907/852 1557/1906/851 1527/1876/821
f  1529/1878/823 1531/1880/825 1559/1908/853
f  1559/1908/853 1558/1907/852 1529/1878/823
f  1531/1880/825 1533/1882/827 1560/1909/854
f  1560/1909/854 1559/1908/853 1531/1880/825
f  1533/1882/827 1535/1884/829 1561/1910/855
f  1561/1910/855 1560/1909/854 1533/1882/827
f  1540/1889/834 1539/1888/833 1562/1911/856
f  1562/1911/856 1563/1912/857 1540/1889/834
f  1562/1911/856 1539/1888/833 1555/1904/849
f  1555/1904/849 1556/1905/850 1562/1911/856
f  1537/1886/831 41/1913/41 53/1914/53
f  53/1914/53 1535/1884/829 1537/1886/831
f  48/1915/48 1561/1910/855 1535/1884/829
f  1535/1884/829 53/1914/53 48/1915/48
f  48/1915/48 47/1916/47 1560/1909/854
f  1560/1909/854 1561/1910/855 48/1915/48
f  1560/1909/854 47/1916/47 55/1917/55
f  55/1917/55 1564/1918/858 1560/1909/854
f  1564/1918/858 55/1917/55 61/1919/61
f  61/1919/61 1565/1920/859 1564/1918/858
f  1565/1920/859 61/1919/61 71/1921/71
f  71/1921/71 1566/1922/860 1565/1920/859
f  1566/1922/860 71/1921/71 1567/1923/861
f  1567/1923/861 1568/1924/862 1566/1922/860
f  1568/1924/862 1567/1923/861 1569/1925/863
f  1569/1925/863 1570/1926/864 1568/1924/862
f  1559/1908/853 1560/1909/854 1564/1918/858
f  1564/1918/858 1571/1927/865 1559/1908/853
f  1571/1927/865 1564/1918/858 1565/1920/859
f  1565/1920/859 1572/1928/866 1571/1927/865
f  1572/1928/866 1565/1920/859 1566/1922/860
f  1566/1922/860 1573/1929/867 1572/1928/866
f  1573/1929/867 1566/1922/860 1568/1924/862
f  1568/1924/862 1574/1930/868 1573/1929/867
f  1574/1930/868 1568/1924/862 1570/1926/864
f  1570/1926/864 112/1931/112 1574/1930/868
f  1558/1907/852 1559/1908/853 1571/1927/865
f  1571/1927/865 1575/1932/869 1558/1907/852
f  1575/1932/869 1571/1927/865 1572/1928/866
f  1572/1928/866 1576/1933/870 1575/1932/869
f  1576/1933/870 1572/1928/866 1573/1929/867
f  1573/1929/867 1577/1934/871 1576/1933/870
f  1577/1934/871 1573/1929/867 1574/1930/868
f  1574/1930/868 1578/1935/872 1577/1934/871
f  1578/1935/872 1574/1930/868 112/1931/112
f  112/1931/112 111/1936/111 1578/1935/872
f  1557/1906/851 1558/1907/852 1575/1932/869
f  1575/1932/869 1579/1937/873 1557/1906/851
f  1579/1937/873 1575/1932/869 1576/1933/870
f  1576/1933/870 1580/1938/874 1579/1937/873
f  1580/1938/874 1576/1933/870 1577/1934/871
f  1577/1934/871 1581/1939/875 1580/1938/874
f  1581/1939/875 1577/1934/871 1578/1935/872
f  1578/1935/872 1582/1940/876 1581/1939/875
f  1582/1940/876 1578/1935/872 111/1936/111
f  111/1936/111 108/1941/108 1582/1940/876
f  1556/1905/850 1557/1906/851 1579/1937/873
f  1579/1937/873 1583/1942/877 1556/1905/850
f  1583/1942/877 1579/1937/873 1580/1938/874
f  1580/1938/874 1584/1943/878 1583/1942/877
f  1584/1943/878 1580/1938/874 1581/1939/875
f  1581/1939/875 1585/1944/879 1584/1943/878
f  1585/1944/879 1581/1939/875 1582/1940/876
f  1582/1940/876 1586/1945/880 1585/1944/879
f  1586/1945/880 1582/1940/876 108/1941/108
f  108/1941/108 107/1946/107 1586/1945/880
f  1562/1911/856 1556/1905/850 1583/1942/877
f  1583/1942/877 1587/1947/881 1562/1911/856
f  1587/1947/881 1583/1942/877 1584/1943/878
f  1584/1943/878 1588/1948/882 1587/1947/881
f  1588/1948/882 1584/1943/878 1585/1944/879
f  1585/1944/879 1589/1949/883 1588/1948/882
f  1589/1949/883 1585/1944/879 1586/1945/880
f  1586/1945/880 1590/1950/884 1589/1949/883
f  1590/1950/884 1586/1945/880 107/1946/107
f  107/1946/107 104/1951/104 1590/1950/884
f  1563/1912/857 1562/1911/856 1587/1947/881
f  1587/1947/881 1591/1952/885 1563/1912/857
f  1591/1952/885 1587/1947/881 1588/1948/882
f  1588/1948/882 1592/1953/886 1591/1952/885
f  1592/1953/886 1588/1948/882 1589/1949/883
f  1589/1949/883 1593/1954/887 1592/1953/886
f  1593/1954/887 1589/1949/883 1590/1950/884
f  1590/1950/884 1594/1955/888 1593/1954/887
f  1594/1955/888 1590/1950/884 104/1951/104
f  104/1951/104 103/1956/103 1594/1955/888
f  1595/1957/889 1596/1958/890 1597/1959/891
f  1597/1959/891 1598/1960/892 1595/1957/889
f  1598/1960/892 1597/1959/891 1599/1961/893
f  1599/1961/893 1600/1962/894 1598/1960/892
f  1600/1962/894 1599/1961/893 1601/1963/895
f  1601/1963/895 1602/1964/896 1600/1962/894
f  1602/1964/896 1601/1963/895 1603/1965/897
f  1603/1965/897 1604/1966/898 1602/1964/896
f  1605/1967/899 1606/1968/900 1607/1969/901
f  1607/1969/901 1608/1970/902 1605/1967/899
f  1596/1958/890 1609/1971/903 1610/1972/904
f  1610/1972/904 1597/1959/891 1596/1958/890
f  1597/1959/891 1610/1972/904 1611/1973/905
f  1611/1973/905 1599/1961/893 1597/1959/891
f  1599/1961/893 1611/1973/905 1612/1974/906
f  1612/1974/906 1601/1963/895 1599/1961/893
f  1601/1963/895 1612/1974/906 1613/1975/907
f  1613/1975/907 1603/1965/897 1601/1963/895
f  1606/1968/900 1614/1976/908 1615/1977/909
f  1615/1977/909 1607/1969/901 1606/1968/900
f  1609/1971/903 1542/1891/836 1544/1893/838
f  1544/1893/838 1610/1972/904 1609/1971/903
f  1610/1972/904 1544/1893/838 1546/1895/840
f  1546/1895/840 1611/1973/905 1610/1972/904
f  1611/1973/905 1546/1895/840 1548/1897/842
f  1548/1897/842 1612/1974/906 1611/1973/905
f  1612/1974/906 1548/1897/842 1550/1899/844
f  1550/1899/844 1613/1975/907 1612/1974/906
f  1614/1976/908 1551/1900/845 1554/1903/848
f  1554/1903/848 1615/1977/909 1614/1976/908
f  1517/1866/811 1519/1868/813 1615/1977/909
f  1615/1977/909 1554/1903/848 1517/1866/811
f  1513/1862/807 1514/1863/808 1616/1978/910
f  1616/1978/910 1519/1868/813 1513/1862/807
f  1617/1979/911 1607/1969/901 1615/1977/909
f  1615/1977/909 1519/1868/813 1617/1979/911
f  1613/1975/907 1550/1899/844 1551/1900/845
f  1551/1900/845 1614/1976/908 1613/1975/907
f  1603/1965/897 1613/1975/907 1614/1976/908
f  1614/1976/908 1606/1968/900 1603/1965/897
f  1604/1966/898 1603/1965/897 1606/1968/900
f  1606/1968/900 1605/1967/899 1604/1966/898
f  1550/1899/844 1549/1898/843 1552/1901/846
f  1552/1901/846 1551/1900/845 1550/1899/844
f  1511/1860/805 1518/1867/812 1553/1902/847
f  1553/1902/847 1618/1980/912 1511/1860/805
f  1618/1980/912 1553/1902/847 1552/1901/846
f  1552/1901/846 1619/1981/913 1618/1980/912
f  1619/1981/913 1552/1901/846 1549/1898/843
f  1549/1898/843 1620/1982/914 1619/1981/913
f  1620/1982/914 1549/1898/843 1547/1896/841
f  1547/1896/841 1621/1983/915 1620/1982/914
f  1621/1983/915 1547/1896/841 1545/1894/839
f  1545/1894/839 1622/1984/916 1621/1983/915
f  1622/1984/916 1545/1894/839 1543/1892/837
f  1543/1892/837 1541/1890/835 1622/1984/916
f  1509/1858/803 1511/1860/805 1618/1980/912
f  1618/1980/912 1623/1985/917 1509/1858/803
f  1623/1985/917 1618/1980/912 1619/1981/913
f  1619/1981/913 1624/1986/918 1623/1985/917
f  1624/1986/918 1619/1981/913 1620/1982/914
f  1620/1982/914 1625/1987/919 1624/1986/918
f  1625/1987/919 1620/1982/914 1621/1983/915
f  1621/1983/915 1626/1988/920 1625/1987/919
f  1626/1988/920 1621/1983/915 1622/1984/916
f  1622/1984/916 1627/1989/921 1626/1988/920
f  1627/1989/921 1622/1984/916 1541/1890/835
f  1541/1890/835 1536/1885/830 1627/1989/921
f  1510/1859/804 1509/1858/803 1623/1985/917
f  1623/1985/917 1628/1990/922 1510/1859/804
f  1628/1990/922 1623/1985/917 1624/1986/918
f  1624/1986/918 1629/1991/923 1628/1990/922
f  1629/1991/923 1624/1986/918 1625/1987/919
f  1625/1987/919 1630/1992/924 1629/1991/923
f  1630/1992/924 1625/1987/919 1626/1988/920
f  1626/1988/920 1631/1993/925 1630/1992/924
f  1631/1993/925 1626/1988/920 1627/1989/921
f  1627/1989/921 1632/1994/926 1631/1993/925
f  1632/1994/926 1627/1989/921 1536/1885/830
f  1536/1885/830 1534/1883/828 1632/1994/926
f  1520/1869/814 1510/1859/804 1628/1990/922
f  1628/1990/922 1522/1871/816 1520/1869/814
f  1522/1871/816 1628/1990/922 1629/1991/923
f  1629/1991/923 1524/1873/818 1522/1871/816
f  1524/1873/818 1629/1991/923 1630/1992/924
f  1630/1992/924 1526/1875/820 1524/1873/818
f  1526/1875/820 1630/1992/924 1631/1993/925
f  1631/1993/925 1528/1877/822 1526/1875/820
f  1528/1877/822 1631/1993/925 1632/1994/926
f  1632/1994/926 1530/1879/824 1528/1877/822
f  1530/1879/824 1632/1994/926 1534/1883/828
f  1534/1883/828 1532/1881/826 1530/1879/824
f  1633/1995/927 1608/1970/902 1607/1969/901
f  1607/1969/901 1617/1979/911 1633/1995/927
f  1514/1863/808 1515/1864/809 1634/1996/928
f  1634/1996/928 1616/1978/910 1514/1863/808
f  1609/1971/903 1596/1958/890 27/1997/27
f  27/1997/27 37/1998/37 1609/1971/903
f  1537/1886/831 1542/1891/836 42/1999/42
f  42/1999/42 41/1913/41 1537/1886/831
f  1542/1891/836 1609/1971/903 37/1998/37
f  37/1998/37 42/1999/42 1542/1891/836
f  1595/1957/889 28/2000/28 27/1997/27
f  27/1997/27 1596/1958/890 1595/1957/889
f  1516/1865/810 1635/2001/929 1634/1996/928
f  1634/1996/928 1515/1864/809 1516/1865/810
f  1636/2002/930 1637/2003/931 1638/2004/932
f  1638/2004/932 1639/2005/933 1636/2002/930
f  1635/2001/929 1638/2004/932 1640/2006/934
f  1640/2006/934 1634/1996/928 1635/2001/929
f  1641/2007/935 1616/1978/910 1634/1996/928
f  1634/1996/928 1640/2006/934 1641/2007/935
f  1641/2007/935 1617/1979/911 1519/1868/813
f  1519/1868/813 1616/1978/910 1641/2007/935
f  1642/2008/936 1633/1995/927 1617/1979/911
f  1617/1979/911 1641/2007/935 1642/2008/936
f  1642/2008/936 1643/2009/937 1608/1970/902
f  1608/1970/902 1633/1995/927 1642/2008/936
f  1640/2006/934 1644/2010/938 1642/2008/936
f  1642/2008/936 1641/2007/935 1640/2006/934
f  1645/2011/939 1643/2009/937 1642/2008/936
f  1642/2008/936 1644/2010/938 1645/2011/939
f  1646/2012/940 1639/2005/933 1638/2004/932
f  1638/2004/932 1635/2001/929 1646/2012/940
f  1637/2003/931 1644/2010/938 1640/2006/934
f  1640/2006/934 1638/2004/932 1637/2003/931
f  1647/2013/941 1646/2012/940 1635/2001/929
f  1635/2001/929 1516/1865/810 1647/2013/941
f  1508/1857/802 1648/2014/942 1647/2013/941
f  1647/2013/941 1516/1865/810 1508/1857/802
f  1507/1856/801 1649/2015/943 1648/2014/942
f  1648/2014/942 1508/1857/802 1507/1856/801
f  1650/2016/944 1651/2017/945 1652/2018/946
f  1652/2018/946 1653/2019/947 1650/2016/944
f  1654/2020/948 1650/2016/944 1653/2019/947
f  1653/2019/947 1655/2021/949 1654/2020/948
f  1656/2022/950 1654/2020/948 1655/2021/949
f  1655/2021/949 1657/2023/951 1656/2022/950
f  1636/2002/930 1656/2022/950 1657/2023/951
f  1657/2023/951 1637/2003/931 1636/2002/930
f  1658/2024/952 1645/2011/939 1657/2023/951
f  1657/2023/951 1659/2025/953 1658/2024/952
f  1644/2010/938 1637/2003/931 1657/2023/951
f  1657/2023/951 1645/2011/939 1644/2010/938
f  1604/1966/898 1660/2026/954 1661/2027/955
f  1661/2027/955 1602/1964/896 1604/1966/898
f  1662/2028/956 1600/1962/894 1602/1964/896
f  1602/1964/896 1661/2027/955 1662/2028/956
f  1598/1960/892 1600/1962/894 1662/2028/956
f  1662/2028/956 1663/2029/957 1598/1960/892
f  1660/2026/954 79/2030/79 68/2031/68
f  68/2031/68 1661/2027/955 1660/2026/954
f  68/2031/68 67/2032/67 1662/2028/956
f  1662/2028/956 1661/2027/955 68/2031/68
f  67/2032/67 92/2033/92 1663/2029/957
f  1663/2029/957 1662/2028/956 67/2032/67
f  1664/2034/958 1595/1957/889 1598/1960/892
f  1598/1960/892 1663/2029/957 1664/2034/958
f  91/2035/91 28/2000/28 1595/1957/889
f  1595/1957/889 1664/2034/958 91/2035/91
f  1663/2029/957 92/2033/92 91/2035/91
f  91/2035/91 1664/2034/958 1663/2029/957
f  1605/1967/899 1665/2036/959 1604/1966/898
f  83/2037/83 79/2030/79 1660/2026/954
f  1660/2026/954 1666/2038/960 83/2037/83
f  1667/2039/961 1651/2017/945 1650/2016/944
f  1650/2016/944 1668/2040/962 1667/2039/961
f  1668/2040/962 1650/2016/944 1654/2020/948
f  1654/2020/948 1669/2041/963 1668/2040/962
f  1669/2041/963 1654/2020/948 1656/2022/950
f  1656/2022/950 1670/2042/964 1669/2041/963
f  1670/2042/964 1656/2022/950 1636/2002/930
f  1636/2002/930 1671/2043/965 1670/2042/964
f  1671/2043/965 1636/2002/930 1639/2005/933
f  1639/2005/933 1672/2044/966 1671/2043/965
f  1672/2044/966 1639/2005/933 1646/2012/940
f  1646/2012/940 1673/2045/967 1672/2044/966
f  1673/2045/967 1646/2012/940 1647/2013/941
f  1647/2013/941 1674/2046/968 1673/2045/967
f  1674/2046/968 1647/2013/941 1648/2014/942
f  1648/2014/942 1675/2047/969 1674/2046/968
f  1676/2048/970 1673/2045/967 1674/2046/968
f  1674/2046/968 1677/2049/971 1676/2048/970
f  1678/2050/972 1672/2044/966 1673/2045/967
f  1673/2045/967 1676/2048/970 1678/2050/972
f  1679/2051/973 1671/2043/965 1672/2044/966
f  1672/2044/966 1678/2050/972 1679/2051/973
f  1680/2052/974 1670/2042/964 1671/2043/965
f  1671/2043/965 1679/2051/973 1680/2052/974
f  1681/2053/975 1669/2041/963 1670/2042/964
f  1670/2042/964 1680/2052/974 1681/2053/975
f  1682/2054/976 1668/2040/962 1669/2041/963
f  1669/2041/963 1681/2053/975 1682/2054/976
f  1683/2055/977 1667/2039/961 1668/2040/962
f  1668/2040/962 1682/2054/976 1683/2055/977
f  1648/2014/942 1649/2015/943 1684/2056/978
f  1684/2056/978 1675/2047/969 1648/2014/942
f  1677/2049/971 1674/2046/968 1675/2047/969
f  1675/2047/969 1685/2057/979 1677/2049/971
f  1649/2015/943 1686/2058/980 1687/2059/981
f  1687/2059/981 1684/2056/978 1649/2015/943
f  1686/2058/980 1688/2060/982 1689/2061/983
f  1689/2061/983 1687/2059/981 1686/2058/980
f  1688/2060/982 1690/2062/984 1691/2063/985
f  1691/2063/985 1689/2061/983 1688/2060/982
f  1675/2047/969 1684/2056/978 1692/2064/986
f  1692/2064/986 1685/2057/979 1675/2047/969
f  1687/2059/981 1693/2065/987 1692/2064/986
f  1692/2064/986 1684/2056/978 1687/2059/981
f  1694/2066/988 1693/2065/987 1687/2059/981
f  1687/2059/981 1689/2061/983 1694/2066/988
f  1689/2061/983 1691/2063/985 1695/2067/989
f  1695/2067/989 1694/2066/988 1689/2061/983
f  1690/2062/984 1696/2068/990 1695/2067/989
f  1695/2067/989 1691/2063/985 1690/2062/984
f  1677/2049/971 1685/2057/979 1692/2064/986
f  1692/2064/986 1693/2065/987 1677/2049/971
f  1694/2066/988 1676/2048/970 1677/2049/971
f  1677/2049/971 1693/2065/987 1694/2066/988
f  1695/2067/989 1678/2050/972 1676/2048/970
f  1676/2048/970 1694/2066/988 1695/2067/989
f  1679/2051/973 1678/2050/972 1695/2067/989
f  1695/2067/989 1696/2068/990 1679/2051/973
f  1683/2055/977 1682/2054/976 1681/2053/975
f  1681/2053/975 1696/2068/990 1683/2055/977
f  1680/2052/974 1679/2051/973 1696/2068/990
f  1696/2068/990 1681/2053/975 1680/2052/974
f  1697/2069/991 1698/2070/992 1699/2071/993
f  1700/2072/994 1701/2073/995 1699/2071/993
f  1699/2071/993 1698/2070/992 1700/2072/994
f  1702/2074/996 1703/2075/997 1701/2073/995
f  1701/2073/995 1700/2072/994 1702/2074/996
f  1702/2074/996 1704/2076/998 1705/2077/999
f  1705/2077/999 1703/2075/997 1702/2074/996
f  1705/2077/999 1706/2078/1000 1707/2079/1001
f  1707/2079/1001 1703/2075/997 1705/2077/999
f  1706/2078/1000 1708/2080/1002 1709/2081/1003
f  1709/2081/1003 1707/2079/1001 1706/2078/1000
f  1708/2080/1002 1710/2082/1004 1711/2083/1005
f  1711/2083/1005 1709/2081/1003 1708/2080/1002
f  1710/2082/1004 1712/2084/1006 1713/2085/1007
f  1713/2085/1007 1711/2083/1005 1710/2082/1004
f  1701/2073/995 1703/2075/997 1707/2079/1001
f  1707/2079/1001 1714/2086/1008 1701/2073/995
f  1709/2081/1003 1715/2087/1009 1714/2086/1008
f  1714/2086/1008 1707/2079/1001 1709/2081/1003
f  1709/2081/1003 1711/2083/1005 1716/2088/1010
f  1716/2088/1010 1715/2087/1009 1709/2081/1003
f  1717/2089/1011 1716/2088/1010 1711/2083/1005
f  1711/2083/1005 1718/2090/1012 1717/2089/1011
f  1719/2091/1013 1718/2090/1012 1711/2083/1005
f  1711/2083/1005 1713/2085/1007 1719/2091/1013
f  1717/2089/1011 1718/2090/1012 1719/2091/1013
f  1719/2091/1013 1720/2092/1014 1717/2089/1011
f  1699/2071/993 1701/2073/995 1714/2086/1008
f  1714/2086/1008 1721/2093/1015 1699/2071/993
f  1714/2086/1008 1715/2087/1009 1722/2094/1016
f  1722/2094/1016 1721/2093/1015 1714/2086/1008
f  1722/2094/1016 1715/2087/1009 1716/2088/1010
f  1716/2088/1010 1723/2095/1017 1722/2094/1016
f  1723/2095/1017 1716/2088/1010 1717/2089/1011
f  1717/2089/1011 1724/2096/1018 1723/2095/1017
f  1720/2092/1014 1725/2097/1019 1724/2096/1018
f  1724/2096/1018 1717/2089/1011 1720/2092/1014
f  1697/2069/991 1699/2071/993 1726/2098/1020
f  1699/2071/993 1721/2093/1015 1727/2099/1021
f  1727/2099/1021 1726/2098/1020 1699/2071/993
f  1728/2100/1022 1729/2101/1023 1727/2099/1021
f  1727/2099/1021 1721/2093/1015 1728/2100/1022
f  1730/2102/1024 1731/2103/1025 1729/2101/1023
f  1729/2101/1023 1728/2100/1022 1730/2102/1024
f  1721/2093/1015 1722/2094/1016 1730/2102/1024
f  1730/2102/1024 1728/2100/1022 1721/2093/1015
f  1723/2095/1017 1724/2096/1018 1730/2102/1024
f  1730/2102/1024 1722/2094/1016 1723/2095/1017
f  1732/2104/1026 1731/2103/1025 1730/2102/1024
f  1730/2102/1024 1724/2096/1018 1732/2104/1026
f  1733/2105/1027 1734/2106/1028 1732/2104/1026
f  1732/2104/1026 1724/2096/1018 1733/2105/1027
f  1725/2097/1019 1735/2107/1029 1733/2105/1027
f  1733/2105/1027 1724/2096/1018 1725/2097/1019
f  1736/2108/1030 1737/2109/1031 1738/2110/1032
f  1738/2110/1032 1739/2111/1033 1736/2108/1030
f  1740/2112/1034 1739/2111/1033 1738/2110/1032
f  1738/2110/1032 1741/2113/1035 1740/2112/1034
f  1742/2114/1036 1736/2108/1030 1739/2111/1033
f  1739/2111/1033 1743/2115/1037 1742/2114/1036
f  1744/2116/1038 1743/2115/1037 1739/2111/1033
f  1739/2111/1033 1740/2112/1034 1744/2116/1038
f  1745/2117/1039 1744/2116/1038 1740/2112/1034
f  1740/2112/1034 1746/2118/1040 1745/2117/1039
f  1746/2118/1040 1740/2112/1034 1741/2113/1035
f  1741/2113/1035 1747/2119/1041 1746/2118/1040
f  1742/2114/1036 1729/2101/1023 1748/2120/1042
f  1748/2120/1042 1736/2108/1030 1742/2114/1036
f  1729/2101/1023 1731/2103/1025 1749/2121/1043
f  1749/2121/1043 1748/2120/1042 1729/2101/1023
f  1731/2103/1025 1732/2104/1026 1750/2122/1044
f  1750/2122/1044 1749/2121/1043 1731/2103/1025
f  1750/2122/1044 1732/2104/1026 1734/2106/1028
f  1734/2106/1028 1751/2123/1045 1750/2122/1044
f  1752/2124/1046 1737/2109/1031 1736/2108/1030
f  1736/2108/1030 1748/2120/1042 1752/2124/1046
f  1748/2120/1042 1749/2121/1043 1753/2125/1047
f  1753/2125/1047 1752/2124/1046 1748/2120/1042
f  1753/2125/1047 1749/2121/1043 1750/2122/1044
f  1750/2122/1044 1754/2126/1048 1753/2125/1047
f  1737/2109/1031 1752/2124/1046 1753/2125/1047
f  1753/2125/1047 1755/2127/1049 1737/2109/1031
f  1754/2126/1048 1756/2128/1050 1755/2127/1049
f  1755/2127/1049 1753/2125/1047 1754/2126/1048
f  1750/2122/1044 1751/2123/1045 1757/2129/1051
f  1757/2129/1051 1754/2126/1048 1750/2122/1044
f  1751/2123/1045 1758/2130/1052 1759/2131/1053
f  1759/2131/1053 1757/2129/1051 1751/2123/1045
f  1759/2131/1053 1756/2128/1050 1754/2126/1048
f  1754/2126/1048 1757/2129/1051 1759/2131/1053
f  1760/2132/1054 1745/2117/1039 1746/2118/1040
f  1746/2118/1040 1747/2119/1041 1760/2132/1054
f  1761/2133/1055 1762/2134/1056 1759/2131/1053
f  1759/2131/1053 1758/2130/1052 1761/2133/1055
f  1756/2128/1050 1759/2131/1053 1762/2134/1056
f  1762/2134/1056 1763/2135/1057 1756/2128/1050
f  1762/2134/1056 1761/2133/1055 1764/2136/1058
f  1764/2136/1058 1765/2137/1059 1762/2134/1056
f  1766/2138/1060 1767/2139/1061 1760/2132/1054
f  1760/2132/1054 1747/2119/1041 1766/2138/1060
f  1766/2138/1060 1768/2140/1062 1769/2141/1063
f  1769/2141/1063 1767/2139/1061 1766/2138/1060
f  1770/2142/1064 1755/2127/1049 1756/2128/1050
f  1756/2128/1050 1763/2135/1057 1770/2142/1064
f  1737/2109/1031 1755/2127/1049 1770/2142/1064
f  1770/2142/1064 1771/2143/1065 1737/2109/1031
f  1738/2110/1032 1737/2109/1031 1771/2143/1065
f  1771/2143/1065 1772/2144/1066 1738/2110/1032
f  1741/2113/1035 1738/2110/1032 1772/2144/1066
f  1772/2144/1066 1773/2145/1067 1741/2113/1035
f  1747/2119/1041 1741/2113/1035 1773/2145/1067
f  1773/2145/1067 1766/2138/1060 1747/2119/1041
f  1774/2146/1068 1775/2147/1069 1769/2141/1063
f  1769/2141/1063 1768/2140/1062 1774/2146/1068
f  1776/2148/1070 1768/2140/1062 1766/2138/1060
f  1766/2138/1060 1773/2145/1067 1776/2148/1070
f  1773/2145/1067 1772/2144/1066 1777/2149/1071
f  1777/2149/1071 1776/2148/1070 1773/2145/1067
f  1777/2149/1071 1772/2144/1066 1771/2143/1065
f  1771/2143/1065 1778/2150/1072 1777/2149/1071
f  1778/2150/1072 1771/2143/1065 1770/2142/1064
f  1770/2142/1064 1779/2151/1073 1778/2150/1072
f  1779/2151/1073 1770/2142/1064 1763/2135/1057
f  1763/2135/1057 1780/2152/1074 1779/2151/1073
f  1774/2146/1068 1768/2140/1062 1776/2148/1070
f  1776/2148/1070 1781/2153/1075 1774/2146/1068
f  1781/2153/1075 1776/2148/1070 1777/2149/1071
f  1777/2149/1071 1782/2154/1076 1781/2153/1075
f  1762/2134/1056 1765/2137/1059 1780/2152/1074
f  1780/2152/1074 1763/2135/1057 1762/2134/1056
f  1782/2154/1076 1777/2149/1071 1778/2150/1072
f  1778/2150/1072 1783/2155/1077 1782/2154/1076
f  1783/2155/1077 1778/2150/1072 1779/2151/1073
f  1779/2151/1073 1784/2156/1078 1783/2155/1077
f  1784/2156/1078 1779/2151/1073 1780/2152/1074
f  1780/2152/1074 1785/2157/1079 1784/2156/1078
f  1765/2137/1059 1764/2136/1058 1785/2157/1079
f  1785/2157/1079 1780/2152/1074 1765/2137/1059
f  1786/2158/1080 1787/2159/1081 1785/2157/1079
f  1785/2157/1079 1764/2136/1058 1786/2158/1080
f  1788/2160/1082 1775/2147/1069 1774/2146/1068
f  1774/2146/1068 1781/2153/1075 1788/2160/1082
f  1781/2153/1075 1782/2154/1076 1789/2161/1083
f  1789/2161/1083 1788/2160/1082 1781/2153/1075
f  1782/2154/1076 1783/2155/1077 1790/2162/1084
f  1790/2162/1084 1789/2161/1083 1782/2154/1076
f  1791/2163/1085 1790/2162/1084 1783/2155/1077
f  1783/2155/1077 1784/2156/1078 1791/2163/1085
f  1792/2164/1086 1793/2165/1087 1791/2163/1085
f  1791/2163/1085 1784/2156/1078 1792/2164/1086
f  1786/2158/1080 1793/2166/1087 1792/2164/1086
f  1792/2164/1086 1787/2159/1081 1786/2158/1080
f  1792/2164/1086 1784/2156/1078 1785/2157/1079
f  1785/2157/1079 1787/2159/1081 1792/2164/1086
f  1794/2167/1088 1795/2168/1089 1796/2169/1090
f  1796/2169/1090 1797/2170/1091 1794/2167/1088
f  1797/2170/1091 1796/2169/1090 1798/2171/1092
f  1798/2171/1092 1799/2172/1093 1797/2170/1091
f  1799/2172/1093 1798/2171/1092 1800/2173/1094
f  1800/2173/1094 1801/2174/1095 1799/2172/1093
f  1801/2174/1095 1800/2173/1094 1802/2175/1096
f  1802/2175/1096 1803/2176/1097 1801/2174/1095
f  1803/2176/1097 1802/2175/1096 1804/2177/1098
f  1804/2177/1098 1805/2178/1099 1803/2176/1097
f  1805/2178/1099 1804/2177/1098 1806/2179/1100
f  1806/2179/1100 1807/2180/1101 1805/2178/1099
f  1808/2181/1102 1794/2167/1088 1797/2170/1091
f  1797/2170/1091 1809/2182/1103 1808/2181/1102
f  1809/2182/1103 1797/2170/1091 1799/2172/1093
f  1799/2172/1093 1810/2183/1104 1809/2182/1103
f  1810/2183/1104 1799/2172/1093 1801/2174/1095
f  1801/2174/1095 1811/2184/1105 1810/2183/1104
f  1811/2184/1105 1801/2174/1095 1803/2176/1097
f  1803/2176/1097 1812/2185/1106 1811/2184/1105
f  1812/2185/1106 1803/2176/1097 1805/2178/1099
f  1805/2178/1099 1813/2186/1107 1812/2185/1106
f  1813/2186/1107 1805/2178/1099 1807/2180/1101
f  1807/2180/1101 1814/2187/1108 1813/2186/1107
f  1815/2188/1109 1808/2181/1102 1809/2182/1103
f  1809/2182/1103 1816/2189/1110 1815/2188/1109
f  1816/2189/1110 1809/2182/1103 1810/2183/1104
f  1810/2183/1104 1817/2190/1111 1816/2189/1110
f  1817/2190/1111 1810/2183/1104 1811/2184/1105
f  1811/2184/1105 1818/2191/1112 1817/2190/1111
f  1818/2191/1112 1811/2184/1105 1812/2185/1106
f  1812/2185/1106 1819/2192/1113 1818/2191/1112
f  1819/2192/1113 1812/2185/1106 1813/2186/1107
f  1813/2186/1107 1820/2193/1114 1819/2192/1113
f  1820/2193/1114 1813/2186/1107 1814/2187/1108
f  1814/2187/1108 1821/2194/1115 1820/2193/1114
f  1822/2195/1116 1815/2188/1109 1816/2189/1110
f  1816/2189/1110 1823/2196/1117 1822/2195/1116
f  1823/2196/1117 1816/2189/1110 1817/2190/1111
f  1817/2190/1111 1824/2197/1118 1823/2196/1117
f  1824/2197/1118 1817/2190/1111 1818/2191/1112
f  1818/2191/1112 1825/2198/1119 1824/2197/1118
f  1825/2198/1119 1818/2191/1112 1819/2192/1113
f  1819/2192/1113 1826/2199/1120 1825/2198/1119
f  1826/2199/1120 1819/2192/1113 1820/2193/1114
f  1820/2193/1114 1827/2200/1121 1826/2199/1120
f  1827/2200/1121 1820/2193/1114 1821/2194/1115
f  1821/2194/1115 1828/2201/1122 1827/2200/1121
f  1829/2202/1123 1822/2195/1116 1823/2196/1117
f  1823/2196/1117 1830/2203/1124 1829/2202/1123
f  1830/2203/1124 1823/2196/1117 1824/2197/1118
f  1824/2197/1118 1831/2204/1125 1830/2203/1124
f  1831/2204/1125 1824/2197/1118 1825/2198/1119
f  1825/2198/1119 1832/2205/1126 1831/2204/1125
f  1832/2205/1126 1825/2198/1119 1826/2199/1120
f  1826/2199/1120 1833/2206/1127 1832/2205/1126
f  1833/2206/1127 1826/2199/1120 1827/2200/1121
f  1827/2200/1121 1834/2207/1128 1833/2206/1127
f  1834/2207/1128 1827/2200/1121 1828/2201/1122
f  1828/2201/1122 1835/2208/1129 1834/2207/1128
f  1793/2165/1087 1829/2202/1123 1830/2203/1124
f  1830/2203/1124 1791/2163/1085 1793/2165/1087
f  1791/2163/1085 1830/2203/1124 1831/2204/1125
f  1831/2204/1125 1790/2162/1084 1791/2163/1085
f  1790/2162/1084 1831/2204/1125 1832/2205/1126
f  1832/2205/1126 1789/2161/1083 1790/2162/1084
f  1789/2161/1083 1832/2205/1126 1833/2206/1127
f  1833/2206/1127 1788/2160/1082 1789/2161/1083
f  1788/2160/1082 1833/2206/1127 1834/2207/1128
f  1834/2207/1128 1775/2147/1069 1788/2160/1082
f  1775/2147/1069 1834/2207/1128 1835/2208/1129
f  1835/2208/1129 1769/2141/1063 1775/2147/1069
f  1802/2175/1096 1800/2173/1094 1836/2209/1130
f  1836/2209/1130 1837/2210/1131 1802/2175/1096
f  1837/2210/1131 1836/2209/1130 1838/2211/1132
f  1838/2211/1132 1839/2212/1133 1837/2210/1131
f  1839/2212/1133 1838/2211/1132 1840/2213/1134
f  1840/2213/1134 1841/2214/1135 1839/2212/1133
f  1841/2214/1135 1840/2213/1134 1842/2215/1136
f  1842/2215/1136 1843/2216/1137 1841/2214/1135
f  1844/2217/1138 1845/2218/1139 1846/2219/1140
f  1846/2219/1140 1847/2220/1141 1844/2217/1138
f  1800/2173/1094 1798/2171/1092 1848/2221/1142
f  1848/2221/1142 1836/2209/1130 1800/2173/1094
f  1836/2209/1130 1848/2221/1142 1849/2222/1143
f  1849/2222/1143 1838/2211/1132 1836/2209/1130
f  1838/2211/1132 1849/2222/1143 1850/2223/1144
f  1850/2223/1144 1840/2213/1134 1838/2211/1132
f  1840/2213/1134 1850/2223/1144 1851/2224/1145
f  1851/2224/1145 1842/2215/1136 1840/2213/1134
f  1845/2218/1139 1852/2225/1146 1853/2226/1147
f  1853/2226/1147 1846/2219/1140 1845/2218/1139
f  1798/2171/1092 1796/2169/1090 1854/2227/1148
f  1854/2227/1148 1848/2221/1142 1798/2171/1092
f  1848/2221/1142 1854/2227/1148 1855/2228/1149
f  1855/2228/1149 1849/2222/1143 1848/2221/1142
f  1849/2222/1143 1855/2228/1149 1856/2229/1150
f  1856/2229/1150 1850/2223/1144 1849/2222/1143
f  1850/2223/1144 1856/2229/1150 1857/2230/1151
f  1857/2230/1151 1851/2224/1145 1850/2223/1144
f  1852/2225/1146 1858/2231/1152 1859/2232/1153
f  1859/2232/1153 1853/2226/1147 1852/2225/1146
f  1860/2233/1154 1861/2234/1155 1862/2235/1156
f  1862/2235/1156 1863/2236/1157 1860/2233/1154
f  1843/2216/1137 1842/2215/1136 1845/2218/1139
f  1845/2218/1139 1844/2217/1138 1843/2216/1137
f  1842/2215/1136 1851/2224/1145 1852/2225/1146
f  1852/2225/1146 1845/2218/1139 1842/2215/1136
f  1851/2224/1145 1857/2230/1151 1858/2231/1152
f  1858/2231/1152 1852/2225/1146 1851/2224/1145
f  1859/2232/1153 1858/2231/1152 1864/2237/1158
f  1864/2237/1158 1865/2238/1159 1859/2232/1153
f  1864/2237/1158 1866/2239/1160 1867/2240/1161
f  1867/2240/1161 1865/2238/1159 1864/2237/1158
f  1864/2237/1158 1863/2236/1157 1862/2235/1156
f  1862/2235/1156 1866/2239/1160 1864/2237/1158
f  1868/2241/1162 1869/2242/1163 1861/2234/1155
f  1861/2234/1155 1860/2233/1154 1868/2241/1162
f  1870/2243/1164 1871/2244/1165 1869/2242/1163
f  1869/2242/1163 1868/2241/1162 1870/2243/1164
f  1796/2169/1090 1872/2245/1166 1854/2227/1148
f  1864/2237/1158 1858/2231/1152 1857/2230/1151
f  1857/2230/1151 1863/2236/1157 1864/2237/1158
f  1857/2230/1151 1856/2229/1150 1860/2233/1154
f  1860/2233/1154 1863/2236/1157 1857/2230/1151
f  1856/2229/1150 1855/2228/1149 1868/2241/1162
f  1868/2241/1162 1860/2233/1154 1856/2229/1150
f  1855/2228/1149 1854/2227/1148 1870/2243/1164
f  1870/2243/1164 1868/2241/1162 1855/2228/1149
f  1873/2246/1167 1874/2247/1168 1719/2248/1013
f  1719/2248/1013 1713/2249/1007 1873/2246/1167
f  1712/2250/1006 1875/2251/1169 1873/2246/1167
f  1873/2246/1167 1713/2249/1007 1712/2250/1006
f  1876/2252/1170 1877/2253/1171 1878/2254/1172
f  1878/2254/1172 83/2037/83 1876/2252/1170
f  1879/2255/1173 1880/2256/1174 1874/2247/1168
f  1874/2247/1168 1876/2252/1170 1879/2255/1173
f  83/2037/83 1666/2038/960 1879/2255/1173
f  1879/2255/1173 1876/2252/1170 83/2037/83
f  1734/2257/1028 1733/2258/1027 1881/2259/1175
f  1881/2259/1175 1751/2260/1045 1734/2257/1028
f  1880/2256/1174 1882/2261/1176 1725/2262/1019
f  1725/2262/1019 1720/2263/1014 1880/2256/1174
f  1882/2261/1176 1883/2264/1177 1735/2265/1029
f  1735/2265/1029 1725/2262/1019 1882/2261/1176
f  1881/2259/1175 1884/2266/1178 1758/2267/1052
f  1758/2267/1052 1751/2260/1045 1881/2259/1175
f  1885/2268/1179 1886/2269/1180 1883/2264/1177
f  1883/2264/1177 1882/2261/1176 1885/2268/1179
f  1879/2255/1173 1885/2268/1179 1882/2261/1176
f  1882/2261/1176 1880/2256/1174 1879/2255/1173
f  1880/2256/1174 1720/2263/1014 1719/2248/1013
f  1719/2248/1013 1874/2247/1168 1880/2256/1174
f  1875/2251/1169 1878/2254/1172 1877/2253/1171
f  1877/2253/1171 1873/2246/1167 1875/2251/1169
f  1877/2253/1171 1876/2252/1170 1874/2247/1168
f  1874/2247/1168 1873/2246/1167 1877/2253/1171
f  1733/2258/1027 1735/2265/1029 1883/2264/1177
f  1883/2264/1177 1881/2259/1175 1733/2258/1027
f  1666/2038/960 1887/2270/1181 1885/2268/1179
f  1885/2268/1179 1879/2255/1173 1666/2038/960
f  1886/2269/1180 1885/2268/1179 1888/2271/1182
f  1888/2271/1182 1884/2266/1178 1886/2269/1180
f  1885/2268/1179 1887/2270/1181 1889/2272/1183
f  1889/2272/1183 1888/2271/1182 1885/2268/1179
f  1889/2272/1183 1890/2273/1184 1891/2274/1185
f  1891/2274/1185 1888/2271/1182 1889/2272/1183
f  1660/2026/954 1604/1966/898 1665/2036/959
f  1665/2036/959 1666/2038/960 1660/2026/954
f  1666/2038/960 1665/2036/959 1889/2272/1183
f  1889/2272/1183 1887/2270/1181 1666/2038/960
f  1884/2266/1178 1892/2275/1186 1761/2276/1055
f  1761/2276/1055 1758/2267/1052 1884/2266/1178
f  1892/2275/1186 1893/2277/1187 1764/2278/1058
f  1764/2278/1058 1761/2276/1055 1892/2275/1186
f  1893/2277/1187 1894/2279/1188 1786/2280/1080
f  1786/2280/1080 1764/2278/1058 1893/2277/1187
f  1793/2281/1087 1786/2280/1080 1894/2279/1188
f  1894/2279/1188 1829/2282/1123 1793/2281/1087
f  1795/2283/1089 1794/2284/1088 1895/2285/1189
f  1895/2285/1189 1896/2286/1190 1795/2283/1089
f  1794/2284/1088 1808/2287/1102 1897/2288/1191
f  1897/2288/1191 1895/2285/1189 1794/2284/1088
f  1808/2287/1102 1815/2289/1109 1898/2290/1192
f  1898/2290/1192 1897/2288/1191 1808/2287/1102
f  1822/2291/1116 1899/2292/1193 1898/2290/1192
f  1898/2290/1192 1815/2289/1109 1822/2291/1116
f  1899/2292/1193 1822/2291/1116 1829/2282/1123
f  1829/2282/1123 1894/2279/1188 1899/2292/1193
f  1870/2243/1164 1854/2227/1148 1872/2245/1166
f  1872/2245/1166 1871/2244/1165 1870/2243/1164
f  1896/2286/1190 1872/2293/1166 1796/2294/1090
f  1796/2294/1090 1795/2283/1089 1896/2286/1190
f  1900/2295/1194 1871/2296/1165 1872/2293/1166
f  1872/2293/1166 1896/2286/1190 1900/2295/1194
f  1900/2295/1194 1901/2297/1195 1869/2298/1163
f  1869/2298/1163 1871/2296/1165 1900/2295/1194
f  1901/2297/1195 1902/2299/1196 1861/2300/1155
f  1861/2300/1155 1869/2298/1163 1901/2297/1195
f  1902/2299/1196 1903/2301/1197 1862/2302/1156
f  1862/2302/1156 1861/2300/1155 1902/2299/1196
f  1903/2301/1197 1904/2303/1198 1866/2304/1160
f  1866/2304/1160 1862/2302/1156 1903/2301/1197
f  1904/2303/1198 1905/2305/1199 1867/2306/1161
f  1867/2306/1161 1866/2304/1160 1904/2303/1198
f  1893/2277/1187 1906/2307/1200 1899/2292/1193
f  1899/2292/1193 1894/2279/1188 1893/2277/1187
f  1896/2286/1190 1895/2285/1189 1907/2308/1201
f  1907/2308/1201 1900/2295/1194 1896/2286/1190
f  1906/2307/1200 1908/2309/1202 1898/2290/1192
f  1898/2290/1192 1899/2292/1193 1906/2307/1200
f  1645/2011/939 1605/1967/899 1608/1970/902
f  1608/1970/902 1643/2009/937 1645/2011/939
f  1889/2272/1183 1665/2036/959 1605/1967/899
f  1605/1967/899 1890/2273/1184 1889/2272/1183
f  1891/2274/1185 1909/2310/1203 1884/2266/1178
f  1884/2266/1178 1888/2271/1182 1891/2274/1185
f  1892/2275/1186 1884/2266/1178 1909/2310/1203
f  1909/2310/1203 1893/2277/1187 1892/2275/1186
f  1910/2311/1204 1911/2312/1205 1605/1967/899
f  1605/1967/899 1645/2011/939 1910/2311/1204
f  1911/2312/1205 1910/2311/1204 1912/2313/1206
f  1912/2313/1206 1913/2314/1207 1911/2312/1205
f  1913/2314/1207 1890/2273/1184 1605/1967/899
f  1605/1967/899 1911/2312/1205 1913/2314/1207
f  1655/2021/949 1914/2315/1208 1659/2025/953
f  1659/2025/953 1657/2023/951 1655/2021/949
f  1658/2024/952 1912/2313/1206 1910/2311/1204
f  1910/2311/1204 1645/2011/939 1658/2024/952
f  1901/2297/1195 1900/2295/1194 1907/2308/1201
f  1907/2308/1201 1915/2316/1209 1901/2297/1195
f  1915/2316/1209 1907/2308/1201 1895/2285/1189
f  1895/2285/1189 1916/2317/1210 1915/2316/1209
f  1916/2317/1210 1895/2285/1189 1897/2288/1191
f  1897/2288/1191 1917/2318/1211 1916/2317/1210
f  1917/2318/1211 1897/2288/1191 1898/2290/1192
f  1898/2290/1192 1918/2319/1212 1917/2318/1211
f  1918/2319/1212 1898/2290/1192 1908/2309/1202
f  1908/2309/1202 1919/2320/1213 1918/2319/1212
f  1919/2320/1213 1908/2309/1202 1906/2307/1200
f  1906/2307/1200 1893/2277/1187 1919/2320/1213
f  1902/2299/1196 1901/2297/1195 1915/2316/1209
f  1915/2316/1209 1920/2321/1214 1902/2299/1196
f  1920/2321/1214 1915/2316/1209 1916/2317/1210
f  1916/2317/1210 1921/2322/1215 1920/2321/1214
f  1921/2322/1215 1916/2317/1210 1917/2318/1211
f  1917/2318/1211 1922/2323/1216 1921/2322/1215
f  1922/2323/1216 1917/2318/1211 1918/2319/1212
f  1918/2319/1212 1923/2324/1217 1922/2323/1216
f  1923/2324/1217 1918/2319/1212 1919/2320/1213
f  1919/2320/1213 1924/2325/1218 1923/2324/1217
f  1924/2325/1218 1919/2320/1213 1893/2277/1187
f  1893/2277/1187 1909/2310/1203 1924/2325/1218
f  1903/2301/1197 1902/2299/1196 1920/2321/1214
f  1920/2321/1214 1925/2326/1219 1903/2301/1197
f  1925/2326/1219 1920/2321/1214 1921/2322/1215
f  1921/2322/1215 1926/2327/1220 1925/2326/1219
f  1926/2327/1220 1921/2322/1215 1922/2323/1216
f  1922/2323/1216 1927/2328/1221 1926/2327/1220
f  1927/2328/1221 1922/2323/1216 1923/2324/1217
f  1923/2324/1217 1928/2329/1222 1927/2328/1221
f  1928/2329/1222 1923/2324/1217 1924/2325/1218
f  1924/2325/1218 1929/2330/1223 1928/2329/1222
f  1929/2330/1223 1924/2325/1218 1909/2310/1203
f  1909/2310/1203 1891/2274/1185 1929/2330/1223
f  1904/2303/1198 1903/2301/1197 1925/2326/1219
f  1925/2326/1219 1930/2331/1224 1904/2303/1198
f  1930/2331/1224 1925/2326/1219 1926/2327/1220
f  1926/2327/1220 1931/2332/1225 1930/2331/1224
f  1931/2332/1225 1926/2327/1220 1927/2328/1221
f  1927/2328/1221 1932/2333/1226 1931/2332/1225
f  1932/2333/1226 1927/2328/1221 1928/2329/1222
f  1928/2329/1222 1933/2334/1227 1932/2333/1226
f  1933/2334/1227 1928/2329/1222 1929/2330/1223
f  1929/2330/1223 1934/2335/1228 1933/2334/1227
f  1934/2335/1228 1929/2330/1223 1891/2274/1185
f  1891/2274/1185 1890/2273/1184 1934/2335/1228
f  1905/2305/1199 1904/2303/1198 1930/2331/1224
f  1930/2331/1224 1935/2336/1229 1905/2305/1199
f  1936/2337/1230 1931/2332/1225 1932/2333/1226
f  1932/2333/1226 1937/2338/1231 1936/2337/1230
f  1937/2338/1231 1932/2333/1226 1933/2334/1227
f  1933/2334/1227 1938/2339/1232 1937/2338/1231
f  1938/2339/1232 1933/2334/1227 1934/2335/1228
f  1934/2335/1228 1939/2340/1233 1938/2339/1232
f  1939/2340/1233 1934/2335/1228 1890/2273/1184
f  1890/2273/1184 1913/2314/1207 1939/2340/1233
f  1940/2341/1234 1936/2337/1230 1937/2338/1231
f  1937/2338/1231 1941/2342/1235 1940/2341/1234
f  1941/2342/1235 1937/2338/1231 1938/2339/1232
f  1938/2339/1232 1942/2343/1236 1941/2342/1235
f  1942/2343/1236 1938/2339/1232 1939/2340/1233
f  1939/2340/1233 1943/2344/1237 1942/2343/1236
f  1943/2344/1237 1939/2340/1233 1913/2314/1207
f  1913/2314/1207 1912/2313/1206 1943/2344/1237
f  1653/2019/947 1940/2341/1234 1941/2342/1235
f  1941/2342/1235 1655/2021/949 1653/2019/947
f  1655/2021/949 1941/2342/1235 1942/2343/1236
f  1942/2343/1236 1914/2315/1208 1655/2021/949
f  1914/2315/1208 1942/2343/1236 1943/2344/1237
f  1943/2344/1237 1659/2025/953 1914/2315/1208
f  1659/2025/953 1943/2344/1237 1912/2313/1206
f  1912/2313/1206 1658/2024/952 1659/2025/953
f  1653/2019/947 1652/2018/946 1944/2345/1238
f  1944/2345/1238 1940/2341/1234 1653/2019/947
f  1945/2346/1239 1936/2337/1230 1940/2341/1234
f  1940/2341/1234 1944/2345/1238 1945/2346/1239
f  1936/2337/1230 1945/2346/1239 1946/2347/1240
f  1946/2347/1240 1931/2332/1225 1936/2337/1230
f  1946/2347/1240 1935/2336/1229 1930/2331/1224
f  1930/2331/1224 1931/2332/1225 1946/2347/1240
f  1729/2101/1023 1947/2348/1241 1948/2349/1242
f  1948/2349/1242 1727/2099/1021 1729/2101/1023
f  1948/2349/1242 1949/2350/1243 1726/2098/1020
f  1726/2098/1020 1727/2099/1021 1948/2349/1242
f  1697/2069/991 1726/2098/1020 1949/2350/1243
f  1949/2350/1243 1950/2351/1244 1697/2069/991
f  1951/2352/1245 1698/2070/992 1697/2069/991
f  1697/2069/991 1950/2351/1244 1951/2352/1245
f  1952/2353/1246 1700/2072/994 1698/2070/992
f  1698/2070/992 1951/2352/1245 1952/2353/1246
f  1953/2354/1247 1702/2074/996 1700/2072/994
f  1700/2072/994 1952/2353/1246 1953/2354/1247
f  1954/2355/1248 1704/2076/998 1702/2074/996
f  1702/2074/996 1953/2354/1247 1954/2355/1248
f  1886/2269/1180 1884/2266/1178 1881/2259/1175
f  1881/2259/1175 1883/2264/1177 1886/2269/1180
f  1955/2356/1249 1956/2357/1250 1954/2355/1248
f  1954/2355/1248 1953/2354/1247 1955/2356/1249
f  1952/2353/1246 1957/2358/1251 1955/2356/1249
f  1955/2356/1249 1953/2354/1247 1952/2353/1246
f  1958/2359/1252 1959/2360/1253 1956/2357/1250
f  1956/2357/1250 1955/2356/1249 1958/2359/1252
f  1957/2358/1251 1960/2361/1254 1958/2359/1252
f  1958/2359/1252 1955/2356/1249 1957/2358/1251
f  1952/2353/1246 1951/2352/1245 1961/2362/1255
f  1961/2362/1255 1957/2358/1251 1952/2353/1246
f  1767/2139/1061 1769/2141/1063 1962/2363/1256
f  1962/2363/1256 1963/2364/1257 1767/2139/1061
f  1760/2132/1054 1767/2139/1061 1963/2364/1257
f  1963/2364/1257 1964/2365/1258 1760/2132/1054
f  1745/2117/1039 1760/2132/1054 1964/2365/1258
f  1964/2365/1258 1965/2366/1259 1745/2117/1039
f  1744/2116/1038 1745/2117/1039 1965/2366/1259
f  1965/2366/1259 1966/2367/1260 1744/2116/1038
f  1743/2115/1037 1744/2116/1038 1966/2367/1260
f  1966/2367/1260 1967/2368/1261 1743/2115/1037
f  1742/2114/1036 1743/2115/1037 1967/2368/1261
f  1967/2368/1261 1968/2369/1262 1742/2114/1036
f  1742/2114/1036 1968/2369/1262 1969/2370/1263
f  1969/2370/1263 1729/2101/1023 1742/2114/1036
f  1769/2141/1063 1835/2208/1129 1970/2371/1264
f  1970/2371/1264 1962/2363/1256 1769/2141/1063
f  1835/2208/1129 1828/2201/1122 1971/2372/1265
f  1971/2372/1265 1970/2371/1264 1835/2208/1129
f  1828/2201/1122 1821/2194/1115 1972/2373/1266
f  1972/2373/1266 1971/2372/1265 1828/2201/1122
f  1821/2194/1115 1814/2187/1108 1973/2374/1267
f  1973/2374/1267 1972/2373/1266 1821/2194/1115
f  1814/2187/1108 1807/2180/1101 1974/2375/1268
f  1974/2375/1268 1973/2374/1267 1814/2187/1108
f  1807/2180/1101 1806/2179/1100 1975/2376/1269
f  1975/2376/1269 1974/2375/1268 1807/2180/1101
f  1806/2179/1100 1804/2177/1098 1976/2377/1270
f  1976/2377/1270 1975/2376/1269 1806/2179/1100
f  1802/2175/1096 1977/2378/1271 1976/2377/1270
f  1976/2377/1270 1804/2177/1098 1802/2175/1096
f  1802/2175/1096 1837/2210/1131 1978/2379/1272
f  1978/2379/1272 1977/2378/1271 1802/2175/1096
f  1837/2210/1131 1839/2212/1133 1979/2380/1273
f  1979/2380/1273 1978/2379/1272 1837/2210/1131
f  1839/2212/1133 1841/2214/1135 1980/2381/1274
f  1980/2381/1274 1979/2380/1273 1839/2212/1133
f  1841/2214/1135 1843/2216/1137 1981/2382/1275
f  1981/2382/1275 1980/2381/1274 1841/2214/1135
f  1843/2216/1137 1844/2217/1138 1982/2383/1276
f  1982/2383/1276 1981/2382/1275 1843/2216/1137
f  1847/2220/1141 1983/2384/1277 1982/2383/1276
f  1982/2383/1276 1844/2217/1138 1847/2220/1141
f  1983/2384/1277 1984/2385/1278 1981/2382/1275
f  1981/2382/1275 1982/2383/1276 1983/2384/1277
f  1984/2385/1278 1985/2386/1279 1986/2387/1280
f  1986/2387/1280 1981/2382/1275 1984/2385/1278
f  1987/2388/1281 1980/2381/1274 1981/2382/1275
f  1981/2382/1275 1986/2387/1280 1987/2388/1281
f  1988/2389/1282 1979/2380/1273 1980/2381/1274
f  1980/2381/1274 1987/2388/1281 1988/2389/1282
f  1989/2390/1283 1978/2379/1272 1979/2380/1273
f  1979/2380/1273 1988/2389/1282 1989/2390/1283
f  1989/2390/1283 1990/2391/1284 1977/2378/1271
f  1977/2378/1271 1978/2379/1272 1989/2390/1283
f  1991/2392/1285 1976/2377/1270 1977/2378/1271
f  1977/2378/1271 1990/2391/1284 1991/2392/1285
f  1992/2393/1286 1975/2376/1269 1976/2377/1270
f  1976/2377/1270 1991/2392/1285 1992/2393/1286
f  1993/2394/1287 1974/2375/1268 1975/2376/1269
f  1975/2376/1269 1992/2393/1286 1993/2394/1287
f  1994/2395/1288 1973/2374/1267 1974/2375/1268
f  1974/2375/1268 1993/2394/1287 1994/2395/1288
f  1995/2396/1289 1972/2373/1266 1973/2374/1267
f  1973/2374/1267 1994/2395/1288 1995/2396/1289
f  1996/2397/1290 1971/2372/1265 1972/2373/1266
f  1972/2373/1266 1995/2396/1289 1996/2397/1290
f  1997/2398/1291 1970/2371/1264 1971/2372/1265
f  1971/2372/1265 1996/2397/1290 1997/2398/1291
f  1997/2398/1291 1998/2399/1292 1962/2363/1256
f  1962/2363/1256 1970/2371/1264 1997/2398/1291
f  1999/2400/1293 1963/2364/1257 1962/2363/1256
f  1962/2363/1256 1998/2399/1292 1999/2400/1293
f  2000/2401/1294 1964/2365/1258 1963/2364/1257
f  1963/2364/1257 1999/2400/1293 2000/2401/1294
f  2001/2402/1295 1965/2366/1259 1964/2365/1258
f  1964/2365/1258 2000/2401/1294 2001/2402/1295
f  2002/2403/1296 1966/2367/1260 1965/2366/1259
f  1965/2366/1259 2001/2402/1295 2002/2403/1296
f  2003/2404/1297 1967/2368/1261 1966/2367/1260
f  1966/2367/1260 2002/2403/1296 2003/2404/1297
f  2004/2405/1298 1968/2369/1262 1967/2368/1261
f  1967/2368/1261 2003/2404/1297 2004/2405/1298
f  2004/2405/1298 2005/2406/1299 1969/2370/1263
f  1969/2370/1263 1968/2369/1262 2004/2405/1298
f  1948/2349/1242 1947/2348/1241 2006/2407/1300
f  2007/2408/1301 1949/2350/1243 1948/2349/1242
f  1948/2349/1242 2006/2407/1300 2007/2408/1301
f  1951/2352/1245 1950/2351/1244 1961/2362/1255
f  2008/2409/1302 1950/2351/1244 1949/2350/1243
f  1949/2350/1243 2007/2408/1301 2008/2409/1302
f  2008/2409/1302 2009/2410/1303 1961/2362/1255
f  1961/2362/1255 1950/2351/1244 2008/2409/1302
f  1961/2362/1255 2009/2410/1303 2010/2411/1304
f  2010/2411/1304 1957/2358/1251 1961/2362/1255
f  1960/2361/1254 1957/2358/1251 2010/2411/1304
f  1956/2412/1250 2011/2413/1305 1954/2414/1248
f  2012/2415/1306 1704/2416/998 1954/2414/1248
f  1954/2414/1248 2011/2413/1305 2012/2415/1306
f  2011/2413/1305 2013/2417/1307 2014/2418/1308
f  2014/2418/1308 2012/2415/1306 2011/2413/1305
f  2013/2417/1307 2015/2419/1309 2016/2420/1310
f  2016/2420/1310 2014/2418/1308 2013/2417/1307
f  2015/2419/1309 2017/2421/1311 2018/2422/1312
f  2018/2422/1312 2016/2420/1310 2015/2419/1309
f  2017/2421/1311 2019/2423/1313 2020/2424/1314
f  2020/2424/1314 2018/2422/1312 2017/2421/1311
f  2019/2423/1313 2021/2425/1315 2022/2426/1316
f  2022/2426/1316 2020/2424/1314 2019/2423/1313
f  2021/2425/1315 2023/2427/1317 2024/2428/1318
f  2024/2428/1318 2022/2426/1316 2021/2425/1315
f  1705/2429/999 1704/2416/998 2012/2415/1306
f  2014/2418/1308 1706/2430/1000 1705/2429/999
f  1705/2429/999 2012/2415/1306 2014/2418/1308
f  2016/2420/1310 1708/2431/1002 1706/2430/1000
f  1706/2430/1000 2014/2418/1308 2016/2420/1310
f  2018/2422/1312 1710/2432/1004 1708/2431/1002
f  1708/2431/1002 2016/2420/1310 2018/2422/1312
f  2018/2422/1312 2020/2424/1314 2025/2433/1319
f  2025/2433/1319 1710/2432/1004 2018/2422/1312
f  2020/2424/1314 2022/2426/1316 2026/2434/1320
f  2026/2434/1320 2025/2433/1319 2020/2424/1314
f  2022/2426/1316 2024/2428/1318 2027/2435/1321
f  2027/2435/1321 2026/2434/1320 2022/2426/1316
f  1712/2250/1006 1710/2432/1004 2025/2433/1319
f  2025/2433/1319 1875/2251/1169 1712/2250/1006
f  2026/2434/1320 1878/2254/1172 1875/2251/1169
f  1875/2251/1169 2025/2433/1319 2026/2434/1320
f  1878/2254/1172 75/2436/75 83/2037/83
f  2026/2434/1320 76/2437/76 75/2436/75
f  75/2436/75 1878/2254/1172 2026/2434/1320
f  2027/2435/1321 65/2438/65 76/2437/76
f  76/2437/76 2026/2434/1320 2027/2435/1321
f  59/2439/59 65/2438/65 2027/2435/1321
f  2027/2435/1321 2024/2428/1318 59/2439/59
f  2023/2427/1317 35/2440/35 59/2439/59
f  59/2439/59 2024/2428/1318 2023/2427/1317
f  2028/2441/1322 2029/2442/1323 2030/2443/1324
f  2030/2443/1324 2031/2444/1325 2028/2441/1322
f  2032/2445/1326 2033/2446/1327 2028/2441/1322
f  2028/2441/1322 2031/2444/1325 2032/2445/1326
f  2034/2447/1328 2035/2448/1329 2036/2449/1330
f  2036/2449/1330 2037/2450/1331 2034/2447/1328
f  2035/2448/1329 2038/2451/1332 2039/2452/1333
f  2039/2452/1333 2036/2449/1330 2035/2448/1329
f  2040/2453/1334 2041/2454/1335 2042/2455/1336
f  2042/2455/1336 2043/2456/1337 2040/2453/1334
f  2044/2457/1338 2045/2458/1339 2041/2454/1335
f  2041/2454/1335 2040/2453/1334 2044/2457/1338
f  2046/2459/1340 2047/2460/1341 2048/2461/1342
f  2048/2461/1342 2049/2462/1343 2046/2459/1340
f  2050/2463/1344 2051/2464/1345 2049/2462/1343
f  2052/2465/1346 2053/2466/1347 2054/2467/1348
f  2054/2467/1348 2051/2464/1345 2052/2465/1346
f  2055/2468/1349 2056/2469/1350 2057/2470/1351
f  2057/2470/1351 2058/2471/1352 2055/2468/1349
f  2059/2472/1353 2060/2473/1354 2056/2469/1350
f  2056/2469/1350 2055/2468/1349 2059/2472/1353
f  2061/2474/1355 2062/2475/1356 2060/2473/1354
f  2060/2473/1354 2059/2472/1353 2061/2474/1355
f  2063/2476/1357 2064/2477/1358 2045/2458/1339
f  2045/2458/1339 2044/2457/1338 2063/2476/1357
f  2051/2464/1345 2054/2467/1348 2046/2459/1340
f  2046/2459/1340 2049/2462/1343 2051/2464/1345
f  2047/2460/1341 2030/2443/1324 2065/2478/1359
f  2065/2478/1359 2048/2461/1342 2047/2460/1341
f  2057/2470/1351 2056/2469/1350 2040/2453/1334
f  2040/2453/1334 2043/2456/1337 2057/2470/1351
f  2056/2469/1350 2060/2473/1354 2044/2457/1338
f  2044/2457/1338 2040/2453/1334 2056/2469/1350
f  2060/2473/1354 2062/2475/1356 2063/2476/1357
f  2063/2476/1357 2044/2457/1338 2060/2473/1354
f  2041/2454/1335 2032/2445/1326 2031/2444/1325
f  2031/2444/1325 2042/2455/1336 2041/2454/1335
f  2045/2458/1339 2066/2479/1360 2032/2445/1326
f  2032/2445/1326 2041/2454/1335 2045/2458/1339
f  2064/2477/1358 2067/2480/1361 2066/2479/1360
f  2066/2479/1360 2045/2458/1339 2064/2477/1358
f  2068/2481/1362 2069/2482/1363 2070/2483/1364
f  2070/2483/1364 2071/2484/1365 2068/2481/1362
f  2033/2446/1327 2068/2481/1362 2071/2484/1365
f  2071/2484/1365 2072/2485/1366 2033/2446/1327
f  2072/2485/1366 2034/2447/1328 2073/2486/1367
f  2073/2486/1367 2074/2487/1368 2072/2485/1366
f  2073/2486/1367 2075/2488/1369 2076/2489/1370
f  2076/2489/1370 2074/2487/1368 2073/2486/1367
f  2069/2482/1363 2077/2490/1371 2078/2491/1372
f  2078/2491/1372 2070/2483/1364 2069/2482/1363
f  2078/2491/1372 2079/2492/1373 2038/2451/1332
f  2038/2451/1332 2070/2483/1364 2078/2491/1372
f  2079/2492/1373 2080/2493/1374 2039/2452/1333
f  2039/2452/1333 2038/2451/1332 2079/2492/1373
f  2081/2494/1375 2082/2495/1376 2075/2488/1369
f  2075/2488/1369 2073/2486/1367 2081/2494/1375
f  2034/2447/1328 2037/2450/1331 2081/2494/1375
f  2081/2494/1375 2073/2486/1367 2034/2447/1328
f  2071/2484/1365 2070/2483/1364 2038/2451/1332
f  2038/2451/1332 2035/2448/1329 2071/2484/1365
f  2072/2485/1366 2071/2484/1365 2035/2448/1329
f  2035/2448/1329 2034/2447/1328 2072/2485/1366
f  2067/2480/1361 2083/2496/1377 2077/2490/1371
f  2077/2490/1371 2069/2482/1363 2067/2480/1361
f  2032/2445/1326 2066/2479/1360 2068/2481/1362
f  2068/2481/1362 2033/2446/1327 2032/2445/1326
f  2066/2479/1360 2067/2480/1361 2069/2482/1363
f  2069/2482/1363 2068/2481/1362 2066/2479/1360
f  2033/2446/1327 2072/2485/1366 2074/2487/1368
f  2074/2487/1368 2028/2441/1322 2033/2446/1327
f  2074/2487/1368 2076/2489/1370 2029/2442/1323
f  2029/2442/1323 2028/2441/1322 2074/2487/1368
f  2084/2497/1378 2085/2498/1379 2086/2499/1380
f  2086/2499/1380 2087/2500/1381 2084/2497/1378
f  2087/2500/1381 2086/2499/1380 2088/2501/1382
f  2088/2501/1382 2089/2502/1383 2087/2500/1381
f  2089/2502/1383 2088/2501/1382 2090/2503/1384
f  2090/2503/1384 2091/2504/1385 2089/2502/1383
f  2091/2504/1385 2090/2503/1384 2092/2505/1386
f  2092/2505/1386 2093/2506/1387 2091/2504/1385
f  2094/2507/1388 2084/2497/1378 2087/2500/1381
f  2087/2500/1381 2095/2508/1389 2094/2507/1388
f  2095/2508/1389 2087/2500/1381 2089/2502/1383
f  2089/2502/1383 2096/2509/1390 2095/2508/1389
f  2096/2509/1390 2089/2502/1383 2091/2504/1385
f  2091/2504/1385 2097/2510/1391 2096/2509/1390
f  2097/2510/1391 2091/2504/1385 2093/2506/1387
f  2093/2506/1387 2098/2511/1392 2097/2510/1391
f  2083/2496/1377 2094/2507/1388 2095/2508/1389
f  2095/2508/1389 2077/2490/1371 2083/2496/1377
f  2077/2490/1371 2095/2508/1389 2096/2509/1390
f  2096/2509/1390 2078/2491/1372 2077/2490/1371
f  2078/2491/1372 2096/2509/1390 2097/2510/1391
f  2097/2510/1391 2079/2492/1373 2078/2491/1372
f  2079/2492/1373 2097/2510/1391 2098/2511/1392
f  2098/2511/1392 2080/2493/1374 2079/2492/1373
f  2099/2512/1393 2083/2496/1377 2067/2480/1361
f  2067/2480/1361 2100/2513/1394 2099/2512/1393
f  2101/2514/1395 2094/2507/1388 2083/2496/1377
f  2083/2496/1377 2099/2512/1393 2101/2514/1395
f  2102/2515/1396 2084/2497/1378 2094/2507/1388
f  2094/2507/1388 2101/2514/1395 2102/2515/1396
f  2085/2498/1379 2084/2497/1378 2102/2515/1396
f  2102/2515/1396 2103/2516/1397 2085/2498/1379
f  2104/2517/1398 2105/2518/1399 2063/2476/1357
f  2063/2476/1357 2062/2475/1356 2104/2517/1398
f  2106/2519/1400 2064/2477/1358 2063/2476/1357
f  2063/2476/1357 2105/2518/1399 2106/2519/1400
f  2100/2513/1394 2067/2480/1361 2064/2477/1358
f  2064/2477/1358 2106/2519/1400 2100/2513/1394
f  2107/2520/1401 2103/2516/1397 2102/2515/1396
f  2102/2515/1396 2101/2514/1395 2107/2520/1401
f  2108/2521/1402 2107/2520/1401 2101/2514/1395
f  2101/2514/1395 2099/2512/1393 2108/2521/1402
f  2109/2522/1403 2108/2521/1402 2099/2512/1393
f  2099/2512/1393 2100/2513/1394 2109/2522/1403
f  2110/2523/1404 2109/2522/1403 2100/2513/1394
f  2100/2513/1394 2106/2519/1400 2110/2523/1404
f  2111/2524/1405 2110/2523/1404 2106/2519/1400
f  2106/2519/1400 2105/2518/1399 2111/2524/1405
f  2104/2517/1398 2112/2525/1406 2111/2524/1405
f  2111/2524/1405 2105/2518/1399 2104/2517/1398
f  2113/2526/1407 2114/2527/1408 2062/2475/1356
f  2062/2475/1356 2061/2474/1355 2113/2526/1407
f  2113/2526/1407 2115/2528/1409 2116/2529/1410
f  2116/2529/1410 2114/2527/1408 2113/2526/1407
f  2116/2529/1410 2104/2517/1398 2062/2475/1356
f  2062/2475/1356 2114/2527/1408 2116/2529/1410
f  2112/2525/1406 2104/2517/1398 2116/2529/1410
f  2116/2529/1410 2115/2528/1409 2112/2525/1406
f  2112/2525/1406 2115/2528/1409 2117/2530/1411
f  2117/2530/1411 2118/2531/1412 2112/2525/1406
f  2118/2531/1412 2117/2530/1411 2119/2532/1413
f  2119/2532/1413 2120/2533/1414 2118/2531/1412
f  2120/2533/1414 2119/2532/1413 2121/2534/1415
f  2121/2534/1415 2122/2535/1416 2120/2533/1414
f  2122/2535/1416 2121/2534/1415 2123/2536/1417
f  2123/2536/1417 2124/2537/1418 2122/2535/1416
f  2124/2537/1418 2123/2536/1417 2125/2538/1419
f  2125/2538/1419 2126/2539/1420 2124/2537/1418
f  2115/2528/1409 2113/2526/1407 2127/2540/1421
f  2127/2540/1421 2117/2530/1411 2115/2528/1409
f  2117/2530/1411 2127/2540/1421 2128/2541/1422
f  2128/2541/1422 2119/2532/1413 2117/2530/1411
f  2119/2532/1413 2128/2541/1422 2129/2542/1423
f  2129/2542/1423 2121/2534/1415 2119/2532/1413
f  2121/2534/1415 2129/2542/1423 2130/2543/1424
f  2130/2543/1424 2123/2536/1417 2121/2534/1415
f  2123/2536/1417 2130/2543/1424 2131/2544/1425
f  2131/2544/1425 2125/2538/1419 2123/2536/1417
f  2113/2526/1407 2061/2474/1355 2132/2545/1426
f  2132/2545/1426 2127/2540/1421 2113/2526/1407
f  2127/2540/1421 2132/2545/1426 2133/2546/1427
f  2133/2546/1427 2128/2541/1422 2127/2540/1421
f  2128/2541/1422 2133/2546/1427 2134/2547/1428
f  2134/2547/1428 2129/2542/1423 2128/2541/1422
f  2129/2542/1423 2134/2547/1428 2135/2548/1429
f  2135/2548/1429 2130/2543/1424 2129/2542/1423
f  2130/2543/1424 2135/2548/1429 2136/2549/1430
f  2136/2549/1430 2131/2544/1425 2130/2543/1424
f  2137/2550/1431 2138/2551/1432 2139/2552/1433
f  2139/2552/1433 2140/2553/1434 2137/2550/1431
f  2140/2553/1434 2139/2552/1433 2141/2554/1435
f  2141/2554/1435 2142/2555/1436 2140/2553/1434
f  2142/2555/1436 2141/2554/1435 2143/2556/1437
f  2143/2556/1437 2144/2557/1438 2142/2555/1436
f  2144/2557/1438 2143/2556/1437 2145/2558/1439
f  2145/2558/1439 2146/2559/1440 2144/2557/1438
f  2146/2559/1440 2145/2558/1439 2147/2560/1441
f  2147/2560/1441 2148/2561/1442 2146/2559/1440
f  2148/2561/1442 2147/2560/1441 2149/2562/1443
f  2149/2562/1443 2150/2563/1444 2148/2561/1442
f  2138/2551/1432 2151/2564/1445 2152/2565/1446
f  2152/2565/1446 2139/2552/1433 2138/2551/1432
f  2139/2552/1433 2152/2565/1446 2153/2566/1447
f  2153/2566/1447 2141/2554/1435 2139/2552/1433
f  2141/2554/1435 2153/2566/1447 2154/2567/1448
f  2154/2567/1448 2143/2556/1437 2141/2554/1435
f  2143/2556/1437 2154/2567/1448 2155/2568/1449
f  2155/2568/1449 2145/2558/1439 2143/2556/1437
f  2145/2558/1439 2155/2568/1449 2156/2569/1450
f  2156/2569/1450 2147/2560/1441 2145/2558/1439
f  2147/2560/1441 2156/2569/1450 2157/2570/1451
f  2157/2570/1451 2149/2562/1443 2147/2560/1441
f  2151/2564/1445 2158/2571/1452 2159/2572/1453
f  2159/2572/1453 2152/2565/1446 2151/2564/1445
f  2152/2565/1446 2159/2572/1453 2160/2573/1454
f  2160/2573/1454 2153/2566/1447 2152/2565/1446
f  2153/2566/1447 2160/2573/1454 2161/2574/1455
f  2161/2574/1455 2154/2567/1448 2153/2566/1447
f  2154/2567/1448 2161/2574/1455 2162/2575/1456
f  2162/2575/1456 2155/2568/1449 2154/2567/1448
f  2155/2568/1449 2162/2575/1456 2163/2576/1457
f  2163/2576/1457 2156/2569/1450 2155/2568/1449
f  2156/2569/1450 2163/2576/1457 2164/2577/1458
f  2164/2577/1458 2157/2570/1451 2156/2569/1450
f  2165/2578/1459 2135/2548/1429 2134/2547/1428
f  2134/2547/1428 2166/2579/1460 2165/2578/1459
f  2167/2580/1461 2136/2549/1430 2135/2548/1429
f  2135/2548/1429 2165/2578/1459 2167/2580/1461
f  2134/2547/1428 2133/2546/1427 2168/2581/1462
f  2168/2581/1462 2166/2579/1460 2134/2547/1428
f  2133/2546/1427 2132/2545/1426 2169/2582/1463
f  2169/2582/1463 2168/2581/1462 2133/2546/1427
f  2061/2474/1355 2170/2583/1464 2169/2582/1463
f  2169/2582/1463 2132/2545/1426 2061/2474/1355
f  2171/2584/1465 2158/2571/1452 2136/2549/1430
f  2136/2549/1430 2167/2580/1461 2171/2584/1465
f  2172/2585/1466 2160/2573/1454 2159/2572/1453
f  2159/2572/1453 2173/2586/1467 2172/2585/1466
f  2174/2587/1468 2161/2574/1455 2160/2573/1454
f  2160/2573/1454 2172/2585/1466 2174/2587/1468
f  2175/2588/1469 2162/2575/1456 2161/2574/1455
f  2161/2574/1455 2174/2587/1468 2175/2588/1469
f  2176/2589/1470 2163/2576/1457 2162/2575/1456
f  2162/2575/1456 2175/2588/1469 2176/2589/1470
f  2177/2590/1471 2164/2577/1458 2163/2576/1457
f  2163/2576/1457 2176/2589/1470 2177/2590/1471
f  2173/2586/1467 2159/2572/1453 2158/2571/1452
f  2158/2571/1452 2171/2584/1465 2173/2586/1467
f  2131/2544/1425 2136/2549/1430 2158/2571/1452
f  2158/2571/1452 2151/2564/1445 2131/2544/1425
f  2125/2538/1419 2131/2544/1425 2151/2564/1445
f  2151/2564/1445 2138/2551/1432 2125/2538/1419
f  2126/2539/1420 2125/2538/1419 2138/2551/1432
f  2138/2551/1432 2137/2550/1431 2126/2539/1420
f  2076/2489/1370 2178/2591/1472 2179/2592/1473
f  2179/2592/1473 2029/2442/1323 2076/2489/1370
f  2082/2495/1376 2180/2593/1474 2181/2594/1475
f  2181/2594/1475 2075/2488/1369 2082/2495/1376
f  2075/2488/1369 2181/2594/1475 2178/2591/1472
f  2178/2591/1472 2076/2489/1370 2075/2488/1369
f  2042/2455/1336 2031/2444/1325 2030/2443/1324
f  2030/2443/1324 2047/2460/1341 2042/2455/1336
f  2054/2467/1348 2057/2470/1351 2043/2456/1337
f  2043/2456/1337 2046/2459/1340 2054/2467/1348
f  2053/2466/1347 2058/2471/1352 2057/2470/1351
f  2057/2470/1351 2054/2467/1348 2053/2466/1347
f  2043/2456/1337 2042/2455/1336 2047/2460/1341
f  2047/2460/1341 2046/2459/1340 2043/2456/1337
f  2029/2442/1323 2179/2592/1473 2065/2478/1359
f  2065/2478/1359 2030/2443/1324 2029/2442/1323
f  2177/2590/1471 2176/2589/1470 2182/2595/1476
f  2182/2595/1476 2183/2596/1477 2177/2590/1471
f  2184/2597/1478 2185/2598/1479 2183/2596/1477
f  2183/2596/1477 2182/2595/1476 2184/2597/1478
f  2176/2589/1470 2175/2588/1469 2186/2599/1480
f  2186/2599/1480 2182/2595/1476 2176/2589/1470
f  2175/2588/1469 2174/2587/1468 2187/2600/1481
f  2187/2600/1481 2186/2599/1480 2175/2588/1469
f  2174/2587/1468 2172/2585/1466 2188/2601/1482
f  2188/2601/1482 2187/2600/1481 2174/2587/1468
f  2172/2585/1466 2173/2586/1467 2189/2602/1483
f  2189/2602/1483 2188/2601/1482 2172/2585/1466
f  2173/2586/1467 2171/2584/1465 2190/2603/1484
f  2190/2603/1484 2189/2602/1483 2173/2586/1467
f  2171/2584/1465 2167/2580/1461 2191/2604/1485
f  2191/2604/1485 2190/2603/1484 2171/2584/1465
f  2167/2580/1461 2165/2578/1459 2192/2605/1486
f  2192/2605/1486 2191/2604/1485 2167/2580/1461
f  2165/2578/1459 2166/2579/1460 2193/2606/1487
f  2193/2606/1487 2192/2605/1486 2165/2578/1459
f  2166/2579/1460 2168/2581/1462 2194/2607/1488
f  2194/2607/1488 2193/2606/1487 2166/2579/1460
f  2168/2581/1462 2169/2582/1463 2195/2608/1489
f  2195/2608/1489 2194/2607/1488 2168/2581/1462
f  2169/2582/1463 2170/2583/1464 2196/2609/1490
f  2196/2609/1490 2195/2608/1489 2169/2582/1463
f  2192/2605/1486 2197/2610/1491 2198/2611/1492
f  2198/2611/1492 2191/2604/1485 2192/2605/1486
f  2193/2606/1487 2199/2612/1493 2197/2610/1491
f  2197/2610/1491 2192/2605/1486 2193/2606/1487
f  2194/2607/1488 2200/2613/1494 2199/2612/1493
f  2199/2612/1493 2193/2606/1487 2194/2607/1488
f  2195/2608/1489 2201/2614/1495 2200/2613/1494
f  2200/2613/1494 2194/2607/1488 2195/2608/1489
f  2195/2608/1489 2196/2609/1490 2202/2615/1496
f  2202/2615/1496 2201/2614/1495 2195/2608/1489
f  2203/2616/1497 2204/2617/1498 2205/2618/1499
f  2205/2618/1499 2206/2619/1500 2203/2616/1497
f  2203/2616/1497 2207/2620/1501 2208/2621/1502
f  2208/2621/1502 2204/2617/1498 2203/2616/1497
f  2206/2619/1500 2209/2622/1503 2210/2623/1504
f  2210/2623/1504 2203/2616/1497 2206/2619/1500
f  2036/2449/1330 2039/2452/1333 2210/2623/1504
f  2210/2623/1504 2209/2622/1503 2036/2449/1330
f  2039/2452/1333 2080/2493/1374 2211/2624/1505
f  2211/2624/1505 2210/2623/1504 2039/2452/1333
f  2211/2624/1505 2207/2620/1501 2203/2616/1497
f  2203/2616/1497 2210/2623/1504 2211/2624/1505
f  2093/2506/1387 2092/2505/1386 2212/2625/1506
f  2212/2625/1506 2098/2511/1392 2093/2506/1387
f  2080/2493/1374 2098/2511/1392 2212/2625/1506
f  2212/2625/1506 2211/2624/1505 2080/2493/1374
f  2212/2625/1506 2207/2620/1501 2211/2624/1505
f  2037/2450/1331 2036/2449/1330 2209/2622/1503
f  2209/2622/1503 2213/2626/1507 2037/2450/1331
f  2209/2622/1503 2206/2619/1500 2214/2627/1508
f  2214/2627/1508 2213/2626/1507 2209/2622/1503
f  2205/2618/1499 2215/2628/1509 2214/2627/1508
f  2214/2627/1508 2206/2619/1500 2205/2618/1499
f  2216/2629/1510 2081/2494/1375 2037/2450/1331
f  2037/2450/1331 2213/2626/1507 2216/2629/1510
f  2213/2626/1507 2214/2627/1508 2217/2630/1511
f  2217/2630/1511 2216/2629/1510 2213/2626/1507
f  2215/2628/1509 2218/2631/1512 2217/2630/1511
f  2217/2630/1511 2214/2627/1508 2215/2628/1509
f  2218/2631/1512 2219/2632/1513 2220/2633/1514
f  2220/2633/1514 2217/2630/1511 2218/2631/1512
f  2220/2633/1514 2219/2632/1513 2221/2634/1515
f  2221/2634/1515 2222/2635/1516 2220/2633/1514
f  2222/2635/1516 2221/2634/1515 2223/2636/1517
f  2223/2636/1517 2224/2637/1518 2222/2635/1516
f  2179/2592/1473 2178/2591/1472 2224/2637/1518
f  2224/2637/1518 2223/2636/1517 2179/2592/1473
f  2225/2638/1519 2216/2629/1510 2217/2630/1511
f  2217/2630/1511 2220/2633/1514 2225/2638/1519
f  2225/2638/1519 2220/2633/1514 2222/2635/1516
f  2222/2635/1516 2226/2639/1520 2225/2638/1519
f  2226/2639/1520 2222/2635/1516 2224/2637/1518
f  2224/2637/1518 2227/2640/1521 2226/2639/1520
f  2178/2591/1472 2181/2594/1475 2227/2640/1521
f  2227/2640/1521 2224/2637/1518 2178/2591/1472
f  2181/2594/1475 2180/2593/1474 2226/2639/1520
f  2226/2639/1520 2227/2640/1521 2181/2594/1475
f  2180/2593/1474 2082/2495/1376 2225/2638/1519
f  2225/2638/1519 2226/2639/1520 2180/2593/1474
f  2225/2638/1519 2082/2495/1376 2081/2494/1375
f  2081/2494/1375 2216/2629/1510 2225/2638/1519
f  2050/2463/1344 2049/2462/1343 2048/2461/1342
f  2048/2461/1342 2065/2478/1359 2050/2463/1344
f  2228/2641/1522 2065/2478/1359 2179/2592/1473
f  2179/2592/1473 2223/2636/1517 2228/2641/1522
f  2065/2478/1359 2228/2641/1522 2051/2464/1345
f  2051/2464/1345 2050/2463/1344 2065/2478/1359
f  2223/2636/1517 2221/2634/1515 2229/2642/1523
f  2229/2642/1523 2228/2641/1522 2223/2636/1517
f  2229/2642/1523 2052/2465/1346 2051/2464/1345
f  2051/2464/1345 2228/2641/1522 2229/2642/1523
f  2221/2634/1515 2219/2632/1513 2230/2643/1524
f  2230/2643/1524 2229/2642/1523 2221/2634/1515
f  2219/2632/1513 2218/2631/1512 2231/2644/1525
f  2231/2644/1525 2230/2643/1524 2219/2632/1513
f  2215/2628/1509 2232/2645/1526 2231/2644/1525
f  2231/2644/1525 2218/2631/1512 2215/2628/1509
f  2230/2643/1524 2053/2466/1347 2052/2465/1346
f  2052/2465/1346 2229/2642/1523 2230/2643/1524
f  2231/2644/1525 2058/2471/1352 2053/2466/1347
f  2053/2466/1347 2230/2643/1524 2231/2644/1525
f  2232/2645/1526 2055/2468/1349 2058/2471/1352
f  2058/2471/1352 2231/2644/1525 2232/2645/1526
f  2061/2474/1355 2059/2472/1353 2233/2646/1527
f  2233/2646/1527 2170/2583/1464 2061/2474/1355
f  2196/2609/1490 2170/2583/1464 2233/2646/1527
f  2233/2646/1527 2234/2647/1528 2196/2609/1490
f  2202/2615/1496 2196/2609/1490 2234/2647/1528
f  2234/2647/1528 2235/2648/1529 2202/2615/1496
f  2236/2649/1530 2202/2615/1496 2235/2648/1529
f  2235/2648/1529 2237/2650/1531 2236/2649/1530
f  2238/2651/1532 2239/2652/1533 2237/2650/1531
f  2237/2650/1531 2235/2648/1529 2238/2651/1532
f  2240/2653/1534 2239/2652/1533 2238/2651/1532
f  2238/2651/1532 2241/2654/1535 2240/2653/1534
f  2240/2653/1534 2241/2654/1535 2242/2655/1536
f  2242/2655/1536 2243/2656/1537 2240/2653/1534
f  2243/2656/1537 2242/2655/1536 2244/2657/1538
f  2244/2657/1538 2245/2658/1539 2243/2656/1537
f  2208/2621/1502 2245/2658/1539 2244/2657/1538
f  2244/2657/1538 2204/2617/1498 2208/2621/1502
f  2235/2648/1529 2234/2647/1528 2246/2659/1540
f  2246/2659/1540 2238/2651/1532 2235/2648/1529
f  2241/2654/1535 2238/2651/1532 2246/2659/1540
f  2246/2659/1540 2247/2660/1541 2241/2654/1535
f  2242/2655/1536 2241/2654/1535 2247/2660/1541
f  2247/2660/1541 2248/2661/1542 2242/2655/1536
f  2244/2657/1538 2242/2655/1536 2248/2661/1542
f  2248/2661/1542 2249/2662/1543 2244/2657/1538
f  2204/2617/1498 2244/2657/1538 2249/2662/1543
f  2249/2662/1543 2205/2618/1499 2204/2617/1498
f  2250/2663/1544 2215/2628/1509 2205/2618/1499
f  2205/2618/1499 2249/2662/1543 2250/2663/1544
f  2249/2662/1543 2248/2661/1542 2251/2664/1545
f  2251/2664/1545 2250/2663/1544 2249/2662/1543
f  2251/2664/1545 2232/2645/1526 2215/2628/1509
f  2215/2628/1509 2250/2663/1544 2251/2664/1545
f  2251/2664/1545 2252/2665/1546 2055/2468/1349
f  2055/2468/1349 2232/2645/1526 2251/2664/1545
f  2234/2647/1528 2233/2646/1527 2253/2666/1547
f  2253/2666/1547 2246/2659/1540 2234/2647/1528
f  2059/2472/1353 2254/2667/1548 2253/2666/1547
f  2253/2666/1547 2233/2646/1527 2059/2472/1353
f  2254/2667/1548 2059/2472/1353 2055/2468/1349
f  2055/2468/1349 2252/2665/1546 2254/2667/1548
f  2248/2661/1542 2247/2660/1541 2255/2668/1549
f  2255/2668/1549 2251/2664/1545 2248/2661/1542
f  2246/2659/1540 2253/2666/1547 2255/2668/1549
f  2255/2668/1549 2247/2660/1541 2246/2659/1540
f  2255/2668/1549 2253/2666/1547 2254/2667/1548
f  2254/2667/1548 2252/2665/1546 2255/2668/1549
f  2252/2665/1546 2251/2664/1545 2255/2668/1549
f  2202/2615/1496 2236/2649/1530 2256/2669/1550
f  2256/2669/1550 2201/2614/1495 2202/2615/1496
f  2257/2670/1551 2200/2613/1494 2201/2614/1495
f  2201/2614/1495 2256/2669/1550 2257/2670/1551
f  2258/2671/1552 2199/2612/1493 2200/2613/1494
f  2200/2613/1494 2257/2670/1551 2258/2671/1552
f  2259/2672/1553 2197/2610/1491 2199/2612/1493
f  2199/2612/1493 2258/2671/1552 2259/2672/1553
f  2260/2673/1554 2198/2611/1492 2197/2610/1491
f  2197/2610/1491 2259/2672/1553 2260/2673/1554
f  2261/2674/1555 2262/2675/1556 2198/2611/1492
f  2198/2611/1492 2260/2673/1554 2261/2674/1555
f  2263/2676/1557 2264/2677/1558 2262/2675/1556
f  2262/2675/1556 2261/2674/1555 2263/2676/1557
f  2265/2678/1559 2266/2679/1560 2264/2677/1558
f  2264/2677/1558 2263/2676/1557 2265/2678/1559
f  2267/2680/1561 2268/2681/1562 2266/2679/1560
f  2266/2679/1560 2265/2678/1559 2267/2680/1561
f  2269/2682/1563 2270/2683/1564 2268/2681/1562
f  2268/2681/1562 2267/2680/1561 2269/2682/1563
f  2271/2684/1565 2184/2597/1478 2270/2683/1564
f  2270/2683/1564 2269/2682/1563 2271/2684/1565
f  2272/2685/1566 2185/2598/1479 2184/2597/1478
f  2184/2597/1478 2271/2684/1565 2272/2685/1566
f  2148/2686/1442 2150/2687/1444 2273/2688/1567
f  2273/2688/1567 2146/2689/1440 2148/2686/1442
f  2274/2690/1568 2144/2691/1438 2146/2689/1440
f  2146/2689/1440 2273/2688/1567 2274/2690/1568
f  2273/2688/1567 2275/2692/1569 2276/2693/1570
f  2276/2693/1570 2274/2690/1568 2273/2688/1567
f  2275/2692/1569 2277/2694/1571 2278/2695/1572
f  2278/2695/1572 2276/2693/1570 2275/2692/1569
f  2279/2696/1573 2142/2697/1436 2144/2691/1438
f  2144/2691/1438 2274/2690/1568 2279/2696/1573
f  2274/2690/1568 2276/2693/1570 2280/2698/1574
f  2280/2698/1574 2279/2696/1573 2274/2690/1568
f  2276/2693/1570 2278/2695/1572 2281/2699/1575
f  2281/2699/1575 2280/2698/1574 2276/2693/1570
f  2282/2700/1576 2140/2701/1434 2142/2697/1436
f  2142/2697/1436 2279/2696/1573 2282/2700/1576
f  2279/2696/1573 2280/2698/1574 2283/2702/1577
f  2283/2702/1577 2282/2700/1576 2279/2696/1573
f  2280/2698/1574 2281/2699/1575 2284/2703/1578
f  2284/2703/1578 2283/2702/1577 2280/2698/1574
f  2282/2700/1576 2285/2704/1579 2137/2705/1431
f  2137/2705/1431 2140/2701/1434 2282/2700/1576
f  2285/2704/1579 2124/2706/1418 2126/2707/1420
f  2126/2707/1420 2137/2705/1431 2285/2704/1579
f  2282/2700/1576 2283/2702/1577 2286/2708/1580
f  2286/2708/1580 2285/2704/1579 2282/2700/1576
f  2283/2702/1577 2284/2703/1578 2287/2709/1581
f  2287/2709/1581 2286/2708/1580 2283/2702/1577
f  2288/2710/1582 2122/2711/1416 2124/2706/1418
f  2124/2706/1418 2285/2704/1579 2288/2710/1582
f  2285/2704/1579 2286/2708/1580 2289/2712/1583
f  2289/2712/1583 2288/2710/1582 2285/2704/1579
f  2286/2708/1580 2287/2709/1581 2290/2713/1584
f  2290/2713/1584 2289/2712/1583 2286/2708/1580
f  2291/2714/1585 2120/2715/1414 2122/2711/1416
f  2122/2711/1416 2288/2710/1582 2291/2714/1585
f  2288/2710/1582 2289/2712/1583 2292/2716/1586
f  2292/2716/1586 2291/2714/1585 2288/2710/1582
f  2289/2712/1583 2290/2713/1584 2293/2717/1587
f  2293/2717/1587 2292/2716/1586 2289/2712/1583
f  2291/2714/1585 2294/2718/1588 2118/2719/1412
f  2118/2719/1412 2120/2715/1414 2291/2714/1585
f  2294/2718/1588 2295/2720/1589 2112/2721/1406
f  2112/2721/1406 2118/2719/1412 2294/2718/1588
f  2295/2720/1589 2296/2722/1590 2111/2723/1405
f  2111/2723/1405 2112/2721/1406 2295/2720/1589
f  2296/2722/1590 2297/2724/1591 2110/2725/1404
f  2110/2725/1404 2111/2723/1405 2296/2722/1590
f  2298/2726/1592 2109/2727/1403 2110/2725/1404
f  2110/2725/1404 2297/2724/1591 2298/2726/1592
f  2299/2728/1593 2108/2729/1402 2109/2727/1403
f  2109/2727/1403 2298/2726/1592 2299/2728/1593
f  2300/2730/1594 2107/2731/1401 2108/2729/1402
f  2108/2729/1402 2299/2728/1593 2300/2730/1594
f  2301/2732/1595 2103/2733/1397 2107/2731/1401
f  2107/2731/1401 2300/2730/1594 2301/2732/1595
f  2302/2734/1596 2085/2735/1379 2103/2733/1397
f  2103/2733/1397 2301/2732/1595 2302/2734/1596
f  2303/2736/1597 2086/2737/1380 2085/2735/1379
f  2085/2735/1379 2302/2734/1596 2303/2736/1597
f  2304/2738/1598 2088/2739/1382 2086/2737/1380
f  2086/2737/1380 2303/2736/1597 2304/2738/1598
f  2305/2740/1599 2090/2741/1384 2088/2739/1382
f  2088/2739/1382 2304/2738/1598 2305/2740/1599
f  2306/2742/1600 2092/2743/1386 2090/2741/1384
f  2090/2741/1384 2305/2740/1599 2306/2742/1600
f  2212/2744/1506 2092/2743/1386 2306/2742/1600
f  2306/2742/1600 2307/2745/1601 2212/2744/1506
f  2291/2714/1585 2292/2716/1586 2308/2746/1602
f  2308/2746/1602 2294/2718/1588 2291/2714/1585
f  2309/2747/1603 2295/2720/1589 2294/2718/1588
f  2294/2718/1588 2308/2746/1602 2309/2747/1603
f  2292/2716/1586 2293/2717/1587 2310/2748/1604
f  2310/2748/1604 2308/2746/1602 2292/2716/1586
f  2310/2748/1604 2311/2749/1605 2309/2747/1603
f  2309/2747/1603 2308/2746/1602 2310/2748/1604
f  2311/2749/1605 2296/2722/1590 2295/2720/1589
f  2295/2720/1589 2309/2747/1603 2311/2749/1605
f  2312/2750/1606 2313/2751/1607 2307/2745/1601
f  2307/2745/1601 2306/2742/1600 2312/2750/1606
f  45/2752/45 51/2753/51 2313/2751/1607
f  2313/2751/1607 2312/2750/1606 45/2752/45
f  2306/2742/1600 2305/2740/1599 2314/2754/1608
f  2314/2754/1608 2312/2750/1606 2306/2742/1600
f  2305/2740/1599 2304/2738/1598 2315/2755/1609
f  2315/2755/1609 2314/2754/1608 2305/2740/1599
f  2304/2738/1598 2303/2736/1597 2316/2756/1610
f  2316/2756/1610 2315/2755/1609 2304/2738/1598
f  2303/2736/1597 2302/2734/1596 2317/2757/1611
f  2317/2757/1611 2316/2756/1610 2303/2736/1597
f  2302/2734/1596 2301/2732/1595 2318/2758/1612
f  2318/2758/1612 2317/2757/1611 2302/2734/1596
f  2301/2732/1595 2300/2730/1594 2319/2759/1613
f  2319/2759/1613 2318/2758/1612 2301/2732/1595
f  2300/2730/1594 2299/2728/1593 2320/2760/1614
f  2320/2760/1614 2319/2759/1613 2300/2730/1594
f  2320/2760/1614 2299/2728/1593 2298/2726/1592
f  2298/2726/1592 2321/2761/1615 2320/2760/1614
f  2314/2754/1608 39/2762/39 45/2752/45
f  45/2752/45 2312/2750/1606 2314/2754/1608
f  2315/2755/1609 31/2763/31 39/2762/39
f  39/2762/39 2314/2754/1608 2315/2755/1609
f  2316/2756/1610 32/2764/32 31/2763/31
f  31/2763/31 2315/2755/1609 2316/2756/1610
f  2317/2757/1611 99/2765/99 32/2764/32
f  32/2764/32 2316/2756/1610 2317/2757/1611
f  2318/2758/1612 95/2766/95 99/2765/99
f  99/2765/99 2317/2757/1611 2318/2758/1612
f  2319/2759/1613 17/2767/17 95/2766/95
f  95/2766/95 2318/2758/1612 2319/2759/1613
f  2320/2760/1614 15/2768/15 17/2767/17
f  17/2767/17 2319/2759/1613 2320/2760/1614
f  2321/2761/1615 13/2769/13 15/2768/15
f  15/2768/15 2320/2760/1614 2321/2761/1615
f  2322/2770/1616 2297/2724/1591 2296/2722/1590
f  2296/2722/1590 2311/2749/1605 2322/2770/1616
f  2298/2726/1592 2297/2724/1591 2322/2770/1616
f  2322/2770/1616 2321/2761/1615 2298/2726/1592
f  2311/2749/1605 2310/2748/1604 2323/2771/1617
f  2323/2771/1617 2322/2770/1616 2311/2749/1605
f  2323/2771/1617 13/2769/13 2321/2761/1615
f  2321/2761/1615 2322/2770/1616 2323/2771/1617
f  2310/2748/1604 2293/2717/1587 2324/2772/1618
f  2324/2772/1618 2323/2771/1617 2310/2748/1604
f  2323/2771/1617 2324/2772/1618 11/2773/11
f  11/2773/11 13/2769/13 2323/2771/1617
f  2293/2717/1587 2290/2713/1584 2325/2774/1619
f  2325/2774/1619 2324/2772/1618 2293/2717/1587
f  2324/2772/1618 2325/2774/1619 9/2775/9
f  9/2775/9 11/2773/11 2324/2772/1618
f  2290/2713/1584 2287/2709/1581 2326/2776/1620
f  2326/2776/1620 2325/2774/1619 2290/2713/1584
f  2325/2774/1619 2326/2776/1620 7/2777/7
f  7/2777/7 9/2775/9 2325/2774/1619
f  2287/2709/1581 2284/2703/1578 2327/2778/1621
f  2327/2778/1621 2326/2776/1620 2287/2709/1581
f  2326/2776/1620 2327/2778/1621 5/2779/5
f  5/2779/5 7/2777/7 2326/2776/1620
f  2284/2703/1578 2281/2699/1575 2328/2780/1622
f  2328/2780/1622 2327/2778/1621 2284/2703/1578
f  2327/2778/1621 2328/2780/1622 1/2781/1
f  1/2781/1 5/2779/5 2327/2778/1621
f  2281/2699/1575 2278/2695/1572 2329/2782/1623
f  2329/2782/1623 2328/2780/1622 2281/2699/1575
f  2328/2780/1622 2329/2782/1623 2/2783/2
f  2/2783/2 1/2781/1 2328/2780/1622
f  2278/2695/1572 2277/2694/1571 2330/2784/1624
f  2330/2784/1624 2329/2782/1623 2278/2695/1572
f  2329/2782/1623 2330/2784/1624 115/2785/115
f  115/2785/115 2/2783/2 2329/2782/1623
f  23/2786/23 35/2440/35 2023/2427/1317
f  2023/2427/1317 2331/2787/1625 23/2786/23
f  2331/2787/1625 2332/2788/1626 24/2789/24
f  24/2789/24 23/2786/23 2331/2787/1625
f  2332/2788/1626 2333/2790/1627 97/2791/97
f  97/2791/97 24/2789/24 2332/2788/1626
f  2333/2790/1627 2334/2792/1628 89/2793/89
f  89/2793/89 97/2791/97 2333/2790/1627
f  2334/2792/1628 2335/2794/1629 87/2795/87
f  87/2795/87 89/2793/89 2334/2792/1628
f  2335/2794/1629 2336/2796/1630 85/2797/85
f  85/2797/85 87/2795/87 2335/2794/1629
f  2337/2798/1631 2313/2751/1607 51/2753/51
f  51/2753/51 57/2799/57 2337/2798/1631
f  2337/2798/1631 57/2799/57 63/2800/63
f  63/2800/63 2338/2801/1632 2337/2798/1631
f  63/2800/63 73/2802/73 2339/2803/1633
f  2339/2803/1633 2338/2801/1632 63/2800/63
f  73/2802/73 81/2804/81 2340/2805/1634
f  2340/2805/1634 2339/2803/1633 73/2802/73
f  85/2806/85 2336/2807/1630 2340/2805/1634
f  2340/2805/1634 81/2804/81 85/2806/85
f  2341/2808/1635 2342/2809/1636 2313/2751/1607
f  2313/2751/1607 2343/2810/1637 2341/2808/1635
f  2341/2808/1635 2343/2810/1637 2338/2801/1632
f  2338/2801/1632 2339/2803/1633 2341/2808/1635
f  2339/2803/1633 2340/2805/1634 2344/2811/1638
f  2344/2811/1638 2341/2808/1635 2339/2803/1633
f  2340/2805/1634 2336/2807/1630 2344/2811/1638
f  2343/2810/1637 2313/2751/1607 2337/2798/1631
f  2337/2798/1631 2338/2801/1632 2343/2810/1637
f  2307/2745/1601 2313/2751/1607 2342/2809/1636
f  2342/2809/1636 2345/2812/1639 2307/2745/1601
f  2207/2813/1501 2212/2744/1506 2307/2745/1601
f  2307/2745/1601 2345/2812/1639 2207/2813/1501
f  1499/1848/793 2346/2814/1640 2347/2815/1641
f  2347/2815/1641 1500/1849/794 1499/1848/793
f  1501/1850/795 1500/1849/794 2347/2815/1641
f  2347/2815/1641 2348/2816/1642 1501/1850/795
f  1501/1850/795 2348/2816/1642 2349/2817/1643
f  2349/2817/1643 1504/1853/798 1501/1850/795
f  2349/2817/1643 2350/2818/1644 1505/1854/799
f  1505/1854/799 1504/1853/798 2349/2817/1643
f  2351/2819/1645 1507/1856/801 1505/1854/799
f  1505/1854/799 2350/2818/1644 2351/2819/1645
f  2352/2820/1646 2353/2821/1647 2347/2815/1641
f  2347/2815/1641 2346/2814/1640 2352/2820/1646
f  2347/2815/1641 2353/2821/1647 2354/2822/1648
f  2354/2822/1648 2355/2823/1649 2347/2815/1641
f  2355/2823/1649 2356/2824/1650 2348/2816/1642
f  2348/2816/1642 2347/2815/1641 2355/2823/1649
f  2356/2824/1650 2357/2825/1651 2349/2817/1643
f  2349/2817/1643 2348/2816/1642 2356/2824/1650
f  2358/2826/1652 2350/2818/1644 2349/2817/1643
f  2349/2817/1643 2357/2825/1651 2358/2826/1652
f  2359/2827/1653 2351/2819/1645 2350/2818/1644
f  2350/2818/1644 2358/2826/1652 2359/2827/1653
f  2360/2828/1654 2355/2823/1649 2354/2822/1648
f  2354/2822/1648 2361/2829/1655 2360/2828/1654
f  2360/2828/1654 2362/2830/1656 2356/2824/1650
f  2356/2824/1650 2355/2823/1649 2360/2828/1654
f  2363/2831/1657 2364/2832/1658 2352/2820/1646
f  2352/2820/1646 2346/2814/1640 2363/2831/1657
f  2365/2833/1659 2366/2834/1660 2364/2832/1658
f  2364/2832/1658 2363/2831/1657 2365/2833/1659
f  2367/2835/1661 2368/2836/1662 2366/2834/1660
f  2366/2834/1660 2365/2833/1659 2367/2835/1661
f  2369/2837/1663 2370/2838/1664 2368/2836/1662
f  2368/2836/1662 2367/2835/1661 2369/2837/1663
f  2371/2839/1665 2372/2840/1666 2370/2838/1664
f  2370/2838/1664 2369/2837/1663 2371/2839/1665
f  2373/2841/1667 2374/2842/1668 2372/2840/1666
f  2372/2840/1666 2371/2839/1665 2373/2841/1667
f  2375/2843/1669 2376/2844/1670 2374/2842/1668
f  2374/2842/1668 2373/2841/1667 2375/2843/1669
f  2377/2845/1671 2378/2846/1672 2376/2844/1670
f  2376/2844/1670 2375/2843/1669 2377/2845/1671
f  2379/2847/1673 2380/2848/1674 2378/2846/1672
f  2378/2846/1672 2377/2845/1671 2379/2847/1673
f  2363/2831/1657 2346/2814/1640 1499/1848/793
f  1499/1848/793 1538/1887/832 2363/2831/1657
f  1538/1887/832 1540/1889/834 2381/2849/1675
f  2381/2849/1675 2363/2831/1657 1538/1887/832
f  2382/2850/1676 2383/2851/1677 2380/2848/1674
f  2380/2848/1674 2379/2847/1673 2382/2850/1676
f  2384/2852/1678 2383/2851/1677 2382/2850/1676
f  2382/2850/1676 2385/2853/1679 2384/2852/1678
f  2386/2854/1680 2384/2852/1678 2385/2853/1679
f  2385/2853/1679 2387/2855/1681 2386/2854/1680
f  2388/2856/1682 2386/2854/1680 2387/2855/1681
f  2387/2855/1681 2389/2857/1683 2388/2856/1682
f  2390/2858/1684 2388/2856/1682 2389/2857/1683
f  2389/2857/1683 2391/2859/1685 2390/2858/1684
f  2392/2860/1686 2393/2861/1687 2394/2862/1688
f  2394/2862/1688 2395/2863/1689 2392/2860/1686
f  2361/2829/1655 2392/2860/1686 2395/2863/1689
f  2395/2863/1689 2360/2828/1654 2361/2829/1655
f  2396/2864/1690 2365/2833/1659 2363/2831/1657
f  2363/2831/1657 2381/2849/1675 2396/2864/1690
f  2397/2865/1691 2367/2835/1661 2365/2833/1659
f  2365/2833/1659 2396/2864/1690 2397/2865/1691
f  2398/2866/1692 2369/2837/1663 2367/2835/1661
f  2367/2835/1661 2397/2865/1691 2398/2866/1692
f  2399/2867/1693 2371/2839/1665 2369/2837/1663
f  2369/2837/1663 2398/2866/1692 2399/2867/1693
f  2400/2868/1694 2373/2841/1667 2371/2839/1665
f  2371/2839/1665 2399/2867/1693 2400/2868/1694
f  2401/2869/1695 2375/2843/1669 2373/2841/1667
f  2373/2841/1667 2400/2868/1694 2401/2869/1695
f  2402/2870/1696 2377/2845/1671 2375/2843/1669
f  2375/2843/1669 2401/2869/1695 2402/2870/1696
f  2403/2871/1697 2381/2849/1675 1540/1889/834
f  1540/1889/834 1563/1912/857 2403/2871/1697
f  2396/2864/1690 2381/2849/1675 2403/2871/1697
f  2403/2871/1697 2397/2865/1691 2396/2864/1690
f  599/2872/286 588/2873/275 2379/2847/1673
f  2379/2847/1673 2377/2845/1671 599/2872/286
f  2377/2845/1671 2402/2870/1696 593/2874/280
f  593/2874/280 599/2872/286 2377/2845/1671
f  2401/2869/1695 594/2875/281 593/2874/280
f  593/2874/280 2402/2870/1696 2401/2869/1695
f  600/2876/287 594/2875/281 2401/2869/1695
f  2401/2869/1695 2404/2877/1698 600/2876/287
f  606/2878/293 600/2876/287 2404/2877/1698
f  2404/2877/1698 2405/2879/1699 606/2878/293
f  616/2880/303 606/2878/293 2405/2879/1699
f  2405/2879/1699 2406/2881/1700 616/2880/303
f  2407/2882/1701 616/2880/303 2406/2881/1700
f  2406/2881/1700 2408/2883/1702 2407/2882/1701
f  2409/2884/1703 2407/2882/1701 2408/2883/1702
f  2408/2883/1702 2410/2885/1704 2409/2884/1703
f  2404/2877/1698 2401/2869/1695 2400/2868/1694
f  2400/2868/1694 2411/2886/1705 2404/2877/1698
f  2405/2879/1699 2404/2877/1698 2411/2886/1705
f  2411/2886/1705 2412/2887/1706 2405/2879/1699
f  2406/2881/1700 2405/2879/1699 2412/2887/1706
f  2412/2887/1706 2413/2888/1707 2406/2881/1700
f  2408/2883/1702 2406/2881/1700 2413/2888/1707
f  2413/2888/1707 2414/2889/1708 2408/2883/1702
f  2410/2885/1704 2408/2883/1702 2414/2889/1708
f  2414/2889/1708 655/2890/342 2410/2885/1704
f  2411/2886/1705 2400/2868/1694 2399/2867/1693
f  2399/2867/1693 2415/2891/1709 2411/2886/1705
f  2412/2887/1706 2411/2886/1705 2415/2891/1709
f  2415/2891/1709 2416/2892/1710 2412/2887/1706
f  2413/2888/1707 2412/2887/1706 2416/2892/1710
f  2416/2892/1710 2417/2893/1711 2413/2888/1707
f  2414/2889/1708 2413/2888/1707 2417/2893/1711
f  2417/2893/1711 2418/2894/1712 2414/2889/1708
f  655/2890/342 2414/2889/1708 2418/2894/1712
f  2418/2894/1712 656/2895/343 655/2890/342
f  2415/2891/1709 2399/2867/1693 2398/2866/1692
f  2398/2866/1692 2419/2896/1713 2415/2891/1709
f  2416/2892/1710 2415/2891/1709 2419/2896/1713
f  2419/2896/1713 2420/2897/1714 2416/2892/1710
f  2417/2893/1711 2416/2892/1710 2420/2897/1714
f  2420/2897/1714 2421/2898/1715 2417/2893/1711
f  2418/2894/1712 2417/2893/1711 2421/2898/1715
f  2421/2898/1715 2422/2899/1716 2418/2894/1712
f  656/2895/343 2418/2894/1712 2422/2899/1716
f  2422/2899/1716 650/2900/337 656/2895/343
f  2419/2896/1713 2398/2866/1692 2397/2865/1691
f  2397/2865/1691 2423/2901/1717 2419/2896/1713
f  2420/2897/1714 2419/2896/1713 2423/2901/1717
f  2423/2901/1717 2424/2902/1718 2420/2897/1714
f  2421/2898/1715 2420/2897/1714 2424/2902/1718
f  2424/2902/1718 2425/2903/1719 2421/2898/1715
f  2422/2899/1716 2421/2898/1715 2425/2903/1719
f  2425/2903/1719 2426/2904/1720 2422/2899/1716
f  650/2900/337 2422/2899/1716 2426/2904/1720
f  2426/2904/1720 651/2905/338 650/2900/337
f  2423/2901/1717 2397/2865/1691 2403/2871/1697
f  2403/2871/1697 2427/2906/1721 2423/2901/1717
f  2424/2902/1718 2423/2901/1717 2427/2906/1721
f  2427/2906/1721 2428/2907/1722 2424/2902/1718
f  2425/2903/1719 2424/2902/1718 2428/2907/1722
f  2428/2907/1722 2429/2908/1723 2425/2903/1719
f  2426/2904/1720 2425/2903/1719 2429/2908/1723
f  2429/2908/1723 2430/2909/1724 2426/2904/1720
f  651/2905/338 2426/2904/1720 2430/2909/1724
f  2430/2909/1724 648/2910/335 651/2905/338
f  2427/2906/1721 2403/2871/1697 1563/1912/857
f  1563/1912/857 1591/1952/885 2427/2906/1721
f  2428/2907/1722 2427/2906/1721 1591/1952/885
f  1591/1952/885 1592/1953/886 2428/2907/1722
f  2429/2908/1723 2428/2907/1722 1592/1953/886
f  1592/1953/886 1593/1954/887 2429/2908/1723
f  2430/2909/1724 2429/2908/1723 1593/1954/887
f  1593/1954/887 1594/1955/888 2430/2909/1724
f  648/2910/335 2430/2909/1724 1594/1955/888
f  1594/1955/888 103/1956/103 648/2910/335
f  2431/2911/1725 2432/2912/1726 2433/2913/1727
f  2433/2913/1727 2434/2914/1728 2431/2911/1725
f  2435/2915/1729 2431/2911/1725 2434/2914/1728
f  2434/2914/1728 2436/2916/1730 2435/2915/1729
f  2437/2917/1731 2435/2915/1729 2436/2916/1730
f  2436/2916/1730 2438/2918/1732 2437/2917/1731
f  2439/2919/1733 2437/2917/1731 2438/2918/1732
f  2438/2918/1732 2440/2920/1734 2439/2919/1733
f  2441/2921/1735 2442/2922/1736 2443/2923/1737
f  2443/2923/1737 2444/2924/1738 2441/2921/1735
f  2445/2925/1739 2446/2926/1740 2432/2912/1726
f  2432/2912/1726 2431/2911/1725 2445/2925/1739
f  2447/2927/1741 2445/2925/1739 2431/2911/1725
f  2431/2911/1725 2435/2915/1729 2447/2927/1741
f  2448/2928/1742 2447/2927/1741 2435/2915/1729
f  2435/2915/1729 2437/2917/1731 2448/2928/1742
f  2449/2929/1743 2448/2928/1742 2437/2917/1731
f  2437/2917/1731 2439/2919/1733 2449/2929/1743
f  2450/2930/1744 2451/2931/1745 2442/2922/1736
f  2442/2922/1736 2441/2921/1735 2450/2930/1744
f  2385/2853/1679 2382/2850/1676 2446/2926/1740
f  2446/2926/1740 2445/2925/1739 2385/2853/1679
f  2387/2855/1681 2385/2853/1679 2445/2925/1739
f  2445/2925/1739 2447/2927/1741 2387/2855/1681
f  2389/2857/1683 2387/2855/1681 2447/2927/1741
f  2447/2927/1741 2448/2928/1742 2389/2857/1683
f  2391/2859/1685 2389/2857/1683 2448/2928/1742
f  2448/2928/1742 2449/2929/1743 2391/2859/1685
f  2395/2863/1689 2394/2862/1688 2451/2931/1745
f  2451/2931/1745 2450/2930/1744 2395/2863/1689
f  2450/2930/1744 2362/2830/1656 2360/2828/1654
f  2360/2828/1654 2395/2863/1689 2450/2930/1744
f  2452/2932/1746 2357/2825/1651 2356/2824/1650
f  2356/2824/1650 2362/2830/1656 2452/2932/1746
f  2450/2930/1744 2441/2921/1735 2453/2933/1747
f  2453/2933/1747 2362/2830/1656 2450/2930/1744
f  2394/2862/1688 2391/2859/1685 2449/2929/1743
f  2449/2929/1743 2451/2931/1745 2394/2862/1688
f  2451/2931/1745 2449/2929/1743 2439/2919/1733
f  2439/2919/1733 2442/2922/1736 2451/2931/1745
f  2442/2922/1736 2439/2919/1733 2440/2920/1734
f  2440/2920/1734 2443/2923/1737 2442/2922/1736
f  2393/2861/1687 2390/2858/1684 2391/2859/1685
f  2391/2859/1685 2394/2862/1688 2393/2861/1687
f  2392/2860/1686 2361/2829/1655 2354/2822/1648
f  2354/2822/1648 2454/2934/1748 2392/2860/1686
f  2393/2861/1687 2392/2860/1686 2454/2934/1748
f  2454/2934/1748 2455/2935/1749 2393/2861/1687
f  2390/2858/1684 2393/2861/1687 2455/2935/1749
f  2455/2935/1749 2456/2936/1750 2390/2858/1684
f  2388/2856/1682 2390/2858/1684 2456/2936/1750
f  2456/2936/1750 2457/2937/1751 2388/2856/1682
f  2386/2854/1680 2388/2856/1682 2457/2937/1751
f  2457/2937/1751 2458/2938/1752 2386/2854/1680
f  2384/2852/1678 2386/2854/1680 2458/2938/1752
f  2458/2938/1752 2383/2851/1677 2384/2852/1678
f  2454/2934/1748 2354/2822/1648 2353/2821/1647
f  2353/2821/1647 2459/2939/1753 2454/2934/1748
f  2455/2935/1749 2454/2934/1748 2459/2939/1753
f  2459/2939/1753 2460/2940/1754 2455/2935/1749
f  2456/2936/1750 2455/2935/1749 2460/2940/1754
f  2460/2940/1754 2461/2941/1755 2456/2936/1750
f  2457/2937/1751 2456/2936/1750 2461/2941/1755
f  2461/2941/1755 2462/2942/1756 2457/2937/1751
f  2458/2938/1752 2457/2937/1751 2462/2942/1756
f  2462/2942/1756 2463/2943/1757 2458/2938/1752
f  2383/2851/1677 2458/2938/1752 2463/2943/1757
f  2463/2943/1757 2380/2848/1674 2383/2851/1677
f  2459/2939/1753 2353/2821/1647 2352/2820/1646
f  2352/2820/1646 2464/2944/1758 2459/2939/1753
f  2460/2940/1754 2459/2939/1753 2464/2944/1758
f  2464/2944/1758 2465/2945/1759 2460/2940/1754
f  2461/2941/1755 2460/2940/1754 2465/2945/1759
f  2465/2945/1759 2466/2946/1760 2461/2941/1755
f  2462/2942/1756 2461/2941/1755 2466/2946/1760
f  2466/2946/1760 2467/2947/1761 2462/2942/1756
f  2463/2943/1757 2462/2942/1756 2467/2947/1761
f  2467/2947/1761 2468/2948/1762 2463/2943/1757
f  2380/2848/1674 2463/2943/1757 2468/2948/1762
f  2468/2948/1762 2378/2846/1672 2380/2848/1674
f  2464/2944/1758 2352/2820/1646 2364/2832/1658
f  2364/2832/1658 2366/2834/1660 2464/2944/1758
f  2465/2945/1759 2464/2944/1758 2366/2834/1660
f  2366/2834/1660 2368/2836/1662 2465/2945/1759
f  2466/2946/1760 2465/2945/1759 2368/2836/1662
f  2368/2836/1662 2370/2838/1664 2466/2946/1760
f  2467/2947/1761 2466/2946/1760 2370/2838/1664
f  2370/2838/1664 2372/2840/1666 2467/2947/1761
f  2468/2948/1762 2467/2947/1761 2372/2840/1666
f  2372/2840/1666 2374/2842/1668 2468/2948/1762
f  2378/2846/1672 2468/2948/1762 2374/2842/1668
f  2374/2842/1668 2376/2844/1670 2378/2846/1672
f  2441/2921/1735 2444/2924/1738 2469/2949/1763
f  2469/2949/1763 2453/2933/1747 2441/2921/1735
f  2470/2950/1764 2358/2826/1652 2357/2825/1651
f  2357/2825/1651 2452/2932/1746 2470/2950/1764
f  574/2951/261 2432/2912/1726 2446/2926/1740
f  2446/2926/1740 582/2952/269 574/2951/261
f  587/2953/274 2382/2850/1676 2379/2847/1673
f  2379/2847/1673 588/2873/275 587/2953/274
f  582/2952/269 2446/2926/1740 2382/2850/1676
f  2382/2850/1676 587/2953/274 582/2952/269
f  574/2951/261 573/2954/260 2433/2913/1727
f  2433/2913/1727 2432/2912/1726 574/2951/261
f  2470/2950/1764 2471/2955/1765 2359/2827/1653
f  2359/2827/1653 2358/2826/1652 2470/2950/1764
f  2472/2956/1766 2473/2957/1767 2474/2958/1768
f  2474/2958/1768 2475/2959/1769 2472/2956/1766
f  2476/2960/1770 2472/2956/1766 2471/2955/1765
f  2471/2955/1765 2470/2950/1764 2476/2960/1770
f  2470/2950/1764 2452/2932/1746 2477/2961/1771
f  2477/2961/1771 2476/2960/1770 2470/2950/1764
f  2362/2830/1656 2453/2933/1747 2477/2961/1771
f  2477/2961/1771 2452/2932/1746 2362/2830/1656
f  2453/2933/1747 2469/2949/1763 2478/2962/1772
f  2478/2962/1772 2477/2961/1771 2453/2933/1747
f  2444/2924/1738 2479/2963/1773 2478/2962/1772
f  2478/2962/1772 2469/2949/1763 2444/2924/1738
f  2478/2962/1772 2480/2964/1774 2476/2960/1770
f  2476/2960/1770 2477/2961/1771 2478/2962/1772
f  2478/2962/1772 2479/2963/1773 2481/2965/1775
f  2481/2965/1775 2480/2964/1774 2478/2962/1772
f  2472/2956/1766 2475/2959/1769 2482/2966/1776
f  2482/2966/1776 2471/2955/1765 2472/2956/1766
f  2476/2960/1770 2480/2964/1774 2473/2957/1767
f  2473/2957/1767 2472/2956/1766 2476/2960/1770
f  2471/2955/1765 2482/2966/1776 2483/2967/1777
f  2483/2967/1777 2359/2827/1653 2471/2955/1765
f  2483/2967/1777 2484/2968/1778 2351/2819/1645
f  2351/2819/1645 2359/2827/1653 2483/2967/1777
f  2484/2968/1778 1649/2015/943 1507/1856/801
f  1507/1856/801 2351/2819/1645 2484/2968/1778
f  1652/2018/946 1651/2017/945 2485/2969/1779
f  2485/2969/1779 2486/2970/1780 1652/2018/946
f  2486/2970/1780 2485/2969/1779 2487/2971/1781
f  2487/2971/1781 2488/2972/1782 2486/2970/1780
f  2488/2972/1782 2487/2971/1781 2489/2973/1783
f  2489/2973/1783 2490/2974/1784 2488/2972/1782
f  2490/2974/1784 2489/2973/1783 2474/2958/1768
f  2474/2958/1768 2473/2957/1767 2490/2974/1784
f  2490/2974/1784 2481/2965/1775 2491/2975/1785
f  2491/2975/1785 2492/2976/1786 2490/2974/1784
f  2490/2974/1784 2473/2957/1767 2480/2964/1774
f  2480/2964/1774 2481/2965/1775 2490/2974/1784
f  2493/2977/1787 2494/2978/1788 2440/2920/1734
f  2440/2920/1734 2438/2918/1732 2493/2977/1787
f  2438/2918/1732 2436/2916/1730 2495/2979/1789
f  2495/2979/1789 2493/2977/1787 2438/2918/1732
f  2495/2979/1789 2436/2916/1730 2434/2914/1728
f  2434/2914/1728 2496/2980/1790 2495/2979/1789
f  613/2981/300 625/2982/312 2494/2978/1788
f  2494/2978/1788 2493/2977/1787 613/2981/300
f  2495/2979/1789 614/2983/301 613/2981/300
f  613/2981/300 2493/2977/1787 2495/2979/1789
f  2496/2980/1790 637/2984/324 614/2983/301
f  614/2983/301 2495/2979/1789 2496/2980/1790
f  2434/2914/1728 2433/2913/1727 2497/2985/1791
f  2497/2985/1791 2496/2980/1790 2434/2914/1728
f  2433/2913/1727 573/2954/260 638/2986/325
f  638/2986/325 2497/2985/1791 2433/2913/1727
f  638/2986/325 637/2984/324 2496/2980/1790
f  2496/2980/1790 2497/2985/1791 638/2986/325
f  2443/2923/1737 2440/2920/1734 2498/2987/1792
f  2494/2978/1788 625/2982/312 628/2988/315
f  628/2988/315 2499/2989/1793 2494/2978/1788
f  2485/2969/1779 1651/2017/945 1667/2039/961
f  1667/2039/961 2500/2990/1794 2485/2969/1779
f  2487/2971/1781 2485/2969/1779 2500/2990/1794
f  2500/2990/1794 2501/2991/1795 2487/2971/1781
f  2489/2973/1783 2487/2971/1781 2501/2991/1795
f  2501/2991/1795 2502/2992/1796 2489/2973/1783
f  2474/2958/1768 2489/2973/1783 2502/2992/1796
f  2502/2992/1796 2503/2993/1797 2474/2958/1768
f  2475/2959/1769 2474/2958/1768 2503/2993/1797
f  2503/2993/1797 2504/2994/1798 2475/2959/1769
f  2482/2966/1776 2475/2959/1769 2504/2994/1798
f  2504/2994/1798 2505/2995/1799 2482/2966/1776
f  2483/2967/1777 2482/2966/1776 2505/2995/1799
f  2505/2995/1799 2506/2996/1800 2483/2967/1777
f  2484/2968/1778 2483/2967/1777 2506/2996/1800
f  2506/2996/1800 2507/2997/1801 2484/2968/1778
f  2506/2996/1800 2505/2995/1799 2508/2998/1802
f  2508/2998/1802 2509/2999/1803 2506/2996/1800
f  2505/2995/1799 2504/2994/1798 2510/3000/1804
f  2510/3000/1804 2508/2998/1802 2505/2995/1799
f  2504/2994/1798 2503/2993/1797 2511/3001/1805
f  2511/3001/1805 2510/3000/1804 2504/2994/1798
f  2503/2993/1797 2502/2992/1796 2512/3002/1806
f  2512/3002/1806 2511/3001/1805 2503/2993/1797
f  2502/2992/1796 2501/2991/1795 2513/3003/1807
f  2513/3003/1807 2512/3002/1806 2502/2992/1796
f  2501/2991/1795 2500/2990/1794 2514/3004/1808
f  2514/3004/1808 2513/3003/1807 2501/2991/1795
f  2500/2990/1794 1667/2039/961 1683/2055/977
f  1683/2055/977 2514/3004/1808 2500/2990/1794
f  2515/3005/1809 1649/2015/943 2484/2968/1778
f  2484/2968/1778 2507/2997/1801 2515/3005/1809
f  2507/2997/1801 2506/2996/1800 2509/2999/1803
f  2509/2999/1803 2516/3006/1810 2507/2997/1801
f  2517/3007/1811 1686/2058/980 1649/2015/943
f  1649/2015/943 2515/3005/1809 2517/3007/1811
f  2518/3008/1812 1688/2060/982 1686/2058/980
f  1686/2058/980 2517/3007/1811 2518/3008/1812
f  2519/3009/1813 1690/2062/984 1688/2060/982
f  1688/2060/982 2518/3008/1812 2519/3009/1813
f  2520/3010/1814 2515/3005/1809 2507/2997/1801
f  2507/2997/1801 2516/3006/1810 2520/3010/1814
f  2520/3010/1814 2521/3011/1815 2517/3007/1811
f  2517/3007/1811 2515/3005/1809 2520/3010/1814
f  2517/3007/1811 2521/3011/1815 2522/3012/1816
f  2522/3012/1816 2518/3008/1812 2517/3007/1811
f  2523/3013/1817 2519/3009/1813 2518/3008/1812
f  2518/3008/1812 2522/3012/1816 2523/3013/1817
f  2523/3013/1817 1696/2068/990 1690/2062/984
f  1690/2062/984 2519/3009/1813 2523/3013/1817
f  2520/3010/1814 2516/3006/1810 2509/2999/1803
f  2509/2999/1803 2521/3011/1815 2520/3010/1814
f  2509/2999/1803 2508/2998/1802 2522/3012/1816
f  2522/3012/1816 2521/3011/1815 2509/2999/1803
f  2508/2998/1802 2510/3000/1804 2523/3013/1817
f  2523/3013/1817 2522/3012/1816 2508/2998/1802
f  2523/3013/1817 2510/3000/1804 2511/3001/1805
f  2511/3001/1805 1696/2068/990 2523/3013/1817
f  2513/3003/1807 2514/3004/1808 1683/2055/977
f  1683/2055/977 1696/2068/990 2513/3003/1807
f  1696/2068/990 2511/3001/1805 2512/3002/1806
f  2512/3002/1806 2513/3003/1807 1696/2068/990
f  2524/3014/1818 2525/3015/1819 2526/3016/1820
f  2525/3015/1819 2527/3017/1821 2528/3018/1822
f  2528/3018/1822 2526/3016/1820 2525/3015/1819
f  2527/3017/1821 2529/3019/1823 2530/3020/1824
f  2530/3020/1824 2528/3018/1822 2527/3017/1821
f  2531/3021/1825 2532/3022/1826 2530/3020/1824
f  2530/3020/1824 2529/3019/1823 2531/3021/1825
f  2533/3023/1827 2534/3024/1828 2531/3021/1825
f  2531/3021/1825 2529/3019/1823 2533/3023/1827
f  2535/3025/1829 2536/3026/1830 2534/3024/1828
f  2534/3024/1828 2533/3023/1827 2535/3025/1829
f  2537/3027/1831 2538/3028/1832 2536/3026/1830
f  2536/3026/1830 2535/3025/1829 2537/3027/1831
f  2539/3029/1833 2540/3030/1834 2538/3028/1832
f  2538/3028/1832 2537/3027/1831 2539/3029/1833
f  2533/3023/1827 2529/3019/1823 2527/3017/1821
f  2527/3017/1821 2541/3031/1835 2533/3023/1827
f  2541/3031/1835 2542/3032/1836 2535/3025/1829
f  2535/3025/1829 2533/3023/1827 2541/3031/1835
f  2543/3033/1837 2537/3027/1831 2535/3025/1829
f  2535/3025/1829 2542/3032/1836 2543/3033/1837
f  2537/3027/1831 2543/3033/1837 2544/3034/1838
f  2544/3034/1838 2545/3035/1839 2537/3027/1831
f  2537/3027/1831 2545/3035/1839 2546/3036/1840
f  2546/3036/1840 2539/3029/1833 2537/3027/1831
f  2546/3036/1840 2545/3035/1839 2544/3034/1838
f  2544/3034/1838 2547/3037/1841 2546/3036/1840
f  2541/3031/1835 2527/3017/1821 2525/3015/1819
f  2525/3015/1819 2548/3038/1842 2541/3031/1835
f  2549/3039/1843 2542/3032/1836 2541/3031/1835
f  2541/3031/1835 2548/3038/1842 2549/3039/1843
f  2543/3033/1837 2542/3032/1836 2549/3039/1843
f  2549/3039/1843 2550/3040/1844 2543/3033/1837
f  2544/3034/1838 2543/3033/1837 2550/3040/1844
f  2550/3040/1844 2551/3041/1845 2544/3034/1838
f  2551/3041/1845 2552/3042/1846 2547/3037/1841
f  2547/3037/1841 2544/3034/1838 2551/3041/1845
f  2524/3014/1818 2553/3043/1847 2525/3015/1819
f  2554/3044/1848 2548/3038/1842 2525/3015/1819
f  2525/3015/1819 2553/3043/1847 2554/3044/1848
f  2554/3044/1848 2555/3045/1849 2556/3046/1850
f  2556/3046/1850 2548/3038/1842 2554/3044/1848
f  2555/3045/1849 2557/3047/1851 2558/3048/1852
f  2558/3048/1852 2556/3046/1850 2555/3045/1849
f  2558/3048/1852 2549/3039/1843 2548/3038/1842
f  2548/3038/1842 2556/3046/1850 2558/3048/1852
f  2558/3048/1852 2551/3041/1845 2550/3040/1844
f  2550/3040/1844 2549/3039/1843 2558/3048/1852
f  2558/3048/1852 2557/3047/1851 2559/3049/1853
f  2559/3049/1853 2551/3041/1845 2558/3048/1852
f  2559/3049/1853 2560/3050/1854 2561/3051/1855
f  2561/3051/1855 2551/3041/1845 2559/3049/1853
f  2561/3051/1855 2562/3052/1856 2552/3042/1846
f  2552/3042/1846 2551/3041/1845 2561/3051/1855
f  2563/3053/1857 2564/3054/1858 2565/3055/1859
f  2565/3055/1859 2566/3056/1860 2563/3053/1857
f  2563/3053/1857 2566/3056/1860 2567/3057/1861
f  2567/3057/1861 2568/3058/1862 2563/3053/1857
f  2566/3056/1860 2565/3055/1859 2569/3059/1863
f  2569/3059/1863 2570/3060/1864 2566/3056/1860
f  2566/3056/1860 2570/3060/1864 2571/3061/1865
f  2571/3061/1865 2567/3057/1861 2566/3056/1860
f  2567/3057/1861 2571/3061/1865 2572/3062/1866
f  2572/3062/1866 2573/3063/1867 2567/3057/1861
f  2568/3058/1862 2567/3057/1861 2573/3063/1867
f  2573/3063/1867 2574/3064/1868 2568/3058/1862
f  2575/3065/1869 2555/3045/1849 2569/3059/1863
f  2569/3059/1863 2565/3055/1859 2575/3065/1869
f  2576/3066/1870 2557/3047/1851 2555/3045/1849
f  2555/3045/1849 2575/3065/1869 2576/3066/1870
f  2577/3067/1871 2559/3049/1853 2557/3047/1851
f  2557/3047/1851 2576/3066/1870 2577/3067/1871
f  2560/3050/1854 2559/3049/1853 2577/3067/1871
f  2577/3067/1871 2578/3068/1872 2560/3050/1854
f  2565/3055/1859 2564/3054/1858 2579/3069/1873
f  2579/3069/1873 2575/3065/1869 2565/3055/1859
f  2580/3070/1874 2576/3066/1870 2575/3065/1869
f  2575/3065/1869 2579/3069/1873 2580/3070/1874
f  2577/3067/1871 2576/3066/1870 2580/3070/1874
f  2580/3070/1874 2581/3071/1875 2577/3067/1871
f  2580/3070/1874 2579/3069/1873 2564/3054/1858
f  2564/3054/1858 2582/3072/1876 2580/3070/1874
f  2582/3072/1876 2583/3073/1877 2581/3071/1875
f  2581/3071/1875 2580/3070/1874 2582/3072/1876
f  2584/3074/1878 2578/3068/1872 2577/3067/1871
f  2577/3067/1871 2581/3071/1875 2584/3074/1878
f  2585/3075/1879 2586/3076/1880 2578/3068/1872
f  2578/3068/1872 2584/3074/1878 2585/3075/1879
f  2581/3071/1875 2583/3073/1877 2585/3075/1879
f  2585/3075/1879 2584/3074/1878 2581/3071/1875
f  2573/3063/1867 2572/3062/1866 2587/3077/1881
f  2587/3077/1881 2574/3064/1868 2573/3063/1867
f  2585/3075/1879 2588/3078/1882 2589/3079/1883
f  2589/3079/1883 2586/3076/1880 2585/3075/1879
f  2588/3078/1882 2585/3075/1879 2583/3073/1877
f  2583/3073/1877 2590/3080/1884 2588/3078/1882
f  2591/3081/1885 2589/3079/1883 2588/3078/1882
f  2588/3078/1882 2592/3082/1886 2591/3081/1885
f  2587/3077/1881 2593/3083/1887 2594/3084/1888
f  2594/3084/1888 2574/3064/1868 2587/3077/1881
f  2595/3085/1889 2596/3086/1890 2594/3084/1888
f  2594/3084/1888 2593/3083/1887 2595/3085/1889
f  2583/3073/1877 2582/3072/1876 2597/3087/1891
f  2597/3087/1891 2590/3080/1884 2583/3073/1877
f  2597/3087/1891 2582/3072/1876 2564/3054/1858
f  2564/3054/1858 2598/3088/1892 2597/3087/1891
f  2598/3088/1892 2564/3054/1858 2563/3053/1857
f  2563/3053/1857 2599/3089/1893 2598/3088/1892
f  2599/3089/1893 2563/3053/1857 2568/3058/1862
f  2568/3058/1862 2600/3090/1894 2599/3089/1893
f  2600/3090/1894 2568/3058/1862 2574/3064/1868
f  2574/3064/1868 2594/3084/1888 2600/3090/1894
f  2595/3085/1889 2601/3091/1895 2602/3092/1896
f  2602/3092/1896 2596/3086/1890 2595/3085/1889
f  2594/3084/1888 2596/3086/1890 2603/3093/1897
f  2603/3093/1897 2600/3090/1894 2594/3084/1888
f  2604/3094/1898 2599/3089/1893 2600/3090/1894
f  2600/3090/1894 2603/3093/1897 2604/3094/1898
f  2598/3088/1892 2599/3089/1893 2604/3094/1898
f  2604/3094/1898 2605/3095/1899 2598/3088/1892
f  2597/3087/1891 2598/3088/1892 2605/3095/1899
f  2605/3095/1899 2606/3096/1900 2597/3087/1891
f  2590/3080/1884 2597/3087/1891 2606/3096/1900
f  2606/3096/1900 2607/3097/1901 2590/3080/1884
f  2603/3093/1897 2596/3086/1890 2602/3092/1896
f  2602/3092/1896 2608/3098/1902 2603/3093/1897
f  2604/3094/1898 2603/3093/1897 2608/3098/1902
f  2608/3098/1902 2609/3099/1903 2604/3094/1898
f  2607/3097/1901 2592/3082/1886 2588/3078/1882
f  2588/3078/1882 2590/3080/1884 2607/3097/1901
f  2605/3095/1899 2604/3094/1898 2609/3099/1903
f  2609/3099/1903 2610/3100/1904 2605/3095/1899
f  2606/3096/1900 2605/3095/1899 2610/3100/1904
f  2610/3100/1904 2611/3101/1905 2606/3096/1900
f  2607/3097/1901 2606/3096/1900 2611/3101/1905
f  2611/3101/1905 2612/3102/1906 2607/3097/1901
f  2612/3102/1906 2591/3081/1885 2592/3082/1886
f  2592/3082/1886 2607/3097/1901 2612/3102/1906
f  2612/3102/1906 2613/3103/1907 2614/3104/1908
f  2614/3104/1908 2591/3081/1885 2612/3102/1906
f  2602/3092/1896 2601/3091/1895 2615/3105/1909
f  2615/3105/1909 2608/3098/1902 2602/3092/1896
f  2616/3106/1910 2609/3099/1903 2608/3098/1902
f  2608/3098/1902 2615/3105/1909 2616/3106/1910
f  2617/3107/1911 2610/3100/1904 2609/3099/1903
f  2609/3099/1903 2616/3106/1910 2617/3107/1911
f  2610/3100/1904 2617/3107/1911 2618/3108/1912
f  2618/3108/1912 2611/3101/1905 2610/3100/1904
f  2618/3108/1912 2619/3109/1913 2620/3110/1914
f  2620/3110/1914 2611/3101/1905 2618/3108/1912
f  2620/3110/1914 2619/3109/1913 2614/3104/1908
f  2614/3104/1908 2613/3103/1907 2620/3110/1914
f  2612/3102/1906 2611/3101/1905 2620/3110/1914
f  2620/3110/1914 2613/3103/1907 2612/3102/1906
f  2621/3111/1915 2622/3112/1916 2623/3113/1917
f  2623/3113/1917 2624/3114/1918 2621/3111/1915
f  2625/3115/1919 2621/3111/1915 2624/3114/1918
f  2624/3114/1918 2626/3116/1920 2625/3115/1919
f  2627/3117/1921 2625/3115/1919 2626/3116/1920
f  2626/3116/1920 2628/3118/1922 2627/3117/1921
f  2629/3119/1923 2627/3117/1921 2628/3118/1922
f  2628/3118/1922 2630/3120/1924 2629/3119/1923
f  2631/3121/1925 2629/3119/1923 2630/3120/1924
f  2630/3120/1924 2632/3122/1926 2631/3121/1925
f  2633/3123/1927 2631/3121/1925 2632/3122/1926
f  2632/3122/1926 2634/3124/1928 2633/3123/1927
f  2624/3114/1918 2623/3113/1917 2635/3125/1929
f  2635/3125/1929 2636/3126/1930 2624/3114/1918
f  2626/3116/1920 2624/3114/1918 2636/3126/1930
f  2636/3126/1930 2637/3127/1931 2626/3116/1920
f  2628/3118/1922 2626/3116/1920 2637/3127/1931
f  2637/3127/1931 2638/3128/1932 2628/3118/1922
f  2630/3120/1924 2628/3118/1922 2638/3128/1932
f  2638/3128/1932 2639/3129/1933 2630/3120/1924
f  2632/3122/1926 2630/3120/1924 2639/3129/1933
f  2639/3129/1933 2640/3130/1934 2632/3122/1926
f  2634/3124/1928 2632/3122/1926 2640/3130/1934
f  2640/3130/1934 2641/3131/1935 2634/3124/1928
f  2636/3126/1930 2635/3125/1929 2642/3132/1936
f  2642/3132/1936 2643/3133/1937 2636/3126/1930
f  2637/3127/1931 2636/3126/1930 2643/3133/1937
f  2643/3133/1937 2644/3134/1938 2637/3127/1931
f  2638/3128/1932 2637/3127/1931 2644/3134/1938
f  2644/3134/1938 2645/3135/1939 2638/3128/1932
f  2639/3129/1933 2638/3128/1932 2645/3135/1939
f  2645/3135/1939 2646/3136/1940 2639/3129/1933
f  2640/3130/1934 2639/3129/1933 2646/3136/1940
f  2646/3136/1940 2647/3137/1941 2640/3130/1934
f  2641/3131/1935 2640/3130/1934 2647/3137/1941
f  2647/3137/1941 2648/3138/1942 2641/3131/1935
f  2643/3133/1937 2642/3132/1936 2649/3139/1943
f  2649/3139/1943 2650/3140/1944 2643/3133/1937
f  2644/3134/1938 2643/3133/1937 2650/3140/1944
f  2650/3140/1944 2651/3141/1945 2644/3134/1938
f  2645/3135/1939 2644/3134/1938 2651/3141/1945
f  2651/3141/1945 2652/3142/1946 2645/3135/1939
f  2646/3136/1940 2645/3135/1939 2652/3142/1946
f  2652/3142/1946 2653/3143/1947 2646/3136/1940
f  2647/3137/1941 2646/3136/1940 2653/3143/1947
f  2653/3143/1947 2654/3144/1948 2647/3137/1941
f  2648/3138/1942 2647/3137/1941 2654/3144/1948
f  2654/3144/1948 2655/3145/1949 2648/3138/1942
f  2650/3140/1944 2649/3139/1943 2656/3146/1950
f  2656/3146/1950 2657/3147/1951 2650/3140/1944
f  2651/3141/1945 2650/3140/1944 2657/3147/1951
f  2657/3147/1951 2658/3148/1952 2651/3141/1945
f  2652/3142/1946 2651/3141/1945 2658/3148/1952
f  2658/3148/1952 2659/3149/1953 2652/3142/1946
f  2653/3143/1947 2652/3142/1946 2659/3149/1953
f  2659/3149/1953 2660/3150/1954 2653/3143/1947
f  2654/3144/1948 2653/3143/1947 2660/3150/1954
f  2660/3150/1954 2661/3151/1955 2654/3144/1948
f  2655/3145/1949 2654/3144/1948 2661/3151/1955
f  2661/3151/1955 2662/3152/1956 2655/3145/1949
f  2657/3147/1951 2656/3146/1950 2619/3109/1913
f  2619/3109/1913 2618/3108/1912 2657/3147/1951
f  2658/3148/1952 2657/3147/1951 2618/3108/1912
f  2618/3108/1912 2617/3107/1911 2658/3148/1952
f  2659/3149/1953 2658/3148/1952 2617/3107/1911
f  2617/3107/1911 2616/3106/1910 2659/3149/1953
f  2660/3150/1954 2659/3149/1953 2616/3106/1910
f  2616/3106/1910 2615/3105/1909 2660/3150/1954
f  2661/3151/1955 2660/3150/1954 2615/3105/1909
f  2615/3105/1909 2601/3091/1895 2661/3151/1955
f  2662/3152/1956 2661/3151/1955 2601/3091/1895
f  2601/3091/1895 2595/3085/1889 2662/3152/1956
f  2663/3153/1957 2627/3117/1921 2629/3119/1923
f  2629/3119/1923 2664/3154/1958 2663/3153/1957
f  2665/3155/1959 2663/3153/1957 2664/3154/1958
f  2664/3154/1958 2666/3156/1960 2665/3155/1959
f  2667/3157/1961 2665/3155/1959 2666/3156/1960
f  2666/3156/1960 2668/3158/1962 2667/3157/1961
f  2669/3159/1963 2667/3157/1961 2668/3158/1962
f  2668/3158/1962 2670/3160/1964 2669/3159/1963
f  1846/2219/1140 2671/3161/1965 2672/3162/1966
f  2672/3162/1966 1847/2220/1141 1846/2219/1140
f  2673/3163/1967 2625/3115/1919 2627/3117/1921
f  2627/3117/1921 2663/3153/1957 2673/3163/1967
f  2674/3164/1968 2673/3163/1967 2663/3153/1957
f  2663/3153/1957 2665/3155/1959 2674/3164/1968
f  2675/3165/1969 2674/3164/1968 2665/3155/1959
f  2665/3155/1959 2667/3157/1961 2675/3165/1969
f  2676/3166/1970 2675/3165/1969 2667/3157/1961
f  2667/3157/1961 2669/3159/1963 2676/3166/1970
f  1853/2226/1147 2677/3167/1971 2671/3161/1965
f  2671/3161/1965 1846/2219/1140 1853/2226/1147
f  2678/3168/1972 2621/3111/1915 2625/3115/1919
f  2625/3115/1919 2673/3163/1967 2678/3168/1972
f  2679/3169/1973 2678/3168/1972 2673/3163/1967
f  2673/3163/1967 2674/3164/1968 2679/3169/1973
f  2680/3170/1974 2679/3169/1973 2674/3164/1968
f  2674/3164/1968 2675/3165/1969 2680/3170/1974
f  2681/3171/1975 2680/3170/1974 2675/3165/1969
f  2675/3165/1969 2676/3166/1970 2681/3171/1975
f  1859/2232/1153 2682/3172/1976 2677/3167/1971
f  2677/3167/1971 1853/2226/1147 1859/2232/1153
f  2683/3173/1977 2684/3174/1978 2685/3175/1979
f  2685/3175/1979 2686/3176/1980 2683/3173/1977
f  2671/3161/1965 2669/3159/1963 2670/3160/1964
f  2670/3160/1964 2672/3162/1966 2671/3161/1965
f  2677/3167/1971 2676/3166/1970 2669/3159/1963
f  2669/3159/1963 2671/3161/1965 2677/3167/1971
f  2682/3172/1976 2681/3171/1975 2676/3166/1970
f  2676/3166/1970 2677/3167/1971 2682/3172/1976
f  2687/3177/1981 2682/3172/1976 1859/2232/1153
f  1859/2232/1153 1865/3178/1159 2687/3177/1981
f  1867/3179/1161 2688/3180/1982 2687/3177/1981
f  2687/3177/1981 1865/3178/1159 1867/3179/1161
f  2683/3173/1977 2686/3176/1980 2687/3177/1981
f  2687/3177/1981 2688/3180/1982 2683/3173/1977
f  2684/3174/1978 2689/3181/1983 2690/3182/1984
f  2690/3182/1984 2685/3175/1979 2684/3174/1978
f  2689/3181/1983 2691/3183/1985 2692/3184/1986
f  2692/3184/1986 2690/3182/1984 2689/3181/1983
f  2621/3111/1915 2678/3168/1972 2693/3185/1987
f  2681/3171/1975 2682/3172/1976 2687/3177/1981
f  2687/3177/1981 2686/3176/1980 2681/3171/1975
f  2685/3175/1979 2680/3170/1974 2681/3171/1975
f  2681/3171/1975 2686/3176/1980 2685/3175/1979
f  2690/3182/1984 2679/3169/1973 2680/3170/1974
f  2680/3170/1974 2685/3175/1979 2690/3182/1984
f  2692/3184/1986 2678/3168/1972 2679/3169/1973
f  2679/3169/1973 2690/3182/1984 2692/3184/1986
f  2546/3186/1840 2694/3187/1988 2695/3188/1989
f  2695/3188/1989 2539/3189/1833 2546/3186/1840
f  2695/3188/1989 2696/3190/1990 2540/3191/1834
f  2540/3191/1834 2539/3189/1833 2695/3188/1989
f  2697/3192/1991 2698/3193/1992 2699/3194/1993
f  2699/3194/1993 628/2988/315 2697/3192/1991
f  2694/3187/1988 2700/3195/1994 2701/3196/1995
f  2701/3196/1995 2699/3194/1993 2694/3187/1988
f  2701/3196/1995 2499/2989/1793 628/2988/315
f  628/2988/315 2699/3194/1993 2701/3196/1995
f  2702/3197/1996 2561/3198/1855 2560/3199/1854
f  2560/3199/1854 2578/3200/1872 2702/3197/1996
f  2552/3201/1846 2703/3202/1997 2700/3195/1994
f  2700/3195/1994 2547/3203/1841 2552/3201/1846
f  2562/3204/1856 2704/3205/1998 2703/3202/1997
f  2703/3202/1997 2552/3201/1846 2562/3204/1856
f  2586/3206/1880 2705/3207/1999 2702/3197/1996
f  2702/3197/1996 2578/3200/1872 2586/3206/1880
f  2704/3205/1998 2706/3208/2000 2707/3209/2001
f  2707/3209/2001 2703/3202/1997 2704/3205/1998
f  2703/3202/1997 2707/3209/2001 2701/3196/1995
f  2701/3196/1995 2700/3195/1994 2703/3202/1997
f  2546/3186/1840 2547/3203/1841 2700/3195/1994
f  2700/3195/1994 2694/3187/1988 2546/3186/1840
f  2698/3193/1992 2697/3192/1991 2696/3190/1990
f  2696/3190/1990 2695/3188/1989 2698/3193/1992
f  2694/3187/1988 2699/3194/1993 2698/3193/1992
f  2698/3193/1992 2695/3188/1989 2694/3187/1988
f  2704/3205/1998 2562/3204/1856 2561/3198/1855
f  2561/3198/1855 2702/3197/1996 2704/3205/1998
f  2707/3209/2001 2708/3210/2002 2499/2989/1793
f  2499/2989/1793 2701/3196/1995 2707/3209/2001
f  2709/3211/2003 2707/3209/2001 2706/3208/2000
f  2706/3208/2000 2705/3207/1999 2709/3211/2003
f  2710/3212/2004 2708/3210/2002 2707/3209/2001
f  2707/3209/2001 2709/3211/2003 2710/3212/2004
f  2711/3213/2005 2712/3214/2006 2710/3212/2004
f  2710/3212/2004 2709/3211/2003 2711/3213/2005
f  2498/2987/1792 2440/2920/1734 2494/2978/1788
f  2494/2978/1788 2499/2989/1793 2498/2987/1792
f  2710/3212/2004 2498/2987/1792 2499/2989/1793
f  2499/2989/1793 2708/3210/2002 2710/3212/2004
f  2589/3215/1883 2713/3216/2007 2705/3207/1999
f  2705/3207/1999 2586/3206/1880 2589/3215/1883
f  2591/3217/1885 2714/3218/2008 2713/3216/2007
f  2713/3216/2007 2589/3215/1883 2591/3217/1885
f  2614/3219/1908 2715/3220/2009 2714/3218/2008
f  2714/3218/2008 2591/3217/1885 2614/3219/1908
f  2715/3220/2009 2614/3219/1908 2619/3221/1913
f  2619/3221/1913 2656/3222/1950 2715/3220/2009
f  2716/3223/2010 2623/3224/1917 2622/3225/1916
f  2622/3225/1916 2717/3226/2011 2716/3223/2010
f  2718/3227/2012 2635/3228/1929 2623/3224/1917
f  2623/3224/1917 2716/3223/2010 2718/3227/2012
f  2719/3229/2013 2642/3230/1936 2635/3228/1929
f  2635/3228/1929 2718/3227/2012 2719/3229/2013
f  2719/3229/2013 2720/3231/2014 2649/3232/1943
f  2649/3232/1943 2642/3230/1936 2719/3229/2013
f  2656/3222/1950 2649/3232/1943 2720/3231/2014
f  2720/3231/2014 2715/3220/2009 2656/3222/1950
f  2693/3185/1987 2678/3168/1972 2692/3184/1986
f  2692/3184/1986 2691/3183/1985 2693/3185/1987
f  2621/3233/1915 2693/3234/1987 2717/3226/2011
f  2717/3226/2011 2622/3225/1916 2621/3233/1915
f  2693/3234/1987 2691/3235/1985 2721/3236/2015
f  2721/3236/2015 2717/3226/2011 2693/3234/1987
f  2689/3237/1983 2722/3238/2016 2721/3236/2015
f  2721/3236/2015 2691/3235/1985 2689/3237/1983
f  2684/3239/1978 2723/3240/2017 2722/3238/2016
f  2722/3238/2016 2689/3237/1983 2684/3239/1978
f  2683/3241/1977 2724/3242/2018 2723/3240/2017
f  2723/3240/2017 2684/3239/1978 2683/3241/1977
f  2688/3243/1982 2725/3244/2019 2724/3242/2018
f  2724/3242/2018 2683/3241/1977 2688/3243/1982
f  1867/2306/1161 1905/2305/1199 2725/3244/2019
f  2725/3244/2019 2688/3243/1982 1867/2306/1161
f  2720/3231/2014 2726/3245/2020 2714/3218/2008
f  2714/3218/2008 2715/3220/2009 2720/3231/2014
f  2727/3246/2021 2716/3223/2010 2717/3226/2011
f  2717/3226/2011 2721/3236/2015 2727/3246/2021
f  2719/3229/2013 2728/3247/2022 2726/3245/2020
f  2726/3245/2020 2720/3231/2014 2719/3229/2013
f  2444/2924/1738 2443/2923/1737 2481/2965/1775
f  2481/2965/1775 2479/2963/1773 2444/2924/1738
f  2443/2923/1737 2498/2987/1792 2710/3212/2004
f  2710/3212/2004 2712/3214/2006 2443/2923/1737
f  2705/3207/1999 2729/3248/2023 2711/3213/2005
f  2711/3213/2005 2709/3211/2003 2705/3207/1999
f  2729/3248/2023 2705/3207/1999 2713/3216/2007
f  2713/3216/2007 2714/3218/2008 2729/3248/2023
f  2443/2923/1737 2730/3249/2024 2731/3250/2025
f  2731/3250/2025 2481/2965/1775 2443/2923/1737
f  2732/3251/2026 2731/3250/2025 2730/3249/2024
f  2730/3249/2024 2733/3252/2027 2732/3251/2026
f  2443/2923/1737 2712/3214/2006 2733/3252/2027
f  2733/3252/2027 2730/3249/2024 2443/2923/1737
f  2492/2976/1786 2734/3253/2028 2488/2972/1782
f  2488/2972/1782 2490/2974/1784 2492/2976/1786
f  2731/3250/2025 2732/3251/2026 2491/2975/1785
f  2491/2975/1785 2481/2965/1775 2731/3250/2025
f  2727/3246/2021 2721/3236/2015 2722/3238/2016
f  2722/3238/2016 2735/3254/2029 2727/3246/2021
f  2716/3223/2010 2727/3246/2021 2735/3254/2029
f  2735/3254/2029 2736/3255/2030 2716/3223/2010
f  2718/3227/2012 2716/3223/2010 2736/3255/2030
f  2736/3255/2030 2737/3256/2031 2718/3227/2012
f  2719/3229/2013 2718/3227/2012 2737/3256/2031
f  2737/3256/2031 2738/3257/2032 2719/3229/2013
f  2728/3247/2022 2719/3229/2013 2738/3257/2032
f  2738/3257/2032 2739/3258/2033 2728/3247/2022
f  2726/3245/2020 2728/3247/2022 2739/3258/2033
f  2739/3258/2033 2714/3218/2008 2726/3245/2020
f  2735/3254/2029 2722/3238/2016 2723/3240/2017
f  2723/3240/2017 2740/3259/2034 2735/3254/2029
f  2736/3255/2030 2735/3254/2029 2740/3259/2034
f  2740/3259/2034 2741/3260/2035 2736/3255/2030
f  2737/3256/2031 2736/3255/2030 2741/3260/2035
f  2741/3260/2035 2742/3261/2036 2737/3256/2031
f  2738/3257/2032 2737/3256/2031 2742/3261/2036
f  2742/3261/2036 2743/3262/2037 2738/3257/2032
f  2739/3258/2033 2738/3257/2032 2743/3262/2037
f  2743/3262/2037 2744/3263/2038 2739/3258/2033
f  2714/3218/2008 2739/3258/2033 2744/3263/2038
f  2744/3263/2038 2729/3248/2023 2714/3218/2008
f  2740/3259/2034 2723/3240/2017 2724/3242/2018
f  2724/3242/2018 2745/3264/2039 2740/3259/2034
f  2741/3260/2035 2740/3259/2034 2745/3264/2039
f  2745/3264/2039 2746/3265/2040 2741/3260/2035
f  2742/3261/2036 2741/3260/2035 2746/3265/2040
f  2746/3265/2040 2747/3266/2041 2742/3261/2036
f  2743/3262/2037 2742/3261/2036 2747/3266/2041
f  2747/3266/2041 2748/3267/2042 2743/3262/2037
f  2744/3263/2038 2743/3262/2037 2748/3267/2042
f  2748/3267/2042 2749/3268/2043 2744/3263/2038
f  2729/3248/2023 2744/3263/2038 2749/3268/2043
f  2749/3268/2043 2711/3213/2005 2729/3248/2023
f  2745/3264/2039 2724/3242/2018 2725/3244/2019
f  2725/3244/2019 2750/3269/2044 2745/3264/2039
f  2746/3265/2040 2745/3264/2039 2750/3269/2044
f  2750/3269/2044 2751/3270/2045 2746/3265/2040
f  2747/3266/2041 2746/3265/2040 2751/3270/2045
f  2751/3270/2045 2752/3271/2046 2747/3266/2041
f  2748/3267/2042 2747/3266/2041 2752/3271/2046
f  2752/3271/2046 2753/3272/2047 2748/3267/2042
f  2749/3268/2043 2748/3267/2042 2753/3272/2047
f  2753/3272/2047 2754/3273/2048 2749/3268/2043
f  2711/3213/2005 2749/3268/2043 2754/3273/2048
f  2754/3273/2048 2712/3214/2006 2711/3213/2005
f  2750/3269/2044 2725/3244/2019 1905/2305/1199
f  1905/2305/1199 1935/2336/1229 2750/3269/2044
f  2752/3271/2046 2751/3270/2045 2755/3274/2049
f  2755/3274/2049 2756/3275/2050 2752/3271/2046
f  2753/3272/2047 2752/3271/2046 2756/3275/2050
f  2756/3275/2050 2757/3276/2051 2753/3272/2047
f  2754/3273/2048 2753/3272/2047 2757/3276/2051
f  2757/3276/2051 2758/3277/2052 2754/3273/2048
f  2712/3214/2006 2754/3273/2048 2758/3277/2052
f  2758/3277/2052 2733/3252/2027 2712/3214/2006
f  2756/3275/2050 2755/3274/2049 2759/3278/2053
f  2759/3278/2053 2760/3279/2054 2756/3275/2050
f  2757/3276/2051 2756/3275/2050 2760/3279/2054
f  2760/3279/2054 2761/3280/2055 2757/3276/2051
f  2758/3277/2052 2757/3276/2051 2761/3280/2055
f  2761/3280/2055 2762/3281/2056 2758/3277/2052
f  2733/3252/2027 2758/3277/2052 2762/3281/2056
f  2762/3281/2056 2732/3251/2026 2733/3252/2027
f  2760/3279/2054 2759/3278/2053 2486/2970/1780
f  2486/2970/1780 2488/2972/1782 2760/3279/2054
f  2761/3280/2055 2760/3279/2054 2488/2972/1782
f  2488/2972/1782 2734/3253/2028 2761/3280/2055
f  2762/3281/2056 2761/3280/2055 2734/3253/2028
f  2734/3253/2028 2492/2976/1786 2762/3281/2056
f  2732/3251/2026 2762/3281/2056 2492/2976/1786
f  2492/2976/1786 2491/2975/1785 2732/3251/2026
f  1944/2345/1238 1652/2018/946 2486/2970/1780
f  2486/2970/1780 2759/3278/2053 1944/2345/1238
f  2759/3278/2053 2755/3274/2049 1945/2346/1239
f  1945/2346/1239 1944/2345/1238 2759/3278/2053
f  1946/2347/1240 1945/2346/1239 2755/3274/2049
f  2755/3274/2049 2751/3270/2045 1946/2347/1240
f  2750/3269/2044 1935/2336/1229 1946/2347/1240
f  1946/2347/1240 2751/3270/2045 2750/3269/2044
f  2763/3282/2057 2764/3283/2058 2555/3045/1849
f  2555/3045/1849 2554/3044/1848 2763/3282/2057
f  2553/3043/1847 2765/3284/2059 2763/3282/2057
f  2763/3282/2057 2554/3044/1848 2553/3043/1847
f  2765/3284/2059 2553/3043/1847 2524/3014/1818
f  2524/3014/1818 2766/3285/2060 2765/3284/2059
f  2524/3014/1818 2526/3016/1820 2767/3286/2061
f  2767/3286/2061 2766/3285/2060 2524/3014/1818
f  2526/3016/1820 2528/3018/1822 2768/3287/2062
f  2768/3287/2062 2767/3286/2061 2526/3016/1820
f  2528/3018/1822 2530/3020/1824 2769/3288/2063
f  2769/3288/2063 2768/3287/2062 2528/3018/1822
f  2530/3020/1824 2532/3022/1826 2770/3289/2064
f  2770/3289/2064 2769/3288/2063 2530/3020/1824
f  2702/3197/1996 2705/3207/1999 2706/3208/2000
f  2706/3208/2000 2704/3205/1998 2702/3197/1996
f  2770/3289/2064 2771/3290/2065 2772/3291/2066
f  2772/3291/2066 2769/3288/2063 2770/3289/2064
f  2772/3291/2066 2773/3292/2067 2768/3287/2062
f  2768/3287/2062 2769/3288/2063 2772/3291/2066
f  2771/3290/2065 2774/3293/2068 2775/3294/2069
f  2775/3294/2069 2772/3291/2066 2771/3290/2065
f  2775/3294/2069 2776/3295/2070 2773/3292/2067
f  2773/3292/2067 2772/3291/2066 2775/3294/2069
f  2777/3296/2071 2767/3286/2061 2768/3287/2062
f  2768/3287/2062 2773/3292/2067 2777/3296/2071
f  2778/3297/2072 2595/3085/1889 2593/3083/1887
f  2593/3083/1887 2779/3298/2073 2778/3297/2072
f  2779/3298/2073 2593/3083/1887 2587/3077/1881
f  2587/3077/1881 2780/3299/2074 2779/3298/2073
f  2780/3299/2074 2587/3077/1881 2572/3062/1866
f  2572/3062/1866 2781/3300/2075 2780/3299/2074
f  2781/3300/2075 2572/3062/1866 2571/3061/1865
f  2571/3061/1865 2782/3301/2076 2781/3300/2075
f  2782/3301/2076 2571/3061/1865 2570/3060/1864
f  2570/3060/1864 2783/3302/2077 2782/3301/2076
f  2783/3302/2077 2570/3060/1864 2569/3059/1863
f  2569/3059/1863 2784/3303/2078 2783/3302/2077
f  2785/3304/2079 2784/3303/2078 2569/3059/1863
f  2569/3059/1863 2555/3045/1849 2785/3304/2079
f  2786/3305/2080 2662/3152/1956 2595/3085/1889
f  2595/3085/1889 2778/3297/2072 2786/3305/2080
f  2787/3306/2081 2655/3145/1949 2662/3152/1956
f  2662/3152/1956 2786/3305/2080 2787/3306/2081
f  2788/3307/2082 2648/3138/1942 2655/3145/1949
f  2655/3145/1949 2787/3306/2081 2788/3307/2082
f  2789/3308/2083 2641/3131/1935 2648/3138/1942
f  2648/3138/1942 2788/3307/2082 2789/3308/2083
f  2790/3309/2084 2634/3124/1928 2641/3131/1935
f  2641/3131/1935 2789/3308/2083 2790/3309/2084
f  2791/3310/2085 2633/3123/1927 2634/3124/1928
f  2634/3124/1928 2790/3309/2084 2791/3310/2085
f  2792/3311/2086 2631/3121/1925 2633/3123/1927
f  2633/3123/1927 2791/3310/2085 2792/3311/2086
f  2792/3311/2086 2793/3312/2087 2629/3119/1923
f  2629/3119/1923 2631/3121/1925 2792/3311/2086
f  2794/3313/2088 2664/3154/1958 2629/3119/1923
f  2629/3119/1923 2793/3312/2087 2794/3313/2088
f  2795/3314/2089 2666/3156/1960 2664/3154/1958
f  2664/3154/1958 2794/3313/2088 2795/3314/2089
f  2796/3315/2090 2668/3158/1962 2666/3156/1960
f  2666/3156/1960 2795/3314/2089 2796/3315/2090
f  2797/3316/2091 2670/3160/1964 2668/3158/1962
f  2668/3158/1962 2796/3315/2090 2797/3316/2091
f  2798/3317/2092 2672/3162/1966 2670/3160/1964
f  2670/3160/1964 2797/3316/2091 2798/3317/2092
f  2798/3317/2092 1983/2384/1277 1847/2220/1141
f  1847/2220/1141 2672/3162/1966 2798/3317/2092
f  2797/3316/2091 1984/2385/1278 1983/2384/1277
f  1983/2384/1277 2798/3317/2092 2797/3316/2091
f  2799/3318/2093 1985/2386/1279 1984/2385/1278
f  1984/2385/1278 2797/3316/2091 2799/3318/2093
f  2797/3316/2091 2796/3315/2090 2800/3319/2094
f  2800/3319/2094 2799/3318/2093 2797/3316/2091
f  2796/3315/2090 2795/3314/2089 2801/3320/2095
f  2801/3320/2095 2800/3319/2094 2796/3315/2090
f  2795/3314/2089 2794/3313/2088 2802/3321/2096
f  2802/3321/2096 2801/3320/2095 2795/3314/2089
f  2793/3312/2087 2803/3322/2097 2802/3321/2096
f  2802/3321/2096 2794/3313/2088 2793/3312/2087
f  2793/3312/2087 2792/3311/2086 2804/3323/2098
f  2804/3323/2098 2803/3322/2097 2793/3312/2087
f  2792/3311/2086 2791/3310/2085 2805/3324/2099
f  2805/3324/2099 2804/3323/2098 2792/3311/2086
f  2791/3310/2085 2790/3309/2084 2806/3325/2100
f  2806/3325/2100 2805/3324/2099 2791/3310/2085
f  2790/3309/2084 2789/3308/2083 2807/3326/2101
f  2807/3326/2101 2806/3325/2100 2790/3309/2084
f  2789/3308/2083 2788/3307/2082 2808/3327/2102
f  2808/3327/2102 2807/3326/2101 2789/3308/2083
f  2788/3307/2082 2787/3306/2081 2809/3328/2103
f  2809/3328/2103 2808/3327/2102 2788/3307/2082
f  2787/3306/2081 2786/3305/2080 2810/3329/2104
f  2810/3329/2104 2809/3328/2103 2787/3306/2081
f  2778/3297/2072 2811/3330/2105 2810/3329/2104
f  2810/3329/2104 2786/3305/2080 2778/3297/2072
f  2778/3297/2072 2779/3298/2073 2812/3331/2106
f  2812/3331/2106 2811/3330/2105 2778/3297/2072
f  2779/3298/2073 2780/3299/2074 2813/3332/2107
f  2813/3332/2107 2812/3331/2106 2779/3298/2073
f  2780/3299/2074 2781/3300/2075 2814/3333/2108
f  2814/3333/2108 2813/3332/2107 2780/3299/2074
f  2781/3300/2075 2782/3301/2076 2815/3334/2109
f  2815/3334/2109 2814/3333/2108 2781/3300/2075
f  2782/3301/2076 2783/3302/2077 2816/3335/2110
f  2816/3335/2110 2815/3334/2109 2782/3301/2076
f  2783/3302/2077 2784/3303/2078 2817/3336/2111
f  2817/3336/2111 2816/3335/2110 2783/3302/2077
f  2785/3304/2079 2818/3337/2112 2817/3336/2111
f  2817/3336/2111 2784/3303/2078 2785/3304/2079
f  2763/3282/2057 2819/3338/2113 2764/3283/2058
f  2763/3282/2057 2765/3284/2059 2820/3339/2114
f  2820/3339/2114 2819/3338/2113 2763/3282/2057
f  2767/3286/2061 2777/3296/2071 2766/3285/2060
f  2765/3284/2059 2766/3285/2060 2821/3340/2115
f  2821/3340/2115 2820/3339/2114 2765/3284/2059
f  2777/3296/2071 2822/3341/2116 2821/3340/2115
f  2821/3340/2115 2766/3285/2060 2777/3296/2071
f  2823/3342/2117 2822/3341/2116 2777/3296/2071
f  2777/3296/2071 2773/3292/2067 2823/3342/2117
f  2776/3295/2070 2823/3342/2117 2773/3292/2067
f  2771/3343/2065 2770/3344/2064 2824/3345/2118
f  2770/3344/2064 2532/3346/1826 2825/3347/2119
f  2825/3347/2119 2824/3345/2118 2770/3344/2064
f  2826/3348/2120 2827/3349/2121 2824/3345/2118
f  2824/3345/2118 2825/3347/2119 2826/3348/2120
f  2828/3350/2122 2829/3351/2123 2827/3349/2121
f  2827/3349/2121 2826/3348/2120 2828/3350/2122
f  2830/3352/2124 2831/3353/2125 2829/3351/2123
f  2829/3351/2123 2828/3350/2122 2830/3352/2124
f  2832/3354/2126 2833/3355/2127 2831/3353/2125
f  2831/3353/2125 2830/3352/2124 2832/3354/2126
f  2834/3356/2128 2835/3357/2129 2833/3355/2127
f  2833/3355/2127 2832/3354/2126 2834/3356/2128
f  2836/3358/2130 2837/3359/2131 2835/3357/2129
f  2835/3357/2129 2834/3356/2128 2836/3358/2130
f  2531/3360/1825 2825/3347/2119 2532/3346/1826
f  2531/3360/1825 2534/3361/1828 2826/3348/2120
f  2826/3348/2120 2825/3347/2119 2531/3360/1825
f  2534/3361/1828 2536/3362/1830 2828/3350/2122
f  2828/3350/2122 2826/3348/2120 2534/3361/1828
f  2536/3362/1830 2538/3363/1832 2830/3352/2124
f  2830/3352/2124 2828/3350/2122 2536/3362/1830
f  2838/3364/2132 2832/3354/2126 2830/3352/2124
f  2830/3352/2124 2538/3363/1832 2838/3364/2132
f  2839/3365/2133 2834/3356/2128 2832/3354/2126
f  2832/3354/2126 2838/3364/2132 2839/3365/2133
f  2840/3366/2134 2836/3358/2130 2834/3356/2128
f  2834/3356/2128 2839/3365/2133 2840/3366/2134
f  2838/3364/2132 2538/3363/1832 2540/3191/1834
f  2540/3191/1834 2696/3190/1990 2838/3364/2132
f  2696/3190/1990 2697/3192/1991 2839/3365/2133
f  2839/3365/2133 2838/3364/2132 2696/3190/1990
f  2697/3192/1991 628/2988/315 622/3367/309
f  622/3367/309 621/3368/308 2839/3365/2133
f  2839/3365/2133 2697/3192/1991 622/3367/309
f  621/3368/308 610/3369/297 2840/3366/2134
f  2840/3366/2134 2839/3365/2133 621/3368/308
f  2840/3366/2134 610/3369/297 604/3370/291
f  604/3370/291 2836/3358/2130 2840/3366/2134
f  604/3370/291 580/3371/267 2837/3359/2131
f  2837/3359/2131 2836/3358/2130 604/3370/291
f  2841/3372/2135 2842/3373/2136 2843/3374/2137
f  2843/3374/2137 2844/3375/2138 2841/3372/2135
f  2843/3374/2137 2845/3376/2139 2846/3377/2140
f  2846/3377/2140 2844/3375/2138 2843/3374/2137
f  2847/3378/2141 2848/3379/2142 2849/3380/2143
f  2849/3380/2143 2850/3381/2144 2847/3378/2141
f  2851/3382/2145 2852/3383/2146 2848/3379/2142
f  2848/3379/2142 2847/3378/2141 2851/3382/2145
f  2853/3384/2147 2854/3385/2148 2855/3386/2149
f  2855/3386/2149 2856/3387/2150 2853/3384/2147
f  2854/3385/2148 2857/3388/2151 2858/3389/2152
f  2858/3389/2152 2855/3386/2149 2854/3385/2148
f  2859/3390/2153 2860/3391/2154 2861/3392/2155
f  2861/3392/2155 2862/3393/2156 2859/3390/2153
f  2863/3394/2157 2862/3393/2156 2864/3395/2158
f  2865/3396/2159 2866/3397/2160 2867/3398/2161
f  2867/3398/2161 2864/3395/2158 2865/3396/2159
f  2868/3399/2162 2869/3400/2163 2870/3401/2164
f  2870/3401/2164 2871/3402/2165 2868/3399/2162
f  2869/3400/2163 2872/3403/2166 2873/3404/2167
f  2873/3404/2167 2870/3401/2164 2869/3400/2163
f  2872/3403/2166 2874/3405/2168 2875/3406/2169
f  2875/3406/2169 2873/3404/2167 2872/3403/2166
f  2857/3388/2151 2876/3407/2170 2877/3408/2171
f  2877/3408/2171 2858/3389/2152 2857/3388/2151
f  2861/3392/2155 2865/3396/2159 2864/3395/2158
f  2864/3395/2158 2862/3393/2156 2861/3392/2155
f  2878/3409/2172 2841/3372/2135 2860/3391/2154
f  2860/3391/2154 2859/3390/2153 2878/3409/2172
f  2855/3386/2149 2869/3400/2163 2868/3399/2162
f  2868/3399/2162 2856/3387/2150 2855/3386/2149
f  2858/3389/2152 2872/3403/2166 2869/3400/2163
f  2869/3400/2163 2855/3386/2149 2858/3389/2152
f  2877/3408/2171 2874/3405/2168 2872/3403/2166
f  2872/3403/2166 2858/3389/2152 2877/3408/2171
f  2844/3375/2138 2846/3377/2140 2854/3385/2148
f  2854/3385/2148 2853/3384/2147 2844/3375/2138
f  2846/3377/2140 2879/3410/2173 2857/3388/2151
f  2857/3388/2151 2854/3385/2148 2846/3377/2140
f  2879/3410/2173 2880/3411/2174 2876/3407/2170
f  2876/3407/2170 2857/3388/2151 2879/3410/2173
f  2881/3412/2175 2882/3413/2176 2883/3414/2177
f  2883/3414/2177 2884/3415/2178 2881/3412/2175
f  2884/3415/2178 2883/3414/2177 2845/3376/2139
f  2845/3376/2139 2885/3416/2179 2884/3415/2178
f  2886/3417/2180 2849/3380/2143 2885/3416/2179
f  2885/3416/2179 2887/3418/2181 2886/3417/2180
f  2888/3419/2182 2889/3420/2183 2886/3417/2180
f  2886/3417/2180 2887/3418/2181 2888/3419/2182
f  2890/3421/2184 2891/3422/2185 2882/3413/2176
f  2882/3413/2176 2881/3412/2175 2890/3421/2184
f  2852/3383/2146 2892/3423/2186 2890/3421/2184
f  2890/3421/2184 2881/3412/2175 2852/3383/2146
f  2851/3382/2145 2893/3424/2187 2892/3423/2186
f  2892/3423/2186 2852/3383/2146 2851/3382/2145
f  2889/3420/2183 2894/3425/2188 2895/3426/2189
f  2895/3426/2189 2886/3417/2180 2889/3420/2183
f  2895/3426/2189 2850/3381/2144 2849/3380/2143
f  2849/3380/2143 2886/3417/2180 2895/3426/2189
f  2852/3383/2146 2881/3412/2175 2884/3415/2178
f  2884/3415/2178 2848/3379/2142 2852/3383/2146
f  2848/3379/2142 2884/3415/2178 2885/3416/2179
f  2885/3416/2179 2849/3380/2143 2848/3379/2142
f  2891/3422/2185 2896/3427/2190 2880/3411/2174
f  2880/3411/2174 2882/3413/2176 2891/3422/2185
f  2883/3414/2177 2879/3410/2173 2846/3377/2140
f  2846/3377/2140 2845/3376/2139 2883/3414/2177
f  2882/3413/2176 2880/3411/2174 2879/3410/2173
f  2879/3410/2173 2883/3414/2177 2882/3413/2176
f  2887/3418/2181 2885/3416/2179 2845/3376/2139
f  2845/3376/2139 2843/3374/2137 2887/3418/2181
f  2842/3373/2136 2888/3419/2182 2887/3418/2181
f  2887/3418/2181 2843/3374/2137 2842/3373/2136
f  2897/3428/2191 2898/3429/2192 2899/3430/2193
f  2899/3430/2193 2900/3431/2194 2897/3428/2191
f  2901/3432/2195 2897/3428/2191 2900/3431/2194
f  2900/3431/2194 2902/3433/2196 2901/3432/2195
f  2903/3434/2197 2901/3432/2195 2902/3433/2196
f  2902/3433/2196 2904/3435/2198 2903/3434/2197
f  2905/3436/2199 2903/3434/2197 2904/3435/2198
f  2904/3435/2198 2906/3437/2200 2905/3436/2199
f  2900/3431/2194 2899/3430/2193 2907/3438/2201
f  2907/3438/2201 2908/3439/2202 2900/3431/2194
f  2902/3433/2196 2900/3431/2194 2908/3439/2202
f  2908/3439/2202 2909/3440/2203 2902/3433/2196
f  2904/3435/2198 2902/3433/2196 2909/3440/2203
f  2909/3440/2203 2910/3441/2204 2904/3435/2198
f  2906/3437/2200 2904/3435/2198 2910/3441/2204
f  2910/3441/2204 2911/3442/2205 2906/3437/2200
f  2908/3439/2202 2907/3438/2201 2896/3427/2190
f  2896/3427/2190 2891/3422/2185 2908/3439/2202
f  2909/3440/2203 2908/3439/2202 2891/3422/2185
f  2891/3422/2185 2890/3421/2184 2909/3440/2203
f  2910/3441/2204 2909/3440/2203 2890/3421/2184
f  2890/3421/2184 2892/3423/2186 2910/3441/2204
f  2911/3442/2205 2910/3441/2204 2892/3423/2186
f  2892/3423/2186 2893/3424/2187 2911/3442/2205
f  2880/3411/2174 2896/3427/2190 2912/3443/2206
f  2912/3443/2206 2913/3444/2207 2880/3411/2174
f  2896/3427/2190 2907/3438/2201 2914/3445/2208
f  2914/3445/2208 2912/3443/2206 2896/3427/2190
f  2907/3438/2201 2899/3430/2193 2915/3446/2209
f  2915/3446/2209 2914/3445/2208 2907/3438/2201
f  2915/3446/2209 2899/3430/2193 2898/3429/2192
f  2898/3429/2192 2916/3447/2210 2915/3446/2209
f  2877/3408/2171 2917/3448/2211 2918/3449/2212
f  2918/3449/2212 2874/3405/2168 2877/3408/2171
f  2877/3408/2171 2876/3407/2170 2919/3450/2213
f  2919/3450/2213 2917/3448/2211 2877/3408/2171
f  2876/3407/2170 2880/3411/2174 2913/3444/2207
f  2913/3444/2207 2919/3450/2213 2876/3407/2170
f  2915/3446/2209 2916/3447/2210 2920/3451/2214
f  2920/3451/2214 2914/3445/2208 2915/3446/2209
f  2914/3445/2208 2920/3451/2214 2921/3452/2215
f  2921/3452/2215 2912/3443/2206 2914/3445/2208
f  2912/3443/2206 2921/3452/2215 2922/3453/2216
f  2922/3453/2216 2913/3444/2207 2912/3443/2206
f  2913/3444/2207 2922/3453/2216 2923/3454/2217
f  2923/3454/2217 2919/3450/2213 2913/3444/2207
f  2919/3450/2213 2923/3454/2217 2924/3455/2218
f  2924/3455/2218 2917/3448/2211 2919/3450/2213
f  2924/3455/2218 2925/3456/2219 2918/3449/2212
f  2918/3449/2212 2917/3448/2211 2924/3455/2218
f  2874/3405/2168 2926/3457/2220 2927/3458/2221
f  2927/3458/2221 2875/3406/2169 2874/3405/2168
f  2928/3459/2222 2929/3460/2223 2927/3458/2221
f  2927/3458/2221 2926/3457/2220 2928/3459/2222
f  2874/3405/2168 2918/3449/2212 2928/3459/2222
f  2928/3459/2222 2926/3457/2220 2874/3405/2168
f  2928/3459/2222 2918/3449/2212 2925/3456/2219
f  2925/3456/2219 2929/3460/2223 2928/3459/2222
f  2930/3461/2224 2929/3460/2223 2925/3456/2219
f  2925/3456/2219 2931/3462/2225 2930/3461/2224
f  2932/3463/2226 2930/3461/2224 2931/3462/2225
f  2931/3462/2225 2933/3464/2227 2932/3463/2226
f  2934/3465/2228 2932/3463/2226 2933/3464/2227
f  2933/3464/2227 2935/3466/2229 2934/3465/2228
f  2936/3467/2230 2934/3465/2228 2935/3466/2229
f  2935/3466/2229 2937/3468/2231 2936/3467/2230
f  2938/3469/2232 2936/3467/2230 2937/3468/2231
f  2937/3468/2231 2939/3470/2233 2938/3469/2232
f  2940/3471/2234 2927/3458/2221 2929/3460/2223
f  2929/3460/2223 2930/3461/2224 2940/3471/2234
f  2941/3472/2235 2940/3471/2234 2930/3461/2224
f  2930/3461/2224 2932/3463/2226 2941/3472/2235
f  2942/3473/2236 2941/3472/2235 2932/3463/2226
f  2932/3463/2226 2934/3465/2228 2942/3473/2236
f  2943/3474/2237 2942/3473/2236 2934/3465/2228
f  2934/3465/2228 2936/3467/2230 2943/3474/2237
f  2944/3475/2238 2943/3474/2237 2936/3467/2230
f  2936/3467/2230 2938/3469/2232 2944/3475/2238
f  2945/3476/2239 2875/3406/2169 2927/3458/2221
f  2927/3458/2221 2940/3471/2234 2945/3476/2239
f  2946/3477/2240 2945/3476/2239 2940/3471/2234
f  2940/3471/2234 2941/3472/2235 2946/3477/2240
f  2947/3478/2241 2946/3477/2240 2941/3472/2235
f  2941/3472/2235 2942/3473/2236 2947/3478/2241
f  2948/3479/2242 2947/3478/2241 2942/3473/2236
f  2942/3473/2236 2943/3474/2237 2948/3479/2242
f  2949/3480/2243 2948/3479/2242 2943/3474/2237
f  2943/3474/2237 2944/3475/2238 2949/3480/2243
f  2950/3481/2244 2951/3482/2245 2952/3483/2246
f  2952/3483/2246 2953/3484/2247 2950/3481/2244
f  2954/3485/2248 2950/3481/2244 2953/3484/2247
f  2953/3484/2247 2955/3486/2249 2954/3485/2248
f  2956/3487/2250 2954/3485/2248 2955/3486/2249
f  2955/3486/2249 2957/3488/2251 2956/3487/2250
f  2958/3489/2252 2956/3487/2250 2957/3488/2251
f  2957/3488/2251 2959/3490/2253 2958/3489/2252
f  2960/3491/2254 2958/3489/2252 2959/3490/2253
f  2959/3490/2253 2961/3492/2255 2960/3491/2254
f  2149/2562/1443 2960/3491/2254 2961/3492/2255
f  2961/3492/2255 2150/2563/1444 2149/2562/1443
f  2962/3493/2256 2963/3494/2257 2951/3482/2245
f  2951/3482/2245 2950/3481/2244 2962/3493/2256
f  2964/3495/2258 2962/3493/2256 2950/3481/2244
f  2950/3481/2244 2954/3485/2248 2964/3495/2258
f  2965/3496/2259 2964/3495/2258 2954/3485/2248
f  2954/3485/2248 2956/3487/2250 2965/3496/2259
f  2966/3497/2260 2965/3496/2259 2956/3487/2250
f  2956/3487/2250 2958/3489/2252 2966/3497/2260
f  2967/3498/2261 2966/3497/2260 2958/3489/2252
f  2958/3489/2252 2960/3491/2254 2967/3498/2261
f  2157/2570/1451 2967/3498/2261 2960/3491/2254
f  2960/3491/2254 2149/2562/1443 2157/2570/1451
f  2968/3499/2262 2969/3500/2263 2963/3494/2257
f  2963/3494/2257 2962/3493/2256 2968/3499/2262
f  2970/3501/2264 2968/3499/2262 2962/3493/2256
f  2962/3493/2256 2964/3495/2258 2970/3501/2264
f  2971/3502/2265 2970/3501/2264 2964/3495/2258
f  2964/3495/2258 2965/3496/2259 2971/3502/2265
f  2972/3503/2266 2971/3502/2265 2965/3496/2259
f  2965/3496/2259 2966/3497/2260 2972/3503/2266
f  2973/3504/2267 2972/3503/2266 2966/3497/2260
f  2966/3497/2260 2967/3498/2261 2973/3504/2267
f  2164/2577/1458 2973/3504/2267 2967/3498/2261
f  2967/3498/2261 2157/2570/1451 2164/2577/1458
f  2947/3478/2241 2948/3479/2242 2974/3505/2268
f  2974/3505/2268 2975/3506/2269 2947/3478/2241
f  2948/3479/2242 2949/3480/2243 2976/3507/2270
f  2976/3507/2270 2974/3505/2268 2948/3479/2242
f  2977/3508/2271 2946/3477/2240 2947/3478/2241
f  2947/3478/2241 2975/3506/2269 2977/3508/2271
f  2978/3509/2272 2945/3476/2239 2946/3477/2240
f  2946/3477/2240 2977/3508/2271 2978/3509/2272
f  2978/3509/2272 2979/3510/2273 2875/3406/2169
f  2875/3406/2169 2945/3476/2239 2978/3509/2272
f  2949/3480/2243 2969/3500/2263 2980/3511/2274
f  2980/3511/2274 2976/3507/2270 2949/3480/2243
f  2968/3499/2262 2970/3501/2264 2981/3512/2275
f  2981/3512/2275 2982/3513/2276 2968/3499/2262
f  2970/3501/2264 2971/3502/2265 2983/3514/2277
f  2983/3514/2277 2981/3512/2275 2970/3501/2264
f  2971/3502/2265 2972/3503/2266 2984/3515/2278
f  2984/3515/2278 2983/3514/2277 2971/3502/2265
f  2972/3503/2266 2973/3504/2267 2985/3516/2279
f  2985/3516/2279 2984/3515/2278 2972/3503/2266
f  2973/3504/2267 2164/2577/1458 2177/2590/1471
f  2177/2590/1471 2985/3516/2279 2973/3504/2267
f  2969/3500/2263 2968/3499/2262 2982/3513/2276
f  2982/3513/2276 2980/3511/2274 2969/3500/2263
f  2969/3500/2263 2949/3480/2243 2944/3475/2238
f  2944/3475/2238 2963/3494/2257 2969/3500/2263
f  2963/3494/2257 2944/3475/2238 2938/3469/2232
f  2938/3469/2232 2951/3482/2245 2963/3494/2257
f  2951/3482/2245 2938/3469/2232 2939/3470/2233
f  2939/3470/2233 2952/3483/2246 2951/3482/2245
f  2986/3517/2280 2987/3518/2281 2888/3419/2182
f  2888/3419/2182 2842/3373/2136 2986/3517/2280
f  2988/3519/2282 2989/3520/2283 2894/3425/2188
f  2894/3425/2188 2889/3420/2183 2988/3519/2282
f  2987/3518/2281 2988/3519/2282 2889/3420/2183
f  2889/3420/2183 2888/3419/2182 2987/3518/2281
f  2841/3372/2135 2844/3375/2138 2853/3384/2147
f  2853/3384/2147 2860/3391/2154 2841/3372/2135
f  2856/3387/2150 2868/3399/2162 2865/3396/2159
f  2865/3396/2159 2861/3392/2155 2856/3387/2150
f  2868/3399/2162 2871/3402/2165 2866/3397/2160
f  2866/3397/2160 2865/3396/2159 2868/3399/2162
f  2860/3391/2154 2853/3384/2147 2856/3387/2150
f  2856/3387/2150 2861/3392/2155 2860/3391/2154
f  2878/3409/2172 2986/3517/2280 2842/3373/2136
f  2842/3373/2136 2841/3372/2135 2878/3409/2172
f  2990/3521/2284 2985/3516/2279 2177/2590/1471
f  2177/2590/1471 2183/2596/1477 2990/3521/2284
f  2183/2596/1477 2185/2598/1479 2991/3522/2285
f  2991/3522/2285 2990/3521/2284 2183/2596/1477
f  2992/3523/2286 2984/3515/2278 2985/3516/2279
f  2985/3516/2279 2990/3521/2284 2992/3523/2286
f  2993/3524/2287 2983/3514/2277 2984/3515/2278
f  2984/3515/2278 2992/3523/2286 2993/3524/2287
f  2994/3525/2288 2981/3512/2275 2983/3514/2277
f  2983/3514/2277 2993/3524/2287 2994/3525/2288
f  2995/3526/2289 2982/3513/2276 2981/3512/2275
f  2981/3512/2275 2994/3525/2288 2995/3526/2289
f  2996/3527/2290 2980/3511/2274 2982/3513/2276
f  2982/3513/2276 2995/3526/2289 2996/3527/2290
f  2997/3528/2291 2976/3507/2270 2980/3511/2274
f  2980/3511/2274 2996/3527/2290 2997/3528/2291
f  2998/3529/2292 2974/3505/2268 2976/3507/2270
f  2976/3507/2270 2997/3528/2291 2998/3529/2292
f  2999/3530/2293 2975/3506/2269 2974/3505/2268
f  2974/3505/2268 2998/3529/2292 2999/3530/2293
f  3000/3531/2294 2977/3508/2271 2975/3506/2269
f  2975/3506/2269 2999/3530/2293 3000/3531/2294
f  3001/3532/2295 2978/3509/2272 2977/3508/2271
f  2977/3508/2271 3000/3531/2294 3001/3532/2295
f  3002/3533/2296 2979/3510/2273 2978/3509/2272
f  2978/3509/2272 3001/3532/2295 3002/3533/2296
f  3003/3534/2297 3004/3535/2298 2998/3529/2292
f  2998/3529/2292 2997/3528/2291 3003/3534/2297
f  3004/3535/2298 3005/3536/2299 2999/3530/2293
f  2999/3530/2293 2998/3529/2292 3004/3535/2298
f  3005/3536/2299 3006/3537/2300 3000/3531/2294
f  3000/3531/2294 2999/3530/2293 3005/3536/2299
f  3006/3537/2300 3007/3538/2301 3001/3532/2295
f  3001/3532/2295 3000/3531/2294 3006/3537/2300
f  3008/3539/2302 3002/3533/2296 3001/3532/2295
f  3001/3532/2295 3007/3538/2301 3008/3539/2302
f  3009/3540/2303 3010/3541/2304 3011/3542/2305
f  3011/3542/2305 3012/3543/2306 3009/3540/2303
f  3013/3544/2307 3014/3545/2308 3011/3542/2305
f  3011/3542/2305 3010/3541/2304 3013/3544/2307
f  3015/3546/2309 3016/3547/2310 3012/3543/2306
f  3012/3543/2306 3011/3542/2305 3015/3546/2309
f  3015/3546/2309 2851/3382/2145 2847/3378/2141
f  2847/3378/2141 3016/3547/2310 3015/3546/2309
f  3017/3548/2311 2893/3424/2187 2851/3382/2145
f  2851/3382/2145 3015/3546/2309 3017/3548/2311
f  3011/3542/2305 3014/3545/2308 3017/3548/2311
f  3017/3548/2311 3015/3546/2309 3011/3542/2305
f  3018/3549/2312 2905/3436/2199 2906/3437/2200
f  2906/3437/2200 2911/3442/2205 3018/3549/2312
f  3018/3549/2312 2911/3442/2205 2893/3424/2187
f  2893/3424/2187 3017/3548/2311 3018/3549/2312
f  3018/3549/2312 3017/3548/2311 3014/3545/2308
f  3016/3547/2310 2847/3378/2141 2850/3381/2144
f  2850/3381/2144 3019/3550/2313 3016/3547/2310
f  3020/3551/2314 3012/3543/2306 3016/3547/2310
f  3016/3547/2310 3019/3550/2313 3020/3551/2314
f  3020/3551/2314 3021/3552/2315 3009/3540/2303
f  3009/3540/2303 3012/3543/2306 3020/3551/2314
f  2850/3381/2144 2895/3426/2189 3022/3553/2316
f  3022/3553/2316 3019/3550/2313 2850/3381/2144
f  3023/3554/2317 3020/3551/2314 3019/3550/2313
f  3019/3550/2313 3022/3553/2316 3023/3554/2317
f  3023/3554/2317 3024/3555/2318 3021/3552/2315
f  3021/3552/2315 3020/3551/2314 3023/3554/2317
f  3025/3556/2319 3026/3557/2320 3024/3555/2318
f  3024/3555/2318 3023/3554/2317 3025/3556/2319
f  3027/3558/2321 3026/3557/2320 3025/3556/2319
f  3025/3556/2319 3028/3559/2322 3027/3558/2321
f  3029/3560/2323 3027/3558/2321 3028/3559/2322
f  3028/3559/2322 3030/3561/2324 3029/3560/2323
f  3030/3561/2324 2987/3518/2281 2986/3517/2280
f  2986/3517/2280 3029/3560/2323 3030/3561/2324
f  3023/3554/2317 3022/3553/2316 3031/3562/2325
f  3031/3562/2325 3025/3556/2319 3023/3554/2317
f  3028/3559/2322 3025/3556/2319 3031/3562/2325
f  3031/3562/2325 3032/3563/2326 3028/3559/2322
f  3030/3561/2324 3028/3559/2322 3032/3563/2326
f  3032/3563/2326 3033/3564/2327 3030/3561/2324
f  3033/3564/2327 2988/3519/2282 2987/3518/2281
f  2987/3518/2281 3030/3561/2324 3033/3564/2327
f  3032/3563/2326 2989/3520/2283 2988/3519/2282
f  2988/3519/2282 3033/3564/2327 3032/3563/2326
f  3031/3562/2325 2894/3425/2188 2989/3520/2283
f  2989/3520/2283 3032/3563/2326 3031/3562/2325
f  2895/3426/2189 2894/3425/2188 3031/3562/2325
f  3031/3562/2325 3022/3553/2316 2895/3426/2189
f  2859/3390/2153 2862/3393/2156 2863/3394/2157
f  2863/3394/2157 2878/3409/2172 2859/3390/2153
f  2986/3517/2280 2878/3409/2172 3034/3565/2328
f  3034/3565/2328 3029/3560/2323 2986/3517/2280
f  2864/3395/2158 3034/3565/2328 2878/3409/2172
f  2878/3409/2172 2863/3394/2157 2864/3395/2158
f  3035/3566/2329 3027/3558/2321 3029/3560/2323
f  3029/3560/2323 3034/3565/2328 3035/3566/2329
f  2864/3395/2158 2867/3398/2161 3035/3566/2329
f  3035/3566/2329 3034/3565/2328 2864/3395/2158
f  3036/3567/2330 3026/3557/2320 3027/3558/2321
f  3027/3558/2321 3035/3566/2329 3036/3567/2330
f  3037/3568/2331 3024/3555/2318 3026/3557/2320
f  3026/3557/2320 3036/3567/2330 3037/3568/2331
f  3037/3568/2331 3038/3569/2332 3021/3552/2315
f  3021/3552/2315 3024/3555/2318 3037/3568/2331
f  2867/3398/2161 2866/3397/2160 3036/3567/2330
f  3036/3567/2330 3035/3566/2329 2867/3398/2161
f  2866/3397/2160 2871/3402/2165 3037/3568/2331
f  3037/3568/2331 3036/3567/2330 2866/3397/2160
f  2871/3402/2165 2870/3401/2164 3038/3569/2332
f  3038/3569/2332 3037/3568/2331 2871/3402/2165
f  3039/3570/2333 2873/3404/2167 2875/3406/2169
f  2875/3406/2169 2979/3510/2273 3039/3570/2333
f  3039/3570/2333 2979/3510/2273 3002/3533/2296
f  3002/3533/2296 3040/3571/2334 3039/3570/2333
f  3040/3571/2334 3002/3533/2296 3008/3539/2302
f  3008/3539/2302 3041/3572/2335 3040/3571/2334
f  3041/3572/2335 3008/3539/2302 3042/3573/2336
f  3042/3573/2336 3043/3574/2337 3041/3572/2335
f  3043/3574/2337 3044/3575/2338 3045/3576/2339
f  3045/3576/2339 3041/3572/2335 3043/3574/2337
f  3045/3576/2339 3044/3575/2338 3046/3577/2340
f  3046/3577/2340 3047/3578/2341 3045/3576/2339
f  3048/3579/2342 3047/3578/2341 3046/3577/2340
f  3046/3577/2340 3049/3580/2343 3048/3579/2342
f  3050/3581/2344 3048/3579/2342 3049/3580/2343
f  3049/3580/2343 3051/3582/2345 3050/3581/2344
f  3050/3581/2344 3051/3582/2345 3013/3544/2307
f  3013/3544/2307 3010/3541/2304 3050/3581/2344
f  3052/3583/2346 3040/3571/2334 3041/3572/2335
f  3041/3572/2335 3045/3576/2339 3052/3583/2346
f  3052/3583/2346 3045/3576/2339 3047/3578/2341
f  3047/3578/2341 3053/3584/2347 3052/3583/2346
f  3053/3584/2347 3047/3578/2341 3048/3579/2342
f  3048/3579/2342 3054/3585/2348 3053/3584/2347
f  3054/3585/2348 3048/3579/2342 3050/3581/2344
f  3050/3581/2344 3055/3586/2349 3054/3585/2348
f  3055/3586/2349 3050/3581/2344 3010/3541/2304
f  3010/3541/2304 3009/3540/2303 3055/3586/2349
f  3009/3540/2303 3021/3552/2315 3056/3587/2350
f  3056/3587/2350 3055/3586/2349 3009/3540/2303
f  3057/3588/2351 3054/3585/2348 3055/3586/2349
f  3055/3586/2349 3056/3587/2350 3057/3588/2351
f  3021/3552/2315 3038/3569/2332 3057/3588/2351
f  3057/3588/2351 3056/3587/2350 3021/3552/2315
f  2870/3401/2164 3058/3589/2352 3057/3588/2351
f  3057/3588/2351 3038/3569/2332 2870/3401/2164
f  3059/3590/2353 3039/3570/2333 3040/3571/2334
f  3040/3571/2334 3052/3583/2346 3059/3590/2353
f  3059/3590/2353 3060/3591/2354 2873/3404/2167
f  2873/3404/2167 3039/3570/2333 3059/3590/2353
f  2870/3401/2164 2873/3404/2167 3060/3591/2354
f  3060/3591/2354 3058/3589/2352 2870/3401/2164
f  3061/3592/2355 3053/3584/2347 3054/3585/2348
f  3054/3585/2348 3057/3588/2351 3061/3592/2355
f  3061/3592/2355 3059/3590/2353 3052/3583/2346
f  3052/3583/2346 3053/3584/2347 3061/3592/2355
f  3060/3591/2354 3059/3590/2353 3061/3592/2355
f  3061/3592/2355 3058/3589/2352 3060/3591/2354
f  3058/3589/2352 3061/3592/2355 3057/3588/2351
f  3062/3593/2356 3042/3573/2336 3008/3539/2302
f  3008/3539/2302 3007/3538/2301 3062/3593/2356
f  3007/3538/2301 3006/3537/2300 3063/3594/2357
f  3063/3594/2357 3062/3593/2356 3007/3538/2301
f  3006/3537/2300 3005/3536/2299 3064/3595/2358
f  3064/3595/2358 3063/3594/2357 3006/3537/2300
f  3005/3536/2299 3004/3535/2298 3065/3596/2359
f  3065/3596/2359 3064/3595/2358 3005/3536/2299
f  3004/3535/2298 3003/3534/2297 3066/3597/2360
f  3066/3597/2360 3065/3596/2359 3004/3535/2298
f  3003/3534/2297 3067/3598/2361 3068/3599/2362
f  3068/3599/2362 3066/3597/2360 3003/3534/2297
f  3067/3598/2361 3069/3600/2363 3070/3601/2364
f  3070/3601/2364 3068/3599/2362 3067/3598/2361
f  3069/3600/2363 3071/3602/2365 3072/3603/2366
f  3072/3603/2366 3070/3601/2364 3069/3600/2363
f  3071/3602/2365 3073/3604/2367 3074/3605/2368
f  3074/3605/2368 3072/3603/2366 3071/3602/2365
f  3073/3604/2367 3075/3606/2369 3076/3607/2370
f  3076/3607/2370 3074/3605/2368 3073/3604/2367
f  3075/3606/2369 2991/3522/2285 3077/3608/2371
f  3077/3608/2371 3076/3607/2370 3075/3606/2369
f  2991/3522/2285 2185/2598/1479 2272/2685/1566
f  2272/2685/1566 3077/3608/2371 2991/3522/2285
f  2273/2688/1567 2150/2687/1444 2961/3609/2255
f  2961/3609/2255 2959/3610/2253 2273/2688/1567
f  2959/3610/2253 2957/3611/2251 3078/3612/2372
f  3078/3612/2372 2273/2688/1567 2959/3610/2253
f  3079/3613/2373 2275/2692/1569 2273/2688/1567
f  2273/2688/1567 3078/3612/2372 3079/3613/2373
f  3080/3614/2374 2277/2694/1571 2275/2692/1569
f  2275/2692/1569 3079/3613/2373 3080/3614/2374
f  2957/3611/2251 2955/3615/2249 3081/3616/2375
f  3081/3616/2375 3078/3612/2372 2957/3611/2251
f  3082/3617/2376 3079/3613/2373 3078/3612/2372
f  3078/3612/2372 3081/3616/2375 3082/3617/2376
f  3083/3618/2377 3080/3614/2374 3079/3613/2373
f  3079/3613/2373 3082/3617/2376 3083/3618/2377
f  2955/3615/2249 2953/3619/2247 3084/3620/2378
f  3084/3620/2378 3081/3616/2375 2955/3615/2249
f  3085/3621/2379 3082/3617/2376 3081/3616/2375
f  3081/3616/2375 3084/3620/2378 3085/3621/2379
f  3086/3622/2380 3083/3618/2377 3082/3617/2376
f  3082/3617/2376 3085/3621/2379 3086/3622/2380
f  2952/3623/2246 3087/3624/2381 3084/3620/2378
f  3084/3620/2378 2953/3619/2247 2952/3623/2246
f  2939/3625/2233 2937/3626/2231 3087/3624/2381
f  3087/3624/2381 2952/3623/2246 2939/3625/2233
f  3088/3627/2382 3085/3621/2379 3084/3620/2378
f  3084/3620/2378 3087/3624/2381 3088/3627/2382
f  3089/3628/2383 3086/3622/2380 3085/3621/2379
f  3085/3621/2379 3088/3627/2382 3089/3628/2383
f  2937/3626/2231 2935/3629/2229 3090/3630/2384
f  3090/3630/2384 3087/3624/2381 2937/3626/2231
f  3091/3631/2385 3088/3627/2382 3087/3624/2381
f  3087/3624/2381 3090/3630/2384 3091/3631/2385
f  3092/3632/2386 3089/3628/2383 3088/3627/2382
f  3088/3627/2382 3091/3631/2385 3092/3632/2386
f  2935/3629/2229 2933/3633/2227 3093/3634/2387
f  3093/3634/2387 3090/3630/2384 2935/3629/2229
f  3094/3635/2388 3091/3631/2385 3090/3630/2384
f  3090/3630/2384 3093/3634/2387 3094/3635/2388
f  3095/3636/2389 3092/3632/2386 3091/3631/2385
f  3091/3631/2385 3094/3635/2388 3095/3636/2389
f  2931/3637/2225 3096/3638/2390 3093/3634/2387
f  3093/3634/2387 2933/3633/2227 2931/3637/2225
f  2925/3639/2219 3097/3640/2391 3096/3638/2390
f  3096/3638/2390 2931/3637/2225 2925/3639/2219
f  2924/3641/2218 3098/3642/2392 3097/3640/2391
f  3097/3640/2391 2925/3639/2219 2924/3641/2218
f  2923/3643/2217 3099/3644/2393 3098/3642/2392
f  3098/3642/2392 2924/3641/2218 2923/3643/2217
f  2923/3643/2217 2922/3645/2216 3100/3646/2394
f  3100/3646/2394 3099/3644/2393 2923/3643/2217
f  2922/3645/2216 2921/3647/2215 3101/3648/2395
f  3101/3648/2395 3100/3646/2394 2922/3645/2216
f  2921/3647/2215 2920/3649/2214 3102/3650/2396
f  3102/3650/2396 3101/3648/2395 2921/3647/2215
f  2920/3649/2214 2916/3651/2210 3103/3652/2397
f  3103/3652/2397 3102/3650/2396 2920/3649/2214
f  2916/3651/2210 2898/3653/2192 3104/3654/2398
f  3104/3654/2398 3103/3652/2397 2916/3651/2210
f  2898/3653/2192 2897/3655/2191 3105/3656/2399
f  3105/3656/2399 3104/3654/2398 2898/3653/2192
f  2897/3655/2191 2901/3657/2195 3106/3658/2400
f  3106/3658/2400 3105/3656/2399 2897/3655/2191
f  2901/3657/2195 2903/3659/2197 3107/3660/2401
f  3107/3660/2401 3106/3658/2400 2901/3657/2195
f  2903/3659/2197 2905/3661/2199 3108/3662/2402
f  3108/3662/2402 3107/3660/2401 2903/3659/2197
f  3108/3662/2402 2905/3661/2199 3018/3663/2312
f  3018/3663/2312 3109/3664/2403 3108/3662/2402
f  3110/3665/2404 3094/3635/2388 3093/3634/2387
f  3093/3634/2387 3096/3638/2390 3110/3665/2404
f  3096/3638/2390 3097/3640/2391 3111/3666/2405
f  3111/3666/2405 3110/3665/2404 3096/3638/2390
f  3112/3667/2406 3095/3636/2389 3094/3635/2388
f  3094/3635/2388 3110/3665/2404 3112/3667/2406
f  3111/3666/2405 3113/3668/2407 3112/3667/2406
f  3112/3667/2406 3110/3665/2404 3111/3666/2405
f  3097/3640/2391 3098/3642/2392 3113/3668/2407
f  3113/3668/2407 3111/3666/2405 3097/3640/2391
f  3109/3664/2403 3114/3669/2408 3115/3670/2409
f  3115/3670/2409 3108/3662/2402 3109/3664/2403
f  3114/3669/2408 596/3671/283 590/3672/277
f  590/3672/277 3115/3670/2409 3114/3669/2408
f  3116/3673/2410 3107/3660/2401 3108/3662/2402
f  3108/3662/2402 3115/3670/2409 3116/3673/2410
f  3117/3674/2411 3106/3658/2400 3107/3660/2401
f  3107/3660/2401 3116/3673/2410 3117/3674/2411
f  3118/3675/2412 3105/3656/2399 3106/3658/2400
f  3106/3658/2400 3117/3674/2411 3118/3675/2412
f  3119/3676/2413 3104/3654/2398 3105/3656/2399
f  3105/3656/2399 3118/3675/2412 3119/3676/2413
f  3120/3677/2414 3103/3652/2397 3104/3654/2398
f  3104/3654/2398 3119/3676/2413 3120/3677/2414
f  3121/3678/2415 3102/3650/2396 3103/3652/2397
f  3103/3652/2397 3120/3677/2414 3121/3678/2415
f  3122/3679/2416 3101/3648/2395 3102/3650/2396
f  3102/3650/2396 3121/3678/2415 3122/3679/2416
f  3100/3646/2394 3101/3648/2395 3122/3679/2416
f  3122/3679/2416 3123/3680/2417 3100/3646/2394
f  590/3672/277 584/3681/271 3116/3673/2410
f  3116/3673/2410 3115/3670/2409 590/3672/277
f  584/3681/271 578/3682/265 3117/3674/2411
f  3117/3674/2411 3116/3673/2410 584/3681/271
f  578/3682/265 577/3683/264 3118/3675/2412
f  3118/3675/2412 3117/3674/2411 578/3682/265
f  577/3683/264 644/3684/331 3119/3676/2413
f  3119/3676/2413 3118/3675/2412 577/3683/264
f  644/3684/331 640/3685/327 3120/3677/2414
f  3120/3677/2414 3119/3676/2413 644/3684/331
f  640/3685/327 562/3686/249 3121/3678/2415
f  3121/3678/2415 3120/3677/2414 640/3685/327
f  562/3686/249 560/3687/247 3122/3679/2416
f  3122/3679/2416 3121/3678/2415 562/3686/249
f  560/3687/247 558/3688/245 3123/3680/2417
f  3123/3680/2417 3122/3679/2416 560/3687/247
f  3098/3642/2392 3099/3644/2393 3124/3689/2418
f  3124/3689/2418 3113/3668/2407 3098/3642/2392
f  3124/3689/2418 3099/3644/2393 3100/3646/2394
f  3100/3646/2394 3123/3680/2417 3124/3689/2418
f  3125/3690/2419 3112/3667/2406 3113/3668/2407
f  3113/3668/2407 3124/3689/2418 3125/3690/2419
f  3123/3680/2417 558/3688/245 3125/3690/2419
f  3125/3690/2419 3124/3689/2418 3123/3680/2417
f  3126/3691/2420 3095/3636/2389 3112/3667/2406
f  3112/3667/2406 3125/3690/2419 3126/3691/2420
f  556/3692/243 3126/3691/2420 3125/3690/2419
f  3125/3690/2419 558/3688/245 556/3692/243
f  3127/3693/2421 3092/3632/2386 3095/3636/2389
f  3095/3636/2389 3126/3691/2420 3127/3693/2421
f  554/3694/241 3127/3693/2421 3126/3691/2420
f  3126/3691/2420 556/3692/243 554/3694/241
f  3128/3695/2422 3089/3628/2383 3092/3632/2386
f  3092/3632/2386 3127/3693/2421 3128/3695/2422
f  552/3696/239 3128/3695/2422 3127/3693/2421
f  3127/3693/2421 554/3694/241 552/3696/239
f  3129/3697/2423 3086/3622/2380 3089/3628/2383
f  3089/3628/2383 3128/3695/2422 3129/3697/2423
f  550/3698/237 3129/3697/2423 3128/3695/2422
f  3128/3695/2422 552/3696/239 550/3698/237
f  3130/3699/2424 3083/3618/2377 3086/3622/2380
f  3086/3622/2380 3129/3697/2423 3130/3699/2424
f  548/3700/235 3130/3699/2424 3129/3697/2423
f  3129/3697/2423 550/3698/237 548/3700/235
f  3131/3701/2425 3080/3614/2374 3083/3618/2377
f  3083/3618/2377 3130/3699/2424 3131/3701/2425
f  547/3702/234 3131/3701/2425 3130/3699/2424
f  3130/3699/2424 548/3700/235 547/3702/234
f  2330/2784/1624 2277/2694/1571 3080/3614/2374
f  3080/3614/2374 3131/3701/2425 2330/2784/1624
f  115/2785/115 2330/2784/1624 3131/3701/2425
f  3131/3701/2425 547/3702/234 115/2785/115
f  2837/3359/2131 580/3371/267 570/3703/257
f  570/3703/257 3132/3704/2426 2837/3359/2131
f  569/3705/256 3133/3706/2427 3132/3704/2426
f  3132/3704/2426 570/3703/257 569/3705/256
f  642/3707/329 3134/3708/2428 3133/3706/2427
f  3133/3706/2427 569/3705/256 642/3707/329
f  634/3709/321 3135/3710/2429 3134/3708/2428
f  3134/3708/2428 642/3707/329 634/3709/321
f  632/3711/319 3136/3712/2430 3135/3710/2429
f  3135/3710/2429 634/3709/321 632/3711/319
f  630/3713/317 3137/3714/2431 3136/3712/2430
f  3136/3712/2430 632/3711/319 630/3713/317
f  596/3671/283 3114/3669/2408 3138/3715/2432
f  3138/3715/2432 602/3716/289 596/3671/283
f  608/3717/295 602/3716/289 3138/3715/2432
f  3138/3715/2432 3139/3718/2433 608/3717/295
f  3140/3719/2434 618/3720/305 608/3717/295
f  608/3717/295 3139/3718/2433 3140/3719/2434
f  3141/3721/2435 626/3722/313 618/3720/305
f  618/3720/305 3140/3719/2434 3141/3721/2435
f  3141/3721/2435 3137/3723/2431 630/3724/317
f  630/3724/317 626/3722/313 3141/3721/2435
f  3114/3669/2408 3142/3725/2436 3143/3726/2437
f  3143/3726/2437 3144/3727/2438 3114/3669/2408
f  3139/3718/2433 3144/3727/2438 3143/3726/2437
f  3143/3726/2437 3140/3719/2434 3139/3718/2433
f  3145/3728/2439 3141/3721/2435 3140/3719/2434
f  3140/3719/2434 3143/3726/2437 3145/3728/2439
f  3141/3721/2435 3145/3728/2439 3137/3723/2431
f  3138/3715/2432 3114/3669/2408 3144/3727/2438
f  3144/3727/2438 3139/3718/2433 3138/3715/2432
f  3142/3725/2436 3114/3669/2408 3109/3664/2403
f  3109/3664/2403 3146/3729/2440 3142/3725/2436
f  3109/3664/2403 3018/3663/2312 3014/3730/2308
f  3014/3730/2308 3146/3729/2440 3109/3664/2403

